{"id":77,"producers":[
{"lat":48.817088,"lng":3.059015,"name":"Le Fournil Briard","web":"","txt":"Boulanger","wiki":null,"tel":"0164037331","postCode":77120,"city":"Mouroux","addr":"42 rue du Bois Pouty ","cat":"A","email":"","suspect":0}
,{"lat":48.951216,"lng":2.848096,"name":"MARCHE DE RUTEL","web":"","txt":"Producteur de fruits, fleurs et légumes","wiki":null,"tel":"0164334409","postCode":77124,"city":"Villenoy","addr":"route de Rutel ","cat":"A","email":"","suspect":0}
,{"lat":48.233578,"lng":2.626155,"name":"SCEA FERME DE CHATENOY","web":"","txt":"POLYCULTEUR ELEVEUR OVIN VIANDE","wiki":null,"tel":"0164287895","postCode":77167,"city":"Châtenoy","addr":"1 RUE DE LA MAIRIE 77167 CHATENOY","cat":"A","email":"","suspect":0}
,{"lat":48.239396,"lng":2.697675,"name":"Exploitation agricole","web":"","txt":"Agriculteur","wiki":null,"tel":"0164280783","postCode":77167,"city":"Bagneaux-sur-Loing","addr":"4 rue du Maulny 77167 Bagneaux sur loing","cat":"A","email":"","suspect":0}
,{"lat":48.73988,"lng":2.794952,"name":"EARL de Courcelles","web":"","txt":"Agriculteur","wiki":null,"tel":"0683196762","postCode":77220,"city":"Tournan-en-Brie","addr":"Ferme de Courcelles ","cat":"A","email":"","suspect":0}
,{"lat":48.947457,"lng":3.078967,"name":"apijim","web":"","txt":"jeune apiculteur qui s'installe en seine et marne 77","wiki":null,"tel":"0772145400","postCode":77260,"city":"Sammeron","addr":" 79 rue de metz","cat":"AA","email":"apijim51@outlook.fr","suspect":0}
,{"lat":48.698573,"lng":3.241535,"name":"EARL ABIT","web":"","txt":"Arboriculteur","wiki":null,"tel":"0658819555","postCode":77320,"city":"Beton-Bazoches","addr":"Route national 4 - Fortail 77320 BETON BAZOCHES","cat":"A","email":"","suspect":0}
,{"lat":48.767053,"lng":3.284435,"name":"EARL LEROUX","web":"","txt":"Agriculteur","wiki":null,"tel":"0611100322","postCode":77320,"city":"La Ferté-Gaucher","addr":"Ferme du Chanoy 77320 La-Ferté-Gaucher","cat":"A","email":"","suspect":0}
,{"lat":48.878189,"lng":2.695736,"name":"Abeilles et Miel","web":"","txt":"Apiculteur","wiki":null,"tel":"0686361743","postCode":77400,"city":"Lagny-sur-Marne","addr":"18 rue Marthe Aureau ","cat":"A","email":"","suspect":0}
,{"lat":48.982273,"lng":2.781098,"name":"La Fraiseraie de l'étang","web":"","txt":"Producteur, agriculteur","wiki":null,"tel":"0675092021","postCode":77410,"city":"Villeroy","addr":"La fraiseraie de l'étang ","cat":"A","email":"","suspect":0}
,{"lat":48.396133,"lng":2.79679,"name":"brasserie du pays de seine et loing","web":"https://www.biere77.fr","txt":"Production et vente de bière artisanale dans le sud de la seine et marne.\nNotre démarche est de proposer de vraies bonnes bières à des tarifs abordables\n\nvente pour les pros mais aussi pour les particuliers","wiki":null,"tel":"0664028087","postCode":77430,"city":"Champagne-sur-Seine","addr":" 3 rue de Normandie","cat":"AB","email":"","suspect":0}
,{"lat":49.059668,"lng":2.988809,"name":"DuwerGerald","web":"","txt":"agriculteur eleveur","wiki":null,"tel":"0623113085","postCode":77440,"city":"Le Plessis-Placy","addr":"ferme de tréslong 77440 le plessis placy","cat":"A","email":"","suspect":0}
,{"lat":48.191576,"lng":2.833721,"name":"La Ferme de Floé","web":"","txt":"Agriculteur","wiki":null,"tel":"0629656728","postCode":77460,"city":"Chaintreaux","addr":"Hameau Floe ","cat":"A","email":"","suspect":0}
,{"lat":48.968843,"lng":2.93073,"name":"maurice de poincy","web":"https://mauricedepoincy.fr/","txt":"Maraîcher","wiki":null,"tel":"0456372087","postCode":77470,"city":"Poincy","addr":" 40 Rue de Dampleger","cat":"AM","email":"mauricep.neocamino@gmail.com","suspect":0}
,{"lat":48.729,"lng":2.955873,"name":"Cueillette du Plessis","web":"","txt":"Maraîcher","wiki":null,"tel":"0164429405","postCode":77540,"city":"Lumigny-Nesles-Ormeaux","addr":"Route de Lumigny 77540 Lumigny","cat":"A","email":"","suspect":0}
,{"lat":48.597877,"lng":2.621751,"name":"la ferme d'eprunes","web":"https://www.ferme-eprunes.fr/","txt":"Agriculteur","wiki":null,"tel":"0164884301","postCode":77550,"city":"Réau","addr":" Ferme d'Eprunes","cat":"AM","email":"magasin@ferme-eprunes.fr","suspect":0}
,{"lat":48.151932,"lng":2.566368,"name":"SARL GATINORGE","web":"","txt":"Agriculteurs et producteurs de Bière","wiki":null,"tel":"0671929823","postCode":77570,"city":"Mondreville","addr":"6 Hameau de Pilvernier 77570 MONDREVILLE","cat":"A","email":"","suspect":0}
,{"lat":48.726777,"lng":2.878442,"name":"La Ferme du Moulin","web":"","txt":"Aviculteur","wiki":null,"tel":"0164252210","postCode":77610,"city":"Marles-en-Brie","addr":"Ferme du Moulin ","cat":"A","email":"","suspect":0}
,{"lat":48.7465,"lng":2.87567,"name":"Les Jardins de la Houssiette","web":"","txt":"Maraîcher","wiki":null,"tel":"0686154308","postCode":77610,"city":"La Houssaye-en-Brie","addr":"170 Sente de la Basse Houssiette 77610 La-Houssaye-en-Brie","cat":"A","email":"","suspect":0}
,{"lat":48.897632,"lng":2.84881,"name":"metaczyk'api","web":"https://metaczykapi.jimdo.com/","txt":"Apicultrice","wiki":null,"tel":"0667011114","postCode":77860,"city":"Quincy-Voisins","addr":"24 sentier des cailloux 77860 QUINCY-VOISINS","cat":"AA","email":"metaczyk.api@gmail.com","suspect":0}
,{"lat":48.454415,"lng":2.760635,"name":"verger d'Ulysse","web":"","txt":"arboriculteur","wiki":null,"tel":"0605026742","postCode":77920,"city":"Samois-sur-Seine","addr":"CHE DU PETIT BARBEAU ","cat":"A","email":"","suspect":0}
,{"lat":48.50603,"lng":2.531708,"name":"SARL Les Jardins de Brinville","web":"","txt":"Maraîcher","wiki":null,"tel":"0607485222","postCode":77930,"city":"Saint-Sauveur-sur-École","addr":"Allée du Château Vert 77930 Saint-Sauveur-sur-Ecole","cat":"A","email":"","suspect":0}
,{"lat":48.313872,"lng":2.921856,"name":"SCEA du Lavoir","web":"","txt":"Maraîcher","wiki":null,"tel":"0681674184","postCode":77940,"city":"Flagy","addr":"11 rue de l'Orvanne ","cat":"A","email":"","suspect":0}
,{"lat":48.575031,"lng":2.664396,"name":"Cueillette de Voisenon","web":"","txt":"maraicher","wiki":null,"tel":"0677545120","postCode":77950,"city":"Voisenon","addr":"51 rue des écoles 77950 VOISENON","cat":"A","email":"","suspect":0}
]}