{"id":61,"producers":[
{"lat":48.822491,"lng":-0.408407,"name":"la buttinière","web":"","txt":"Production de légumes et petits fruits Bio à Série Fontaine","wiki":null,"tel":"0636557716","postCode":61100,"city":"Athis-Val de Rouvre","addr":" 16, route de la Gervaisière 61100 Ségrie-Fontaine ","cat":"AM","email":"labuttiniere@gmail.com","suspect":0}
,{"lat":48.827549,"lng":-0.443015,"name":"thierry heroux","web":"","txt":"Cultivateur de fruits et légumes dans la ville de La Lande St-Siméon.","wiki":null,"tel":"0971228826","postCode":61100,"city":"La Lande-Saint-Siméon","addr":" La Nolière ","cat":"AM","email":"","suspect":0}
,{"lat":48.77497,"lng":-0.452328,"name":"COULEUR BOIS","web":"http://www.couleur-bois.fr","txt":"Peintre sur bois","wiki":null,"tel":"0233665533","postCode":61100,"city":"Athis-Val de Rouvre","addr":"Le bourg, 61100 la Carneille","cat":"OO","email":"benedicteheroux@tele2.fr","suspect":0}
,{"lat":48.830734,"lng":-0.583279,"name":"L'ATELIER DE CAMPAGNE DECOR'INNE","web":"http://www.decor-inne.com","txt":" Peintre sur bois","wiki":null,"tel":"0670827781","postCode":61100,"city":"Montilly-sur-Noireau","addr":"La Maillardière, 61100 Aubusson","cat":"OE","email":"contact@decor-inne.com","suspect":0}
,{"lat":48.435914,"lng":0.876695,"name":"atelier restauration mobilier d'art","web":"http://www.atelier-restauration-art.com","txt":"Vernisseur au tampon ","wiki":null,"tel":"0610467401","postCode":61110,"city":"Bretoncelles","addr":"Zone Industrielle La Booz, ","cat":"OO","email":"elodie@atelier-restauration-art.com","suspect":0}
,{"lat":48.379055,"lng":0.852809,"name":"EBENISTERIE MATHIEU VATH","web":"http://ebenisterie-mathieuvath.fr","txt":"Vernisseur au tampon ","wiki":null,"tel":"0670250522","postCode":61110,"city":"Sablons sur Huisne","addr":"22 rue Michel Meillant, 61110 SABLONS SUR HUISNE","cat":"OO","email":"mathieuvath@me.com","suspect":0}
,{"lat":48.92828,"lng":0.199425,"name":"Les P’tits Bio du Coin","web":"https://www.facebook.com/Les-ptits-bio-du-coin-100267598026139/","txt":"Produits : Rayon bio","wiki":null,"tel":"","postCode":61120,"city":"Vimoutiers","addr":"9 Rue du Perré ","cat":"AG","email":"","suspect":0}
,{"lat":48.288792,"lng":0.579379,"name":"ei bertrand happe","web":"","txt":"Mangeons local c'est l'idéal.\n\nProducteur de légume et de fruits rouges en agriculture raisonnée.\nVente direct : Jeudi et vendredi : 15h à 17h.","wiki":null,"tel":"0675579581","postCode":61130,"city":"Saint-Germain-de-la-Coudre","addr":" 9 la beauchardière ","cat":"AM","email":"bertrand.happe@hotmail.com","suspect":0}
,{"lat":48.854215,"lng":-0.02274,"name":"AU CADRAN D'EN TEMPS","web":"","txt":"Restaurateurs de montres de collection","wiki":null,"tel":"0668511307","postCode":61160,"city":"Ommoy","addr":"Le Bourg Ommoy, ","cat":"OB","email":"aucadrandentemps@hotmail.fr","suspect":0}
,{"lat":48.626313,"lng":0.780518,"name":"du jardin à la bouche","web":"https://www.facebook.com/dujardinalabouche/","txt":"Maraichage biologique\nConfitures \nOeufs biologique\nVente de Plants\nJus de pomme \nVente de produits transformés","wiki":null,"tel":"","postCode":61190,"city":"Charencey","addr":" Moussonvilliers 61190 Moussonvilliers ","cat":"AMVO","email":"dujardinalabouche@gmail.com","suspect":0}
,{"lat":48.745302,"lng":-0.01888,"name":"HISTOIRE DE PASSÉ","web":"","txt":" Tapissier d'ameublement/tapissier décorateur","wiki":null,"tel":"0674538537","postCode":61200,"city":"Argentan","addr":"4, rue de la Poterie, 61200 ARGENTAN","cat":"OE","email":"jl.ruffaut@worldonline.fr","suspect":0}
,{"lat":48.745179,"lng":-0.020485,"name":"LE DIABLE AU CADRAN","web":"","txt":" Fabricant et restaurateur d'horloges, carillons, pendules, aiguilles, balanciers","wiki":null,"tel":"0233360793","postCode":61200,"city":"Argentan","addr":"15, rue de la Vicomté, ","cat":"OB","email":"jflefevre@pendulier.com","suspect":0}
,{"lat":48.795244,"lng":-0.294701,"name":"planète abeilles","web":"","txt":"L'exploitation agricole de Rabodanges produit du miels.","wiki":null,"tel":"0679437586","postCode":61210,"city":"Putanges-le-Lac","addr":" Les Meserettes 61210 Rabodanges ","cat":"AA","email":"","suspect":0}
,{"lat":48.389106,"lng":-0.025269,"name":"L'ATELIER D'AMÉLIE","web":"http://artisan viking-l'atelier d'Amélie","txt":"Restaurateur de meubles","wiki":null,"tel":"0233267764","postCode":61250,"city":"Saint-Céneri-le-Gérei","addr":"Rue le Cormier, 61 250 St Céneri le Gerei","cat":"OE","email":"rometc@yahoo.fr","suspect":0}
,{"lat":48.748177,"lng":0.53628,"name":"ATELIER NICOLAS AUTIN","web":"http://www.atelier-nicolas-autin.com","txt":"Tailleur de pierre","wiki":null,"tel":"0630813881","postCode":61270,"city":"Beaufai","addr":"Le Bourg Ancienne fabrique, 25190 Liebvillers","cat":"OZ","email":"nicolas.autin@gmail.com","suspect":0}
,{"lat":48.509254,"lng":0.803026,"name":"ANNICK DIEU","web":"http://www.annickdieu.fr","txt":" Peintre en décor","wiki":null,"tel":"0662840797","postCode":61290,"city":"Le Mage","addr":"19 Grande Rue, ","cat":"OE","email":"dieu.annick@orange.fr","suspect":0}
,{"lat":48.567921,"lng":0.728602,"name":"Atelier EGLANTINES","web":"http://porcelaines-eglantines.com","txt":" Peintre en décor","wiki":null,"tel":"0760701563","postCode":61290,"city":"Longny les Villages","addr":"Les Epasses, 61290 MOULICENT","cat":"OE","email":"sylvieguillot1@orange.fr","suspect":0}
,{"lat":48.509127,"lng":0.806625,"name":"LES GIROUETTES DU MAGE","web":"http://girouettesdumage.over-blog.com","txt":" Fabricant de girouettes et d'éléments de faîtage","wiki":null,"tel":"0233736260","postCode":61290,"city":"Le Mage","addr":"2, rue de la Croix Marion, ","cat":"OM","email":"girouettes-du-mage@orange.fr","suspect":0}
,{"lat":48.778954,"lng":0.601907,"name":"Le Bois Réenchanté","web":"http://https://le-bois-reenchante.business.site/","txt":" Peintre sur bois","wiki":null,"tel":"0673803143","postCode":61300,"city":"L'Aigle","addr":"Lieu-dit Le Halboudet, ","cat":"OO","email":"contact.leboisreenchante@gmail.com","suspect":0}
,{"lat":48.355646,"lng":0.669545,"name":"jérémie ouy","web":"","txt":"Producteur d'arbres fruitiers, légumineuses, céréales, boissons et produits laitiers.","wiki":null,"tel":"0233734385","postCode":61340,"city":"Perche en Nocé","addr":" La Chevrolière 61340 Nocé ","cat":"AF","email":"","suspect":0}
,{"lat":48.547073,"lng":-0.789598,"name":"confiture la bouyardière","web":"https://fr.labouyardiere.fr/shop","txt":"Confiture réalisée à la main à Saint-Mars-d'Égrenne, Normandie. Préparation artisanale à base de fruits. Achetez nos confitures en ligne sur fr.labouyardiere.fr/shop , dans nos chambres d'hôtes, sur les marchés locaux et chez les détaillants.","wiki":null,"tel":"0786124941","postCode":61350,"city":"Saint-Mars-d'Égrenne","addr":" La Bouyardière ","cat":"AF","email":"confiture@labouyardiere.com","suspect":0}
,{"lat":48.732537,"lng":0.462286,"name":"la ferme sources de vie","web":"https://www.facebook.com/LaFermeSourcesDeVie","txt":"La Ferme Sources de Vie,\nUn petit Paradis Normand chargé d'histoire situé dans la vallée de la Risle, entre la Forêt Domaniale de Saint-Evroult et la Forêt Domaniale de Moulins-Bonsmoulins, au nord du Parc naturel régional du Perche.\nSur les chemins sacrés de Saint-Evroult, nous sommes engagés également dans la conservation de l’abeille noire française et du patrimoine régional.","wiki":null,"tel":"0662108048","postCode":61370,"city":"Saint-Pierre-des-Loges","addr":" La Boutrais","cat":"A","email":"lafermesourcesdevie@gmail.com","suspect":0}
,{"lat":48.714313,"lng":0.428682,"name":"AU PASSÉ RECOMPOSÉ","web":"http://www.aupasserecompose.com","txt":"Vernisseur au tampon ","wiki":null,"tel":"0233246062","postCode":61370,"city":"Sainte-Gauburge-Sainte-Colombe","addr":"19, rue du Mt St Michel, 61370 Ste Gauburge Ste Colombe","cat":"OD","email":"olivier.camus-apr@wanadoo.fr","suspect":0}
,{"lat":48.60706,"lng":0.519348,"name":"les phytophages","web":"","txt":"Production de plants de plantes aromatiques, classiques et exotiques, de plantes ornementales d'intérieur et d'extérieur, de plantes sauvages de Normandie, de manière écologique et la plus respectueuse de l'environnement.","wiki":null,"tel":"0781506802","postCode":61380,"city":"Soligny-la-Trappe","addr":" Le Bas Sannière ","cat":"P","email":"nicolas.a@live.fr","suspect":0}
,{"lat":48.627183,"lng":0.35681,"name":"la cave d'orgueil","web":"https://www.facebook.com/boutiquedelacavedorgueil/","txt":"Producteur de cidre,  poiré et jus de pommes bio.\nApéritif \"Prestige de Pomme\". Calvados.\nEn boutique: un grand choix de produits de Normandie","wiki":null,"tel":"0233284035","postCode":61390,"city":"Courtomer","addr":" 22 place Albert Roger","cat":"AB","email":"contact@lacavedorgueil.fr","suspect":0}
,{"lat":48.622641,"lng":0.291759,"name":"RAIMBOURG DOMINIQUE","web":"","txt":"Vernisseur au tampon ","wiki":null,"tel":"0624235452","postCode":61390,"city":"Gâprée","addr":"L'étrier Le Bourg, 61390 GAPREE","cat":"OO","email":"atelieraimbourg@gmail.com","suspect":0}
,{"lat":48.499362,"lng":0.633315,"name":"la ferme valdieu","web":"","txt":"Produits issus de l'agriculture biologique, en permaculture.\nLégumes et fruits.\nVente à la ferme le mercredi de 17h à 19h et le samedi de 15h à 18h.\nPossibilité de commander des paniers sur le site : www.fermevaldieu.com","wiki":null,"tel":"","postCode":61400,"city":"Saint-Mard-de-Réno","addr":" Lieu-dit la Poussinière ","cat":"AM","email":"thierryhazard.cd@gmail.com","suspect":0}
,{"lat":48.532223,"lng":-0.017868,"name":"ChaPo Artextiles","web":"http://https://www.chapo-artextiles.fr/","txt":"Dentellier","wiki":null,"tel":"0677726243","postCode":61420,"city":"L'Orée-d'Écouves","addr":"La Ratterie Livaie, 61420 L'Orée d'Ecouves","cat":"HD","email":"contact@chapo-artextiles.fr","suspect":0}
,{"lat":48.666754,"lng":-0.512229,"name":"ATELIER KONTAKT","web":"http://lesatelierskontakt.com/","txt":" Imprimeur en sérigraphie","wiki":null,"tel":"0781301903","postCode":61450,"city":"La Ferrière-aux-Étangs","addr":"ZA Vircoq, 61450 la Ferrière aux Etangs","cat":"OD","email":"clairepoudret@hotmail.fr","suspect":0}
,{"lat":48.593454,"lng":0.174209,"name":"Le Cabas du Coin","web":"www.lecabasducoin.com","txt":"Produits : Rayon bio, Fruits, Légumes, Viandes, Traiteur et charcuterie, Volaille et lapin, Fromages, Oeufs et produits laitiers, Pain et patisseries, Miels et confitures, Huiles et vinaigres, Épicerie, Jus et sirops","wiki":null,"tel":"0233279250","postCode":61500,"city":"Sées","addr":"Rue du 11 Novembre 1918 Lycée Agricole Auguste Loutreuil ","cat":"AG","email":"","suspect":0}
,{"lat":48.677365,"lng":0.114361,"name":"gaec l'oasis du désert","web":"","txt":"Production de légumes Agriculture Biologique en Maraîchage Sol Vivant","wiki":null,"tel":"0627156108","postCode":61570,"city":"Le Château-d'Almenêches","addr":" Le Désert ","cat":"AM","email":"legumesdudesert@gmail.com","suspect":0}
,{"lat":48.605059,"lng":-0.359035,"name":"ATELIER DE SCULPTURE PASCAL POIRIER/ BOIS ET PIERRE","web":"http://www.restauration-tapis-tapisseries.fr","txt":"Restaurateur de textiles","wiki":null,"tel":"0233300870","postCode":61600,"city":"La Ferté Macé","addr":"99, avenue du Président Coty, 61600 La Ferté-Macé","cat":"HT","email":"lusseau.poirier@orange.fr","suspect":0}
,{"lat":48.575221,"lng":-0.342541,"name":"PATRICIA DENTELLE","web":"http://patriciadentelle.com","txt":" Dentellier","wiki":null,"tel":"0233381896","postCode":61600,"city":"Magny-le-Désert","addr":"La Roulerie, 61600 Magny Le Désert","cat":"HD","email":"patriciadentelle@sfr.fr","suspect":0}
,{"lat":48.646366,"lng":-0.707939,"name":"tanguy et adèle laurent","web":"","txt":"Producteurs d'arbres fruitiers, céréales transformées et produits laitiers.","wiki":null,"tel":"0233370399","postCode":61700,"city":"Lonlay-l'Abbaye","addr":" La Touche 61700 Domfront ","cat":"AF","email":"","suspect":0}
,{"lat":48.67082,"lng":-0.736975,"name":"le potager des gourmets","web":"","txt":"Le Potager des Gourmets produits des fruits et légumes.","wiki":null,"tel":"0233386401","postCode":61700,"city":"Lonlay-l'Abbaye","addr":" Lieu-dit la Colliardère ","cat":"AM","email":"","suspect":0}
]}