{"id":42,"producers":[
{"lat":45.442724,"lng":4.369401,"name":"LAURENCE GROYER","web":"","txt":" Tailleur-couturier","wiki":null,"tel":"0662595027","postCode":42000,"city":"Saint-Étienne","addr":"10, boulevard du Maréchal de Lattre de tassigny, 85160 Saint Jean de Monts","cat":"O","email":"crealo@free.fr"}
,{"lat":45.436357,"lng":4.389857,"name":"HORLOGERIE ZIMMERMANN","web":"http://www.zim-horloger.fr","txt":"Restaurateurs de montres de collection","wiki":null,"tel":"0616959563","postCode":42000,"city":"Saint-Étienne","addr":"26 rue Denis Escoffier, 42000 Saint Etienne","cat":"O","email":"zim-horloger@orange.fr"}
,{"lat":45.4417,"lng":4.374893,"name":"JEAN-JACQUES RIVOIRE","web":"http://www.rivoire-lutbier.com","txt":" Luthier","wiki":null,"tel":"0687410071","postCode":42000,"city":"Saint-Étienne","addr":"40 rue Saint Just, 42000 Saint-Etienne","cat":"O","email":"jrivoire@aol.com"}
,{"lat":45.43112,"lng":4.389535,"name":"PASCAL HEURTEBISE,ARTISAN TAPISSIER DECORATEUR","web":"http://www.siegesdefrance.com","txt":" Tapissier d'ameublement/tapissier décorateur","wiki":null,"tel":"0607548931","postCode":42000,"city":"Saint-Étienne","addr":"45, rue Gambetta, 42000 SAINT-ETIENNE","cat":"O","email":"pascal.heurtebise@free.fr"}
,{"lat":45.439505,"lng":4.398477,"name":"ATELIER PIK","web":"http://www.pik.fr","txt":"Bijoutier fantaisie","wiki":null,"tel":"0603511759","postCode":42100,"city":"Saint-Étienne","addr":"10 rue des alliés, ","cat":"O","email":"contact@pik.fr"}
,{"lat":45.742941,"lng":4.217272,"name":"O 2 Z'ARTS GRAVEUR CISELEUR S/METAUX","web":"http://brunonveronique.blog4ever.com/blog/index-300844.html","txt":"Graveur","wiki":null,"tel":"0687917990","postCode":42110,"city":"Feurs","addr":"la lagrue, 42110 feurs","cat":"O","email":"viccos@hotmail.fr"}
,{"lat":45.634424,"lng":4.398852,"name":"la brasserie la fardoloise","web":"http://www.lafarlodoise.fr/","txt":"La Brasserie la Fardoloise propose toute une sélection de bières évoluant au fil des brassins et des saisons issues d’une refermentation en fûts et en bouteilles.","wiki":null,"tel":"0973108472","postCode":42140,"city":"Chazelles-sur-Lyon","addr":" 3 Avenue du 8 mai 1945","cat":"AB","email":"info@lafarlodoise.fr"}
,{"lat":45.598264,"lng":4.412394,"name":"ATELIER FER FORGE","web":"http://www.decfer.com","txt":"Sculpteur sur métal","wiki":null,"tel":"0477940174","postCode":42140,"city":"Chevrières","addr":"Savigneux, ","cat":"O","email":"aaadec@free.fr"}
,{"lat":46.05064,"lng":4.061881,"name":"ESPACE DÉCOR AUGOYARD ATELIER SOFA","web":"http://www.tapissier-augoyard.com","txt":" Tapissier d'ameublement/tapissier décorateur","wiki":null,"tel":"0477700438","postCode":42153,"city":"Riorges","addr":"Aristide briand 311, 42153 riorges","cat":"O","email":"atelier.augoyard@wanadoo.fr"}
,{"lat":45.964728,"lng":4.011989,"name":"Atelier Sylphe","web":"http://www.ateliersylphe.com/","txt":"Fabricant d'accessoires de mode","wiki":null,"tel":"0628048759","postCode":42155,"city":"Saint-Jean-Saint-Maurice-sur-Loire","addr":"5 passage du Prieur, 42155 st jean st Maurice sur Loire","cat":"O","email":"ateliersylphe@free.fr"}
,{"lat":45.964533,"lng":4.011568,"name":"BIJOUX DE L'OPPIDUM","web":"http://www.bijoux-oppidum.com","txt":" Ferronnier","wiki":null,"tel":"0477631973","postCode":42155,"city":"Saint-Jean-Saint-Maurice-sur-Loire","addr":"Ruelle des Comtes du Forez, 42155 Saint-Jean Saint-Maurice","cat":"O","email":"francoisallier@orange.fr"}
,{"lat":45.516619,"lng":4.276367,"name":"VERRERIE DE SAINT-JUST","web":"http://www.saint-just.com","txt":"Verrier à la main","wiki":null,"tel":"0477362121","postCode":42170,"city":"Saint-Just-Saint-Rambert","addr":"ZI La Verrerie, 42176 Saint-Just Saint-Rambert","cat":"O","email":"saint-just@saint-gobain.com"}
,{"lat":46.187866,"lng":4.087484,"name":"eirl le fruit de l'olivier grec","web":"http://www.lefruitdeloliviergrec.com","txt":"Vente de l'huile d'olive  des producteurs grecs.\nVente de la tapenade et des olives de la variété de \"Kalamata\"","wiki":null,"tel":"0645829153","postCode":42190,"city":"Saint-Pierre-la-Noaille","addr":" 1041 Route de la Noaille","cat":"A","email":"lefruitdeloliviergrec@gmail.com"}
,{"lat":45.831003,"lng":4.012122,"name":"ATELIER DU VAL D'AIX","web":"","txt":" Tisserand","wiki":null,"tel":"0610544797","postCode":42260,"city":"Saint-Germain-Laval","addr":"15 rue de la génétine, ","cat":"O","email":"odiletisse@gmail.com"}
,{"lat":46.040455,"lng":4.058067,"name":"Grain de Sel - Res Mirum","web":"http://www.resmirum.com","txt":" Bijoutier en métaux précieux","wiki":null,"tel":"0426244747","postCode":42300,"city":"Roanne","addr":"32 rue Emile Zola, ","cat":"O","email":"contact@resmirum.com"}
,{"lat":46.037109,"lng":4.072271,"name":"Les Ateliers d'Art","web":"http://www.lesateliersdart.net","txt":" Formier ","wiki":null,"tel":"0663221149","postCode":42300,"city":"Roanne","addr":"76 Rue du Maréchal Foch, 42300 ROANNE","cat":"O","email":"ovtcharenkogg@gmail.com"}
,{"lat":46.033747,"lng":4.076905,"name":"MARYVONNE LE GAILLARD","web":"","txt":"Restaurateur de faïence et de porcelaine","wiki":null,"tel":"0477722147","postCode":42300,"city":"Roanne","addr":"10, rue Jean Puy RDC, ","cat":"O","email":"mlg.art@laposte.net"}
,{"lat":46.129052,"lng":3.830071,"name":"Florence Russo- (Atelier) va et vient","web":"http://tissage.vaetvient.fr","txt":" Tisserand","wiki":null,"tel":"0619312711","postCode":42310,"city":"Saint-Bonnet-des-Quarts","addr":"Le bourg, ","cat":"O","email":"florencerusso@vaetvient.fr"}
,{"lat":45.587758,"lng":4.371596,"name":"Ferronnerie d'art Laurent Deganne","web":"http://www.ferronnerie-deganne.com","txt":" Ferronnier","wiki":null,"tel":"0683294909","postCode":42330,"city":"Saint-Médard-en-Forez","addr":"Zone Artisanale Sagnelonge, ","cat":"O","email":"ferronnerie.deganne@gmail.com"}
,{"lat":46.053365,"lng":3.894066,"name":"Cheminées ROFFAT","web":"http://www.roffatcheminees.fr","txt":" Maître-âtrier","wiki":null,"tel":"0663638437","postCode":42370,"city":"Renaison","addr":"La Panetière, 42370 RENAISON","cat":"O","email":"hugues.mosnier@gmail.com"}
,{"lat":45.41728,"lng":4.681879,"name":"TISSAGE B. ORIOL","web":"","txt":" Tisserand","wiki":null,"tel":"0474877055","postCode":42410,"city":"Pélussin","addr":"8-15 rue de la Ranconie, 42410 PELUSSIN","cat":"O","email":""}
,{"lat":45.920382,"lng":3.840334,"name":"LITERIE BRISSAY-CHÂTRE - CARDELAINE","web":"http://www.cardelaine.fr","txt":" Tapissier d'ameublement/tapissier décorateur","wiki":null,"tel":"0636722976","postCode":42430,"city":"Saint-Just-en-Chevalet","addr":"Les Rivières - Chemin de la Carderie, 42430 SAINT-JUST-EN-CHEVALET","cat":"O","email":"cardelaine@wanadoo.fr"}
,{"lat":46.092031,"lng":4.303854,"name":"MEUBLES GILLES BRETTON","web":"http://www.bretton.fr","txt":"Restaurateur de meubles","wiki":null,"tel":"0474898071","postCode":42460,"city":"Sevelinges","addr":"Lieu dit Lamure, 42460 Sévelinges","cat":"O","email":"contact@bretton.fr"}
,{"lat":45.342387,"lng":4.642848,"name":"les fruits du vernat","web":"http://www.lesfruitsduvernat.fr","txt":"Nous proposons en vente directe des pommes, poires et jus de fruits issus de terroirs de qualité et d'une agriculture raisonnée et durable!\nDes variétés de saison, pour tous les goûts!!","wiki":null,"tel":"0650043526","postCode":42520,"city":"Saint-Appolinard","addr":" 588, route du Vernat","cat":"AF","email":"lesfruitsduvernat@gmail.com"}
,{"lat":45.35125,"lng":4.683164,"name":"la ferme aux mille fruits","web":"","txt":"La Ferme aux Mille Fruits cultive fruits et légumes et confectionne avec ses récoltes des produits dérivés (boissons, condiments,...).","wiki":null,"tel":"0474873584","postCode":42520,"city":"Maclas","addr":" Chorée ","cat":"AM","email":"lafermeauxmillefruits@gmail.com"}
,{"lat":45.366538,"lng":4.654282,"name":"Le Charme des Patines","web":"","txt":" Peintre sur bois","wiki":null,"tel":"0648035942","postCode":42520,"city":"Véranne","addr":"101 Chemin de Charamel, 42520 VERANNE","cat":"O","email":"stephanieplasson@free.fr"}
,{"lat":46.187495,"lng":4.246822,"name":"la ferme d antan","web":"https://www.facebook.com/profile.php?id=100063935044992","txt":"producteurs de divers produits réalises à l'ancienne\nmoutardes aromatisées, charcuterie diverses, plats cuisinés, soupe, confiture, amuse bouche apéritive, desserts.\nvente principalement sur commande , je propose aussi les repas pour des évènements","wiki":null,"tel":"0767031548","postCode":42750,"city":"Maizilly","addr":" RUE DE L'AUBERGE","cat":"AG","email":"lafermedantan71@gmail.com"}
,{"lat":46.173013,"lng":4.208741,"name":"aux légumes de sornin","web":"","txt":"Cultivateur de légumes de saisons à Saint-Denis-de-Cabanne.","wiki":null,"tel":"0674640490","postCode":42750,"city":"Saint-Denis-de-Cabanne","addr":" 46 route du Vieux Bourg","cat":"AM","email":""}
,{"lat":45.799216,"lng":4.280684,"name":"ATELIER L'ESTAMPILLE","web":"http://www.atelier-lestampille.fr","txt":" Peintre décorateur sur tissu","wiki":null,"tel":"0477280614","postCode":42810,"city":"Rozier-en-Donzy","addr":"Rue des montagnes du matin, 42810 Rozier en Donzy","cat":"O","email":"atelier.lestampille@orange.fr"}
,{"lat":46.035858,"lng":4.222747,"name":"roses de montagny","web":"","txt":"Producteurs de roses fleurs coupées de mai à novembre. Vente sur les marchés et sur l'exploitation.","wiki":null,"tel":"0615050850","postCode":42840,"city":"Montagny","addr":" Roche","cat":"A","email":"lionel.broniarz@sfr.fr"}
,{"lat":45.706945,"lng":3.849618,"name":"la source distillerie","web":"https://www.lasource-distillerie.fr/","txt":"La Source Distillerie élabore des boissons apéritives et digestives à base de plantes locales. Mais aussi des moutardes, des vinaigres et du miel.","wiki":null,"tel":"0658446372","postCode":42920,"city":"Chalmazel-Jeansagnière","addr":" Nermond 42920 Chalmazel ","cat":"AA","email":"contact@lasource-distillerie.fr"}
]}