{"id":24,"producers":[
{"lat":45.189958,"lng":0.709404,"name":"ATELIER DU PIANO","web":"http://atelier-du-piano.com","txt":" Facteur et restaurateur de pianos","wiki":null,"tel":"0676929357","postCode":24000,"city":"Périgueux","addr":"Michel Roulland 28, 24000 PERIGUEUX","cat":"OL","email":"atelierdupiano24@orange.fr","suspect":0}
,{"lat":45.185328,"lng":0.712544,"name":"CHARTRAIN","web":"","txt":"Tapissier d'ameublement/tapissier décorateur","wiki":null,"tel":"0553084393","postCode":24000,"city":"Périgueux","addr":"71, avenue du Maréchal Juin, 24000 Perigueux","cat":"OE","email":"chartrain.entreprise@gmail.com","suspect":0}
,{"lat":45.18295,"lng":0.719643,"name":"Claire Lecreux","web":"http://www.ateliermataguerre.fr","txt":" Céramiste","wiki":null,"tel":"0553094479","postCode":24000,"city":"Périgueux","addr":"Atelier Mataguerre 1 rue de la Selle, 24000 PERIGUEUX","cat":"OP","email":"th.villette@laposte.net","suspect":0}
,{"lat":45.184958,"lng":0.722436,"name":"L'ATELIER DU VITRAIL DU PÉRIGORD","web":"","txt":" Maître-verrier (ou Vitrailliste)","wiki":null,"tel":"0671092426","postCode":24000,"city":"Périgueux","addr":"5, rue LANMARY, ","cat":"OR","email":"contact@vitrailperigord.fr","suspect":0}
,{"lat":45.182977,"lng":0.721036,"name":"MAROQUINERIE  NB  CUIR","web":"","txt":" Maroquinier","wiki":null,"tel":"","postCode":24000,"city":"Périgueux","addr":"23, rue Aubergerie, ","cat":"OT","email":"noel.birot@orange.fr","suspect":0}
,{"lat":45.183994,"lng":0.716544,"name":"Bon Poids et Compagnie","web":"","txt":"","wiki":null,"tel":"0553078845","postCode":24000,"city":"Périgueux","addr":"19 rue du Président Wilson ","cat":"AG","email":"","suspect":0}
,{"lat":45.199894,"lng":0.681641,"name":"Campagne Productions","web":"","txt":"","wiki":null,"tel":"0553464190","postCode":24000,"city":"Périgueux","addr":"290 Route d’Angoulème ","cat":"AG","email":"","suspect":0}
,{"lat":44.870707,"lng":0.491656,"name":"PODESTAT CRÉATIONS","web":"http://www.podestat-creations.com","txt":" Ennoblisseur textile","wiki":null,"tel":"0553243550","postCode":24100,"city":"Bergerac","addr":"Podestat, ","cat":"HD","email":"podestatcreations@orange.fr","suspect":0}
,{"lat":45.197713,"lng":0.568686,"name":"la ferme de sirieix","web":"","txt":"La ferme de Sirieix est une entreprise familiale de maraîchage naturel. \nNous n'utilisons pas de produits chimiques sur nos cultures.\nNous vendons exclusivement des fruits et légumes de saisons que nous avons nous même produit.\nNous faisons des ventes à la ferme tous les samedis de 16h à 19h et le reste de la semaine sur rendez vous.","wiki":null,"tel":"0664397821","postCode":24110,"city":"Léguillac-de-l'Auche","addr":" Lieu dit sirieix","cat":"AM","email":"Lafermedesirieix@gmail.com","suspect":0}
,{"lat":45.089986,"lng":1.37603,"name":"Serge Froidefont","web":"","txt":"agriculteur","wiki":null,"tel":"0676152174","postCode":24120,"city":"Les Coteaux Périgourdins","addr":"LES LANDES, 12 24120 CHAVAGNAC","cat":"A","email":"","suspect":0}
,{"lat":45.14025,"lng":1.263772,"name":"CHARLOTTE ROMAIN ATELIER","web":"http://www.charlotteromain.com","txt":" Maître-verrier (ou Vitrailliste)","wiki":null,"tel":"0609361416","postCode":24120,"city":"Terrasson-Lavilledieu","addr":"Chemin de la rivière, 24120 Terrasson Lavilledieu","cat":"OR","email":"charlotte.romain@free.fr","suspect":0}
,{"lat":45.114817,"lng":1.321291,"name":"DE SAINT EXUPÉRY","web":"","txt":"Métallier - Serrurrier","wiki":null,"tel":"0553500005","postCode":24120,"city":"Terrasson-Lavilledieu","addr":"Château du Fraysse, 24120 Terrasson Lavilledieu","cat":"OM","email":"lefraysse@sfr.fr","suspect":0}
,{"lat":45.120657,"lng":1.304607,"name":"Hélène Goydadin","web":"http://www.helenegoydadin.com","txt":"Peintre en décor","wiki":null,"tel":"0683426192","postCode":24120,"city":"Terrasson-Lavilledieu","addr":"Le rajol, 24120 Terrasson Lavilledieu","cat":"OD","email":"mail@helenegoydadin.com","suspect":0}
,{"lat":45.072176,"lng":1.321353,"name":"MICHEL VALEYRE","web":"http://michelvaleyre.com","txt":"Sculpteur sur bois","wiki":null,"tel":"0608629856","postCode":24120,"city":"La Dornac","addr":"Le Pouch del Bos, 24120 Ladornac","cat":"OO","email":"valeyre.michel@gmail.com","suspect":0}
,{"lat":44.857309,"lng":0.411459,"name":"Nature Viande","web":"","txt":"Éleveur bovin","wiki":null,"tel":"0553575226","postCode":24130,"city":"Prigonrieux","addr":"Renaudat ","cat":"A","email":"","suspect":0}
,{"lat":44.884681,"lng":0.250363,"name":"ART ET SOL","web":"","txt":"Tuilier","wiki":null,"tel":"0688109990","postCode":24130,"city":"Le Fleix","addr":"Route de Mussidan La Mallevieille, ","cat":"OM","email":"contact@art-et-sol.fr","suspect":0}
,{"lat":45.028804,"lng":0.549438,"name":"ATELIER DE DORURE SUR BOIS","web":"","txt":" Doreur-ornemaniste","wiki":null,"tel":"0677545850","postCode":24140,"city":"Villamblard","addr":"Chemin de Mérigue Est, ","cat":"OO","email":"ec.mathieu@orange.fr","suspect":0}
,{"lat":44.832772,"lng":0.704362,"name":"Escale à la Ferme","web":"","txt":"Produits : Rayon bio, Fruits, Légumes, Viandes, Volaille et lapin, Fromages, Oeufs et produits laitiers, Miels et confitures, Huiles et vinaigres, Épicerie, Vins et alcools, Jus et sirops","wiki":null,"tel":"0553273548","postCode":24150,"city":"Lalinde","addr":"Avenue des Marronniers ","cat":"AG","email":"","suspect":0}
,{"lat":45.317195,"lng":1.013778,"name":"maison révidat","web":"","txt":"Producteur de légumes et noix depuis 1894, nous sommes situés sur la commune de Saint-Pantaly-d’Excideuil.","wiki":null,"tel":"0685281401","postCode":24160,"city":"Saint-Pantaly-d'Excideuil","addr":" Rue du pont","cat":"AM","email":"maison.revidat@gmail.com","suspect":0}
,{"lat":45.360384,"lng":1.045258,"name":"le potager de la vergne","web":"","txt":"Maraîcher","wiki":null,"tel":"0687945419","postCode":24160,"city":"Clermont-d'Excideuil","addr":"la vergne 24160 clermont d'excideuil","cat":"AM","email":"lepotagerdelavergne@gmail.com","suspect":0}
,{"lat":45.324173,"lng":1.221796,"name":"ferme grattepanche geoffrey","web":"","txt":"agriculteur","wiki":null,"tel":"0650869833","postCode":24160,"city":"Salagnac","addr":"la robertie 24160 salagnac","cat":"A","email":"","suspect":0}
,{"lat":44.748172,"lng":1.121888,"name":"EARL Les Mazades","web":"","txt":"Apiculteur","wiki":null,"tel":"0553286058","postCode":24170,"city":"Saint-Laurent-la-Vallée","addr":"Le Meynissou ","cat":"A","email":"","suspect":0}
,{"lat":44.759426,"lng":1.116619,"name":"EARL DU TAU","web":"","txt":"PRODUCTEUR","wiki":null,"tel":"0553284049","postCode":24170,"city":"Saint-Laurent-la-Vallée","addr":"LE TAU 24170 SAINT LAURENT LA VALLEE","cat":"A","email":"","suspect":0}
,{"lat":44.742029,"lng":0.993757,"name":"L'Atelier Bleu - Aux deux Ateliers","web":"http://latelierbleu-encadrement.fr","txt":" Encadreur","wiki":null,"tel":"0606424641","postCode":24170,"city":"Larzac","addr":"La Borie Neuve, 24240 THENAC","cat":"OO","email":"christine.atelierbleu@gmail.com","suspect":0}
,{"lat":44.776724,"lng":1.008324,"name":"La Boutique du Terroir","web":"http://www.certiferme.com/blog/index.php?id=1982","txt":"Produits : Fruits, Légumes, Poissons, Viandes, Volaille et lapin, Fromages, Oeufs et produits laitiers, Pain et patisseries, Miels et confitures, Huiles et vinaigres, Épicerie, Vins et alcools, Jus et sirops","wiki":null,"tel":"0553296307","postCode":24170,"city":"Pays de Belvès","addr":"39 Esplanade de la Brèche 24170 Belvès","cat":"AG","email":"","suspect":0}
,{"lat":44.820053,"lng":0.985364,"name":"Le Comptoir des Producteurs","web":"","txt":"","wiki":null,"tel":"0553283416","postCode":24170,"city":"Siorac-en-Périgord","addr":"Rue de la Gare ","cat":"AG","email":"","suspect":0}
,{"lat":44.869863,"lng":1.285874,"name":"LES JARDINS DE MALEVERGNE","web":"","txt":"Maraîcher","wiki":null,"tel":"0672180963","postCode":24200,"city":"Saint-Vincent-le-Paluel","addr":"Malevergne  24200 Saint Vincent Le Paluel","cat":"A","email":"","suspect":0}
,{"lat":44.872468,"lng":1.212406,"name":"Patines de la Salamandre ","web":"http://www.patines-salamandre.com","txt":" Peintre sur bois","wiki":null,"tel":"0680356176","postCode":24200,"city":"Sarlat-la-Canéda","addr":"Route de Moussidière, 24200 Sarlat la Canéda","cat":"OO","email":"contact@patines-salamandre.com","suspect":0}
,{"lat":44.900758,"lng":1.184845,"name":"Zoë Montagu","web":"http://www.zoemontagu.com","txt":" Tisserand","wiki":null,"tel":"0686873691","postCode":24200,"city":"Sarlat-la-Canéda","addr":"chemin de peinch, 24200 Sarlat","cat":"HT","email":"zoemontagu@gmail.com","suspect":0}
,{"lat":44.862972,"lng":1.253093,"name":"La Ferme de Vialard","web":"http://www.la-ferme-de-vialard.com/","txt":"Produits : Rayon bio, Fruits, Légumes, Viandes, Traiteur et charcuterie, Volaille et lapin, Fromages, Oeufs et produits laitiers, Pain et patisseries, Miels et confitures, Huiles et vinaigres, Épicerie, Vins et alcools, Jus et sirops","wiki":null,"tel":"0553319850","postCode":24200,"city":"Carsac-Aillac","addr":"Vialard ","cat":"AG","email":"","suspect":0}
,{"lat":45.210249,"lng":1.095744,"name":"les noix de fougeyrollas","web":"http://www.lesnoixdefougeyrollas.com/","txt":"boutique ouverte sauf jours de marché\nhuile et pâtisseries à base de noix","wiki":null,"tel":"0686908022","postCode":24210,"city":"Sainte-Orse","addr":" FOUGEYROLLAS","cat":"A","email":"contact@lesnoixdefougeyrollas.com","suspect":0}
,{"lat":45.229698,"lng":1.078796,"name":"les jardins de boscornut","web":"https://www.facebook.com/les.jardins.de.boscornut/","txt":"Producteur de légumes, oeufs et volailles","wiki":null,"tel":"0610371501","postCode":24210,"city":"Sainte-Orse","addr":"Boscornut, 24210 Sainte Orse","cat":"AM","email":"jardins_boscornut@laposte.net","suspect":0}
,{"lat":44.86797,"lng":1.042596,"name":"Alain Bruneau artiste sculpteur","web":"http://alain-bruneau.blogspot.com","txt":"Sculpteur sur pierre","wiki":null,"tel":"0612346763","postCode":24220,"city":"Saint-Cyprien","addr":"10 bis rue Eugène Leroy, 24220 St Cyprien","cat":"OE","email":"sculptures.bruneau@gmail.com","suspect":0}
,{"lat":44.848307,"lng":0.969856,"name":"Les Croquants","web":"","txt":"Produits : Rayon bio, Fruits, Légumes, Viandes, Traiteur et charcuterie, Volaille et lapin, Fromages, Oeufs et produits laitiers, Pain et patisseries, Miels et confitures, Huiles et vinaigres, Épicerie, Vins et alcools, Jus et sirops","wiki":null,"tel":"0553287462","postCode":24220,"city":"Coux et Bigaroque-Mouzens","addr":"Bourg 24220 Coux-et-Bigaroque","cat":"AG","email":"","suspect":0}
,{"lat":44.89101,"lng":0.125442,"name":"domaine de grimardy","web":"http://vins-bergerac-grimardy.com","txt":"Le domaine de Grimardy produit des vins bios rouges, blancs et rosés en AOC et IGP Périgord sur le terroir de Montravel en Bergeracois. Vignoble en Agriculture Biologique depuis 2013.","wiki":null,"tel":"0650575994","postCode":24230,"city":"Montazeau","addr":" 270 impasse du buisson","cat":"AB","email":"domaine.grimardy@gmail.com","suspect":0}
,{"lat":44.88814,"lng":0.093631,"name":"la grangeotte","web":"","txt":"La Grangeotte est spécialisé dans la production de noix (sèches et cerneaux) et produits dérivés (huile de noix).","wiki":null,"tel":"0951891965","postCode":24230,"city":"Saint-Vivien","addr":" Le Bourg","cat":"A","email":"","suspect":0}
,{"lat":44.876564,"lng":0.02222,"name":"Rucher des Trèfles d'Or","web":"","txt":"Apiculteur","wiki":null,"tel":"0652076850","postCode":24230,"city":"Saint-Michel-de-Montaigne","addr":"Lacheiche ","cat":"A","email":"","suspect":0}
,{"lat":44.831346,"lng":0.11274,"name":"M.R.C. WEBB","web":"","txt":" Maçon","wiki":null,"tel":"0667033048","postCode":24230,"city":"Saint-Antoine-de-Breuilh","addr":"123, rue de la Forge, 24230 ST ANTOINE DE BREUILH","cat":"OM","email":"thewebbsonweb@free.fr","suspect":0}
,{"lat":44.797505,"lng":0.439138,"name":"EARL GERTHY","web":"","txt":"VITICULTEUR","wiki":null,"tel":"0611394924","postCode":24240,"city":"Pomport","addr":"Lieu dit Larchère 24240 POMPORT","cat":"A","email":"","suspect":0}
,{"lat":44.742727,"lng":0.476027,"name":"EARL du Charmat","web":"","txt":"agricultrice","wiki":null,"tel":"0680203919","postCode":24240,"city":"Ribagnac","addr":"le charmat 24240 ribagnac","cat":"A","email":"","suspect":0}
,{"lat":44.764675,"lng":0.432705,"name":"VANNERIE DU PÉRIGORD","web":"","txt":" Vannier","wiki":null,"tel":"0553584729","postCode":24240,"city":"Sigoulès-et-Flaugeac","addr":"Les Grandes Planes, 24240 Flaugeac","cat":"OO","email":"bouyricounayre@wanadoo.fr","suspect":0}
,{"lat":44.750881,"lng":1.247374,"name":"savonnerie soleya","web":"http://www.savons-soleya.fr","txt":"Savonnière","wiki":null,"tel":"0608762718","postCode":24250,"city":"Saint-Martial-de-Nabirat","addr":" le bourg","cat":"P","email":"savons.soleya@gmail.com","suspect":0}
,{"lat":44.728778,"lng":1.263508,"name":"LA GRANGE AUX LIVRES","web":"http://www.la-grange-aux-livres.com","txt":"Restaurateur de reliures","wiki":null,"tel":"0612501872","postCode":24250,"city":"Florimont-Gaumier","addr":"La Mouline - Gaumier, ","cat":"OD","email":"la-grange-aux-livres@orange.fr","suspect":0}
,{"lat":44.943274,"lng":0.866513,"name":"le rucher du marandou","web":"http://www.rucher-marandou.fr","txt":"Apiculteur","wiki":null,"tel":"0553085241","postCode":24260,"city":"Saint-Avit-de-Vialard","addr":"le bourg 24260 Saint avit de vialard","cat":"AA","email":"producteur@rucher-marandou.fr","suspect":0}
,{"lat":44.993504,"lng":0.918697,"name":"bio bulle","web":"http://biobulle.fr","txt":"Cosmétiques, Savons et Produits d'Entretiens naturels et Bio\nProductrice pantes médicinales\nMatières Premières LOCALES\nLabellisé Nature & Progrès\nSans huile de palme, coco, karité ou autres huiles exotiques\nMade in Dordogne !\nbiobulle.fr","wiki":null,"tel":"0781552116","postCode":24260,"city":"Mauzens-et-Miremont","addr":" La Peyre","cat":"P","email":"contact@biobulle.fr","suspect":0}
,{"lat":45.013034,"lng":0.902664,"name":"Les abeilles de Jeanne","web":"","txt":"Apicultrice","wiki":null,"tel":"0689903156","postCode":24260,"city":"Saint-Félix-de-Reillac-et-Mortemart","addr":"Lieu dit Moutas 24260 saint félix de reilhac et mortemart","cat":"A","email":"","suspect":0}
,{"lat":44.904299,"lng":0.943397,"name":"La Ferme de l'agneau Jacquou","web":"","txt":"Agriculteur","wiki":null,"tel":"0621756204","postCode":24260,"city":"Le Bugue","addr":"Combe Negre ","cat":"A","email":"","suspect":0}
,{"lat":44.917866,"lng":0.927996,"name":"SARL HALU","web":"http://www.fileusedeverre.com","txt":"Verrier à la main","wiki":null,"tel":"0625882504","postCode":24260,"city":"Le Bugue","addr":"5 AVENUE DE LA REPUBLIQUE, ","cat":"OR","email":"durochsylvie@hotmail.fr","suspect":0}
,{"lat":44.915801,"lng":0.926001,"name":"La Maison Paysanne","web":"www.lamaisonpaysanne.canalblog.com","txt":"Produits : Rayon bio, Fruits, Légumes, Viandes, Traiteur et charcuterie, Volaille et lapin, Fromages, Oeufs et produits laitiers, Pain et patisseries, Miels et confitures, Huiles et vinaigres, Épicerie, Vins et alcools, Jus et sirops","wiki":null,"tel":"0553534956","postCode":24260,"city":"Le Bugue","addr":"26 Avenue de la Libération ","cat":"AG","email":"","suspect":0}
,{"lat":45.438702,"lng":1.175947,"name":"CLAUDE PUIVIF","web":"","txt":"Restaurateurs de montres de collection","wiki":null,"tel":"0683824984","postCode":24270,"city":"Angoisse","addr":"La Jarousse, ","cat":"OB","email":"","suspect":0}
,{"lat":45.066628,"lng":1.175683,"name":"Atelier des Fac-Similés du Périgord","web":"http://www.afsp-perigord.fr","txt":"Sculpteur sur pierre","wiki":null,"tel":"0553504711","postCode":24290,"city":"Montignac-Lascaux","addr":"19 bis avenue de la gare, 24290 Montignac","cat":"OE","email":"contact@afsp.fr","suspect":0}
,{"lat":45.008434,"lng":1.144372,"name":"La Terre en Feu","web":"http://laterreenfeu.fr","txt":" Céramiste","wiki":null,"tel":"0685230152","postCode":24290,"city":"Valojoulx","addr":"Le Caillou, 24290 VALOJOULX","cat":"OP","email":"sofiterre@gmail.com","suspect":0}
,{"lat":45.526054,"lng":0.660615,"name":"COUTELLERIE NONTRONNAISE","web":"http://www.coutellerie-nontronnaise.com","txt":" Coutelier","wiki":null,"tel":"0626879998","postCode":24300,"city":"Nontron","addr":"Place Paul Bert, 24300 NONTRON","cat":"OC","email":"coutellerie.nontron@wanadoo.fr","suspect":0}
,{"lat":45.508269,"lng":0.627142,"name":"PUYZILLOU OLIVIER","web":"","txt":"Sculpteur sur bois","wiki":null,"tel":"0674034125","postCode":24300,"city":"Saint-Martial-de-Valette","addr":"LA GUIZARDIE, 24300 SAINT MARTIAL DE VALETTE","cat":"OO","email":"olivier.puyzillou@wanadoo.fr","suspect":0}
,{"lat":45.555832,"lng":0.613625,"name":"GVMT CREATIONS","web":"http://https://www.thomasliorac.com","txt":" Brossier Cornier","wiki":null,"tel":"0951226446","postCode":24300,"city":"Saint-Martin-le-Pin","addr":"141 rue du 19 mars 1962, 24300 Saint Martin le Pin","cat":"OE","email":"contact@thomasliorac.com","suspect":0}
,{"lat":45.4057,"lng":0.61233,"name":"Merveille Apiculture","web":"","txt":"Apiculteur","wiki":null,"tel":"0664944174","postCode":24310,"city":"Brantôme en Périgord","addr":"Le Bourg 24310 Saint-Crépin-de-Richemont","cat":"A","email":"","suspect":0}
,{"lat":45.372567,"lng":0.579741,"name":"Or de terre","web":"http://www.ordeterre.com","txt":" Céramiste","wiki":null,"tel":"0660131968","postCode":24310,"city":"Brantôme en Périgord","addr":"Le Bourg Ancien Presbytère, La Gonterie Boulouneix, ","cat":"OP","email":"ordeterre@gmail.com","suspect":0}
,{"lat":45.343852,"lng":0.369269,"name":"le potager de la meyfrenie","web":"","txt":"Production de légumes bio diversifier \nVente directe le mercredi 16h30 à 19h","wiki":null,"tel":"0748127287","postCode":24320,"city":"Verteillac","addr":" La Meyfrenie","cat":"AM","email":"","suspect":0}
,{"lat":45.309333,"lng":0.294264,"name":"cyril harmatt","web":"","txt":"AGRICULTEUR","wiki":null,"tel":"0646195692","postCode":24320,"city":"Saint-Paul-Lizonne","addr":"la tannerie 24320 saint paul lizonne","cat":"A","email":"","suspect":0}
,{"lat":45.062141,"lng":0.899106,"name":"Ferreira De Sousa","web":"","txt":"Producteur de fraises","wiki":null,"tel":"0633337408","postCode":24330,"city":"Saint-Geyrac","addr":"La Badoulie ","cat":"A","email":"","suspect":0}
,{"lat":45.099202,"lng":0.871052,"name":"Le Claud de l'Eyzine","web":"","txt":"Elevage de volailles","wiki":null,"tel":"0633966006","postCode":24330,"city":"Saint-Pierre-de-Chignac","addr":"La Fargennerie ","cat":"A","email":"","suspect":0}
,{"lat":45.238724,"lng":0.609078,"name":"Ferme de Malledent","web":"","txt":"agriculteur","wiki":null,"tel":"0646680685","postCode":24350,"city":"La Chapelle-Gonaguet","addr":"MALLEDENT 24350 LA CHAPELLE GONAGUET","cat":"A","email":"","suspect":0}
,{"lat":45.29911,"lng":0.489691,"name":"ATELIER PIQUIFOU","web":"","txt":" Céramiste","wiki":null,"tel":"0553900268","postCode":24350,"city":"Grand-Brassac","addr":"Fonreal, 24350 GRAND-BRASSAC","cat":"OP","email":"milletpiquifou@orange.fr","suspect":0}
,{"lat":45.603582,"lng":0.528581,"name":"tappz","web":"https://www.tappz.fr","txt":"???????? Micro Brasserie locale installée à Varaignes (24) \nNous proposons une gamme de bières avec des matières premières bio et les plus locales possible","wiki":null,"tel":"0651021232","postCode":24360,"city":"Varaignes","addr":" 148 impasse des abeilles","cat":"AB","email":"contact@tappz.fr","suspect":0}
,{"lat":45.638022,"lng":0.755018,"name":"ATELIER SYLVIE WEBER","web":"http://sylvie-weber.pals.fr","txt":" Lissier","wiki":null,"tel":"0672352007","postCode":24360,"city":"Saint-Barthélemy-de-Bussière","addr":"Lieu dit Lapeyre, 24360 Saint Barthélémy de Bussière","cat":"OE","email":"syweber@yahoo.fr","suspect":0}
,{"lat":45.612092,"lng":0.530915,"name":"La Boutique des Producteurs de Varaignes","web":"","txt":"","wiki":null,"tel":"0553569199","postCode":24360,"city":"Varaignes","addr":"Le Bourg ","cat":"AG","email":"","suspect":0}
,{"lat":44.862999,"lng":1.320445,"name":"LE GRAVEUR SUR PIERRE","web":"http://www.legraveursurpierre.com","txt":" Graveur sur pierre","wiki":null,"tel":"0607883247","postCode":24370,"city":"Calviac-en-Périgord","addr":"lieu-dit Grelaud, ","cat":"OZ","email":"giuglardo.rodolphe@wanadoo.fr","suspect":0}
,{"lat":44.990431,"lng":0.822129,"name":"ô jardin de zephyr","web":"","txt":"Ô Jardin de Zephyr fabrique plusieurs variétés de tisanes et sirops.","wiki":null,"tel":"0960142308","postCode":24380,"city":"Val de Louyre et Caudeau","addr":" Les Vigeries 24380 Cendrieux ","cat":"A","email":"","suspect":0}
,{"lat":45.061318,"lng":0.669289,"name":"Christophe Héraut","web":"","txt":"Agriculteur","wiki":null,"tel":"0553547110","postCode":24380,"city":"Creyssensac-et-Pissot","addr":"Paquey ","cat":"A","email":"","suspect":0}
,{"lat":45.266943,"lng":1.14063,"name":"ATELIERS FERIGNAC","web":"","txt":"Ferronnier","wiki":null,"tel":"0553517272","postCode":24390,"city":"Hautefort","addr":"La Gare, ","cat":"OF","email":"contact@ateliers-ferignac.com","suspect":0}
,{"lat":45.297185,"lng":0.968723,"name":"ATELIER DE ","web":"http://www.sculpterre.com","txt":" Potier de terre cuite","wiki":null,"tel":"0553050959","postCode":24420,"city":"Coulaures","addr":"Lassaugour, ","cat":"OP","email":"sylvie.chevillard74@orange.fr","suspect":0}
,{"lat":45.129257,"lng":0.643238,"name":"JRGUILLAUMIE LUTHERIE","web":"http://https://luthier-guitare-dordogne.fr/","txt":" Luthier en guitare","wiki":null,"tel":"0666556407","postCode":24430,"city":"Coursac","addr":"30 route de Valadet, 24430 COURSAC","cat":"OL","email":"contact@luthier-guitare-dordogne.fr","suspect":0}
,{"lat":44.714352,"lng":0.800156,"name":"gaec ferme du roussel","web":"","txt":"Ferme en AB avec atelier naisseur engraisseur  porcs gascon , bovins viande .\nTransformation des porcs , fabrication de confitures avec le verger , produits à base de CBD avec le chanvre cultivé et fabrication d'huile et farine de noix","wiki":null,"tel":"0673199555","postCode":24440,"city":"Rampieux","addr":" 233 chemin du Roussel","cat":"AV","email":"ibonnefond@wanadoo.fr","suspect":0}
,{"lat":44.769046,"lng":0.767879,"name":"GARRIGUE","web":"http://www.beaumonsiege.eu","txt":" Tapissier d'ameublement/tapissier décorateur","wiki":null,"tel":"0607671946","postCode":24440,"city":"Beaumontois en Périgord","addr":"4, rue de l'église, 24440 Beaumont","cat":"OE","email":"c.garrigue@orange.fr","suspect":0}
,{"lat":44.767772,"lng":0.76849,"name":"Marie-Paule Thuaud","web":"http://www.mariepaulethuaud.com","txt":"Bijoutier fantaisie","wiki":null,"tel":"0613217786","postCode":24440,"city":"Beaumontois en Périgord","addr":"68, boulevard de la Résistance, 24440 Beaumontois-en-Périgord","cat":"OB","email":"mpthuaud@gmail.com","suspect":0}
,{"lat":45.58553,"lng":0.961088,"name":"la ferme des calinettes","web":"","txt":"Elevage bio de chèvres et de vaches vente de fromages service traiteur","wiki":null,"tel":"0658203275","postCode":24450,"city":"Firbeix","addr":" Le chateau","cat":"AF","email":"Lou24510@orange.fr","suspect":0}
,{"lat":45.548004,"lng":1.0261,"name":"LE RUCHER DES ARCHES","web":"","txt":"Apiculteur","wiki":null,"tel":"0610949737","postCode":24450,"city":"Saint-Priest-les-Fougères","addr":"Ciarlet 24450 Saint Priest Les Fougères","cat":"A","email":"","suspect":0}
,{"lat":45.584088,"lng":1.00236,"name":"La Ferme du Puy","web":"","txt":"Paysan biologique","wiki":null,"tel":"0553520828","postCode":24450,"city":"Saint-Pierre-de-Frugie","addr":"Le Puy ","cat":"A","email":"","suspect":0}
,{"lat":45.53404,"lng":0.758025,"name":"OUDOT Pierre safranier","web":"","txt":"Producteur de safran","wiki":null,"tel":"0553566227","postCode":24470,"city":"Champs-Romain","addr":"Les Vignes Moulin de la Valade 24 470 CHAMPS ROMAIN","cat":"A","email":"","suspect":0}
,{"lat":45.501024,"lng":0.755397,"name":"L'ATELIER DU DOREUR","web":"","txt":"Encadreur","wiki":null,"tel":"0553609229","postCode":24470,"city":"Saint-Pardoux-la-Rivière","addr":"Le Mandereau, 24470 Saint Pardoux La Rivière","cat":"OO","email":"marie_france.allafort@aliceadsl.fr","suspect":0}
,{"lat":45.49447,"lng":0.745855,"name":"FLORENT TESSIER","web":"","txt":"Décorateur étalagiste","wiki":null,"tel":"0603719789","postCode":24470,"city":"Saint-Pardoux-la-Rivière","addr":"38 rue du Dr Pierre Millet ( Place Zola ), 24470 St Pardoux la Rivière","cat":"OE","email":"f.tessier918@orange.fr","suspect":0}
,{"lat":45.494297,"lng":0.747101,"name":"KATH DE CO","web":"","txt":"Peintre en décor","wiki":null,"tel":"0622678246","postCode":24470,"city":"Saint-Pardoux-la-Rivière","addr":"74, rue Maurice Imbert, 24470 St Pardoux la Rivière","cat":"OD","email":"kathdeco@orange.fr","suspect":0}
,{"lat":44.801613,"lng":0.950452,"name":"SELLERIE DU BOURG","web":"","txt":" Sellier","wiki":null,"tel":"0629050994","postCode":24480,"city":"Urval","addr":"Le Bourg, ","cat":"OT","email":"selleriedubourg@orange.fr","suspect":0}
,{"lat":44.845593,"lng":0.910353,"name":"Localement Vôtre","web":"www.facebook.com/alexandretoson","txt":"Produits : Fruits, Légumes, Poissons, Viandes, Traiteur et charcuterie, Volaille et lapin, Fromages, Oeufs et produits laitiers, Pain et patisseries, Miels et confitures, Huiles et vinaigres, Épicerie, Vins et alcools, Jus et sirops","wiki":null,"tel":"0553617790","postCode":24480,"city":"Le Buisson-de-Cadouin","addr":"17 Rue de la République 24480 Le Buisson-De-Cadouin","cat":"AG","email":"","suspect":0}
,{"lat":45.151076,"lng":0.006338,"name":"ferme du méridien","web":"https://fermedumeridien.business.site/","txt":"Thomas Huguin Maraicher diversifié. Vente à la ferme en panier hebdomadaire contractualisé ou vente au détail.\nProduction et vente de légumes de saison extra-frais.\nVente de plants courant mai.\nLa liste des légumes vendus à la ferme sont sujets à la saisonnalité !\nPleurotes au printemps (avril-mai)\nConserves cuisinées avec les légumes de la ferme (soupes, tartinades, pesto, condiments)\nPoint relais Poiscaille pour recevoir un casier de la mer en direct des petits pêcheurs français. Conditions de vente sur leur site internet.","wiki":null,"tel":"0633182168","postCode":24490,"city":"La Roche-Chalais","addr":" rue de la Dronne","cat":"AM","email":"fermedumeridien@ecomail.fr","suspect":0}
,{"lat":44.680473,"lng":0.470289,"name":"EARL La Ferme du Terme","web":"","txt":"Éleveur de volailles","wiki":null,"tel":"0553245474","postCode":24500,"city":"Saint-Aubin-de-Cadelech","addr":"Le terme bas 24500 st aubin de cadelech","cat":"A","email":"","suspect":0}
,{"lat":44.910552,"lng":0.622373,"name":"christian david","web":"","txt":"Producteur de plantes","wiki":null,"tel":"0553224936","postCode":24520,"city":"Liorac-sur-Louyre","addr":" Eyssal","cat":"P","email":"","suspect":0}
,{"lat":45.418308,"lng":0.719732,"name":"SUE WILKS","web":"http://www.swilks.com","txt":" Peintre sur faïence","wiki":null,"tel":"0553548216","postCode":24530,"city":"Quinsac","addr":"Le Jayac, ","cat":"OE","email":"artywilks56@yahoo.fr","suspect":0}
,{"lat":44.678552,"lng":0.894518,"name":"ATELIER MARQUETERIE","web":"http://www.marqueterieplanchon.com","txt":"Marqueteur","wiki":null,"tel":"0553588003","postCode":24540,"city":"Monpazier","addr":"Foirail Sud, ","cat":"OO","email":"contact@marqueterieplanchon.com","suspect":0}
,{"lat":44.637004,"lng":0.844274,"name":"Bijoux D'Email","web":"http://www.bijouxdemail.fr","txt":" Bijoutier fantaisie","wiki":null,"tel":"0783530644","postCode":24540,"city":"Vergt-de-Biron","addr":"Presbytere, 24540 Vergt de Biron","cat":"OB","email":"delphine.geoffray24@orange.fr","suspect":0}
,{"lat":44.630471,"lng":1.080417,"name":"FORGERON COUTELIER CRÉATEUR","web":"http://www.artisans-d-art.com/erdos","txt":"Ferronnier","wiki":null,"tel":"0553595087","postCode":24550,"city":"Villefranche-du-Périgord","addr":"de l'Usine, 24550 Villefranche du Périgord","cat":"OF","email":"georges.erdos@orange.fr","suspect":0}
,{"lat":44.713797,"lng":0.532777,"name":"F.DESHAYES MENUISERIE","web":"","txt":"Restaurateur de meubles","wiki":null,"tel":"0553242251","postCode":24560,"city":"Plaisance","addr":"Les Goudouneches, ","cat":"OO","email":"menuiserie.deshayes@bbox.fr","suspect":0}
,{"lat":45.102832,"lng":1.223532,"name":"SELLERIE AUTO MOTO","web":"http://www.selleriefredout.com","txt":" Sellier","wiki":null,"tel":"0618667791","postCode":24570,"city":"Condat-sur-Vézère","addr":"43, rue d'aubas Maurival Haut, 24570 Condat sur vézére","cat":"OT","email":"christian.fredout@wanadoo.fr","suspect":0}
,{"lat":45.040757,"lng":0.952173,"name":"Rucher de la Jaubertie","web":"","txt":"Apiculteur","wiki":null,"tel":"0648155575","postCode":24580,"city":"Rouffignac-Saint-Cernin-de-Reilhac","addr":"La Jaubertie 24580 Rouffignac-Saint-Cernin","cat":"A","email":"","suspect":0}
,{"lat":45.011328,"lng":0.973012,"name":"Terre d'Escargots","web":"","txt":"Héliciculteur","wiki":null,"tel":"0553537314","postCode":24580,"city":"Rouffignac-Saint-Cernin-de-Reilhac","addr":"Lieu-dit Puybazet 24580 Rouffignac-Saint-Cernin","cat":"A","email":"","suspect":0}
,{"lat":45.039253,"lng":0.928702,"name":"La Ferme de Tourtel","web":"www.domainedetourtel.com","txt":"Produits : Rayon bio, Fruits, Légumes, Poissons, Viandes, Traiteur et charcuterie, Volaille et lapin, Fromages, Oeufs et produits laitiers, Pain et patisseries, Miels et confitures, Huiles et vinaigres, Épicerie, Vins et alcools, Jus et sirops","wiki":null,"tel":"0553054207","postCode":24580,"city":"Rouffignac-Saint-Cernin-de-Reilhac","addr":"Lieu-dit Tourtel ","cat":"AG","email":"","suspect":0}
,{"lat":45.303025,"lng":0.400343,"name":"ATELIER ART'PIERRE","web":"http://carcauzon.livegalerie.com","txt":"Tailleur de pierre","wiki":null,"tel":"0684879997","postCode":24600,"city":"Celles","addr":"Plumentie Atelier art' pierre, ","cat":"OZ","email":"p.carcauzonartpierre@orange.fr","suspect":0}
,{"lat":45.239471,"lng":0.27176,"name":"CADRANS SOLAIRES MARCUS","web":"","txt":"Sculpteur sur pierre","wiki":null,"tel":"0622470755","postCode":24600,"city":"Vanxains","addr":"Lieu-dit les Sions, ","cat":"OE","email":"cadransmarcus2@orange.fr","suspect":0}
,{"lat":44.927741,"lng":0.082211,"name":"Atelier seigneur","web":"http://www.atelier-seigneur.com","txt":"Vernisseur finisseur","wiki":null,"tel":"0662450568","postCode":24610,"city":"Montpeyroux","addr":"lieu dit les coulauds, 24610 montpeyroux","cat":"OO","email":"contact@atelier-seigneur.com","suspect":0}
,{"lat":44.979069,"lng":1.048345,"name":"dominique fournet","web":"","txt":"agriculteur","wiki":null,"tel":"0678283624","postCode":24620,"city":"Tursac","addr":"lespinasse 24620 tursac","cat":"A","email":"","suspect":0}
,{"lat":45.194058,"lng":0.892957,"name":"nadine beaupuy","web":"","txt":"Vente fruits et légumes de saison produit essentiellement locaux .\nPetite production d'asperges, de Noix, légumes de saison.\nConfection de Confitures à base des fruits de saison associées soit avec des épices, des aromatiques ou fleurs sauvages.\nConfection de confiseries à base de Noix (Noix façon chouchou).\nConfection de Chutney.","wiki":null,"tel":"0675667505","postCode":24640,"city":"Bassillac et Auberoche","addr":" Le change 24640 Bassillac","cat":"AM","email":"","suspect":0}
,{"lat":45.031518,"lng":0.089406,"name":"Alain Barat","web":"","txt":"Agriculteur","wiki":null,"tel":"0553818016","postCode":24700,"city":"Le Pizou","addr":"Les Rivauds ","cat":"A","email":"","suspect":0}
,{"lat":45.019976,"lng":0.073167,"name":"VINCENT LANXADE","web":"","txt":" Maçon","wiki":null,"tel":"0611289162","postCode":24700,"city":"Le Pizou","addr":"Coly, 24700 LE PIZOU","cat":"OM","email":"vincent.lanxade@aliceadsl.fr","suspect":0}
,{"lat":45.183709,"lng":0.774036,"name":"L’Agora des Champs","web":"","txt":"","wiki":null,"tel":"0553463079","postCode":24750,"city":"Boulazac Isle Manoire","addr":"Avenue Marcel-Paul 24750 Boulazac","cat":"AG","email":"","suspect":0}
,{"lat":45.412227,"lng":0.814754,"name":"au chant des fleurs","web":"https://www.auchantdesfleurs.fr/","txt":"Au chant des fleurs ce sont des plantes cultivées avec amour dans un petit coin du Périgord Vert. Solène, paysanne herboriste, propose des produits qui allient bienfaits des plantes et plaisirs. Vous trouverez chez elle des mélanges audacieux de tisanes, aromates, épices, huiles précieuses et hydrolats. Retrouvez la au marché bio de Saint Jean de Côle tous les mercredis matin.","wiki":null,"tel":"0676391626","postCode":24800,"city":"Saint-Jean-de-Côle","addr":" La Boine","cat":"AO","email":"solene@auchantdesfleurs.fr","suspect":0}
,{"lat":45.352127,"lng":0.948946,"name":"ARTISTE SCULPTEUR","web":"http://perso.club-internet.fr/jrc1/darboux","txt":" Céramiste","wiki":null,"tel":"0661857467","postCode":24800,"city":"Corgnac-sur-l'Isle","addr":"Hameau de Cherveix  La Literraciel, 24800 Corgnac sur l'Isle","cat":"OP","email":"cdarboux@club-internet.fr","suspect":0}
,{"lat":45.380878,"lng":0.957378,"name":"ATELIERS DE LA ROCHE","web":"http://www.ebeniste.fr","txt":" Ebéniste","wiki":null,"tel":"0686814190","postCode":24800,"city":"Corgnac-sur-l'Isle","addr":"La Roche, 24800 Corgnac sur l'Isle","cat":"OO","email":"sroy@ebeniste.fr","suspect":0}
,{"lat":45.420578,"lng":0.932822,"name":"GAILHBAUD ANAÏS","web":"","txt":"Sculpteur sur pierre","wiki":null,"tel":"613561040","postCode":24800,"city":"Thiviers","addr":"Le bois Saint Germain, ","cat":"OE","email":"anais_gailhbaud@yahoo.fr","suspect":0}
,{"lat":45.41583,"lng":0.921421,"name":"IMPRIMERIE VIRMOUNEIX","web":"http://www.patrimoine-vivant.com (virmouneix)","txt":" Imprimeur en typographie","wiki":null,"tel":"0553552193","postCode":24800,"city":"Thiviers","addr":"32, rue Général Lamy, ","cat":"OD","email":"imprimerie.virmouneix@wanadoo.fr","suspect":0}
,{"lat":45.410315,"lng":0.922206,"name":"RÉNOVATION DE L'HABITAT","web":"","txt":"Restaurateur de meubles","wiki":null,"tel":"0677480164","postCode":24800,"city":"Thiviers","addr":"13, rue Léon Couzinou, ","cat":"OO","email":"blackdahlia@orange.fr","suspect":0}
]}