{"id":32,"producers":[
{"lat":43.646539,"lng":0.550198,"name":"ROBIN DES VILLES","web":"http://www.chambresrobindesvilles.com","txt":" Ebéniste","wiki":null,"tel":"0562056586","postCode":32000,"city":"Auch","addr":"Tougey-de-Devant, 32000 AUCH","cat":"O","email":"contact@robindesvilles.fr"}
,{"lat":43.973527,"lng":0.406721,"name":"les abeilles d'isabelle","web":"http://www.lesabeillesdisabelle.fr","txt":"apicultrice","wiki":null,"tel":"0764075992","postCode":32100,"city":"Condom","addr":" route d'Agen la chapelle","cat":"AA","email":"lesabeillesdisabelle@gmail.com"}
,{"lat":43.774377,"lng":0.926551,"name":"Domaine Embessin","web":"","txt":"Viticulteur / arboriculteur","wiki":null,"tel":"0562650922","postCode":32120,"city":"Sarrant","addr":"Embessin ","cat":"P","email":""}
,{"lat":43.756891,"lng":0.881613,"name":"L'Enchantée","web":"http://www.laure-quesada.fr","txt":" Fileur de verre","wiki":null,"tel":"","postCode":32120,"city":"Labrihe","addr":"En Rouquet, 32120 LABRIHE","cat":"O","email":"laureques@yahoo.fr"}
,{"lat":43.438978,"lng":0.629089,"name":"gaec du tournesol","web":"https://www.gaecdutournesol.fr/","txt":"Famille d'Apiculteurs depuis 1995, nous vous proposons divers miels vendus à la ferme ou en livraison. Nous sommes également présent dans des magasins du Gers et la Haute-Garonne, des détails sont disponibles sur le site internet, n'hésitez pas à le visiter.","wiki":null,"tel":"0562660965","postCode":32140,"city":"Bellegarde","addr":" Lieu dit : Adoulins","cat":"AA","email":""}
,{"lat":43.353397,"lng":0.598949,"name":"un air de campagne","web":"","txt":"Elevage de volailles en Agriculture Biologique (Poulets, Pintades, Oeufs, Festives)","wiki":null,"tel":"","postCode":32140,"city":"Cabas-Loumassès","addr":" Lieu-dit L'Abadie","cat":"AV","email":"lafermeunairdecampagne@gmail.com"}
,{"lat":43.392593,"lng":0.621742,"name":"O² CRÉATIONS","web":"http://www.bijoux.o2prad.fr","txt":"Joaillier","wiki":null,"tel":"0698686900","postCode":32140,"city":"Bézues-Bajon","addr":"Au Duclos, ","cat":"O","email":"contact@o2prad.fr"}
,{"lat":43.926718,"lng":-0.042527,"name":"PHOTOCERAMIQUE CONCEPT","web":"http://www.photoceramique-concept.com","txt":" Décorateur céramique","wiki":null,"tel":"0785388325","postCode":32150,"city":"Larée","addr":"54 route d'Eauze, ","cat":"O","email":"contact@photoceramique-concept.com"}
,{"lat":43.581901,"lng":0.008951,"name":"Bulle de Safran","web":"","txt":"Safranière","wiki":null,"tel":"0562082157","postCode":32160,"city":"Jû-Belloc","addr":"Le Village 32160 Ju-Belloc","cat":"AO","email":""}
,{"lat":43.608187,"lng":0.053389,"name":"BIROUSTE DANIEL MAITRE FACTEUR D'ORGUES","web":"http://www.orgue.net","txt":" Facteur et restaurateur d'orgues","wiki":null,"tel":"0686998454","postCode":32160,"city":"Plaisance","addr":"1bis allée des Ormeaux, 32160 PLAISANCE DU GERS","cat":"O","email":"orgue.net@gmail.com"}
,{"lat":43.601801,"lng":-0.002181,"name":"LUTSON GOUDLEDER","web":"http://lutson.wordpress.com  ","txt":" Gainier","wiki":null,"tel":"0562693313","postCode":32160,"city":"Préchac-sur-Adour","addr":"17 route de Rivière Basse, 32160 PRECHAC SUR ADOUR","cat":"O","email":"info@lutson.com"}
,{"lat":43.438683,"lng":0.265033,"name":"eauzons!","web":"http://www.eauzons.fr","txt":"Première ferme aquaponique dans le Gers. L'aquaponie est un système agro-écologique innovant, une symbiose entre les poissons et les végétaux. Nos poissons sont des saumons de fontaine, proposés en entier, en filets frais, fumés, soupe et rillettes. Nous proposons une diversité de végétaux selon la saisonnalité.","wiki":null,"tel":"0749483887","postCode":32170,"city":"Aux-Aussat","addr":" Ld Bérandau ","cat":"AP","email":"contact@eauzons.fr"}
,{"lat":43.383314,"lng":0.356691,"name":"lefèvre béatrice","web":"","txt":"Fromages de chèvres Pyrénéennes au lait cru. Élevage nourrit avec foin produit sur l'exploitation. Bêtes pacage sur les prairies de la propriété.","wiki":null,"tel":"0786676077","postCode":32170,"city":"Mont-de-Marrast","addr":" A Brioulet","cat":"AF","email":""}
,{"lat":43.444379,"lng":0.277307,"name":"ANNAFIBRE","web":"http://www.annafibre.com","txt":" Fabricant d'accessoires de mode","wiki":null,"tel":"0562675315","postCode":32170,"city":"Aux-Aussat","addr":"Escaunet, ","cat":"O","email":"annelie@annafibre.com"}
,{"lat":43.630558,"lng":0.910707,"name":"au petit rouin","web":"https://www.facebook.com/aupetitrouin/","txt":"Maraîcher","wiki":null,"tel":"0787518775","postCode":32200,"city":"Escornebœuf","addr":"Au petit Rouin 32200 Escorneboeuf","cat":"AM","email":"schwab_judith@yahoo.fr"}
,{"lat":43.442117,"lng":0.958556,"name":"Esprit Foie Gras","web":"","txt":"Producteur à la ferme","wiki":null,"tel":"0684407179","postCode":32220,"city":"Montégut-Savès","addr":"En Sabaillan ","cat":"AV","email":""}
,{"lat":43.46014,"lng":0.21614,"name":"GAEC des Marronniers","web":"","txt":"Agriculteur et fromager","wiki":null,"tel":"0562093651","postCode":32230,"city":"Troncens","addr":"Au Village ","cat":"AF","email":""}
,{"lat":43.952495,"lng":0.201691,"name":"MARBLE ART","web":"http://www.marbleart.fr","txt":" Sculpteur ornemaniste","wiki":null,"tel":"0633282238","postCode":32250,"city":"Montréal","addr":"Lieu dit Moulierous, ","cat":"O","email":"marble.art@online.fr"}
,{"lat":43.539592,"lng":0.408587,"name":"simon graf","web":"http://www.cocoribio.com/","txt":"Vente de viandes de volailles, œufs et huiles de tournesol.","wiki":null,"tel":"0562665169","postCode":32300,"city":"Estipouy","addr":" Au Poc","cat":"AV","email":"simongraf@hotmail.fr"}
,{"lat":43.514176,"lng":0.368051,"name":"ATELIER CORTHESY","web":"","txt":"Restaurateur de papier","wiki":null,"tel":"0562668552","postCode":32300,"city":"Saint-Martin","addr":" En Moges , 32300 Saint Martin","cat":"O","email":"suzy.corthesy@wanadoo.fr"}
,{"lat":43.429742,"lng":0.415213,"name":"SUE URE CERAMICS","web":"http://www.sueureceramics.com","txt":"Tourneur céramique","wiki":null,"tel":"0562670345","postCode":32300,"city":"Saint-Michel","addr":"Les Bourdets, ","cat":"O","email":"info@sueureceramics.com"}
,{"lat":43.87161,"lng":0.338705,"name":"IK DESIGN","web":"http://www.creamip.com","txt":" Bijoutier en métaux précieux","wiki":null,"tel":"0562285880","postCode":32310,"city":"Mansencôme","addr":"Au village, ","cat":"O","email":"iris.kuhn@orange.fr"}
,{"lat":43.547,"lng":0.303,"name":"ferme de milhommes","web":"","txt":"vente de fromages et yaourts de brebis AB à la ferme ou sur commande avec livraison localement","wiki":null,"tel":"0562650887","postCode":32320,"city":"Pouylebon","addr":" milhommes","cat":"AF","email":"fermedemilhommes@orange.fr"}
,{"lat":43.590163,"lng":0.286867,"name":"Les escargots de Malicorne","web":"","txt":"Elevage d'animaux","wiki":null,"tel":"0562583395","postCode":32320,"city":"Montesquiou","addr":"Le Crusole ","cat":"AV","email":""}
,{"lat":43.625002,"lng":0.326765,"name":"reinout & dorine nauta","web":"","txt":"Fabricants de produits laitiers et producteurs de viandes.","wiki":null,"tel":"0562641467","postCode":32350,"city":"Saint-Arailles","addr":" Guillot","cat":"AV","email":""}
,{"lat":43.771959,"lng":0.53016,"name":"HISTOIRE DE PIERRES","web":"http://www.histoiredepierres.com","txt":"Tailleur de pierre","wiki":null,"tel":"0674941798","postCode":32360,"city":"Lavardens","addr":"Principale Au Village, ","cat":"O","email":"histoiredepierres@wanadoo.fr"}
,{"lat":43.891909,"lng":0.754463,"name":"Authentique Gers","web":"","txt":"Boutique de produits Gersois","wiki":null,"tel":"0630144519","postCode":32380,"city":"Saint-Clar","addr":"ZA Labarthète ","cat":"AA","email":""}
,{"lat":43.856,"lng":0.77,"name":"Atelier K","web":"http://www.atelier-pawlak.com","txt":" Peintre en décor","wiki":null,"tel":"0670523525","postCode":32380,"city":"Saint-Léonard","addr":"Busquet, 32380 St Léonard","cat":"O","email":"g.pawlak@yahoo.fr"}
,{"lat":43.889609,"lng":0.761101,"name":"EIRL Rémy SAIZ - Les Ateliers du Mimosa","web":"http://lesateliersdumimosa.fr","txt":" Ferronnier","wiki":null,"tel":"0677772232","postCode":32380,"city":"Saint-Clar","addr":"Larié, 32380 Saint Clar","cat":"O","email":"contact@lesateliersdumimosa.fr"}
,{"lat":43.776808,"lng":0.619867,"name":"Elevage de La Payroulére","web":"","txt":"Eleveur de porcs","wiki":null,"tel":"0607341121","postCode":32390,"city":"Montestruc-sur-Gers","addr":"La Payroulére Plaine de Lartet 32390 Montestruc","cat":"AV","email":""}
,{"lat":43.601588,"lng":-0.122668,"name":"Château de Viella","web":"","txt":"Viticulteur","wiki":null,"tel":"0562697581","postCode":32400,"city":"Viella","addr":"Route de Maumusson ","cat":"AB","email":""}
,{"lat":43.619907,"lng":-0.104182,"name":"Denis Capmartin","web":"","txt":"Viticulteur","wiki":null,"tel":"0562697492","postCode":32400,"city":"Maumusson-Laguian","addr":"Château Barrejat ","cat":"AB","email":""}
,{"lat":43.65724,"lng":-0.08344,"name":"Exploitation viticole du lycée de Riscle","web":"","txt":"Producteur de vins","wiki":null,"tel":"0762154619","postCode":32400,"city":"Riscle","addr":"Voie Edgar Morin ","cat":"AB","email":""}
,{"lat":43.812646,"lng":0.394422,"name":"Sébastien Tonneau","web":"","txt":"maraicher","wiki":null,"tel":"0604027821","postCode":32410,"city":"Beaucaire","addr":"Malet ","cat":"AM","email":""}
,{"lat":43.484859,"lng":0.797126,"name":"Clotilde Sibille","web":"","txt":"Agricultrice","wiki":null,"tel":"0608561378","postCode":32420,"city":"Pellefigue","addr":"Parladère ","cat":"AV","email":""}
,{"lat":43.397061,"lng":0.697896,"name":"CRÉATION TEXTILE - FEUTRAGE","web":"","txt":"Fabricant de tapis","wiki":null,"tel":"0637456429","postCode":32420,"city":"Monties","addr":"Au Seignan, ","cat":"O","email":"Mariafriese@hotmail.com"}
,{"lat":43.678724,"lng":0.938423,"name":"candelon","web":"","txt":"producteur de canards gras","wiki":null,"tel":"0698429293","postCode":32430,"city":"Touget","addr":"VERCES 32430 TOUGET","cat":"AV","email":""}
,{"lat":43.929752,"lng":0.082127,"name":"La Comtesse Auzanaise","web":"","txt":"Eleveur et producteur de foie gras de canards","wiki":null,"tel":"0607647815","postCode":32440,"city":"Castelnau d'Auzan Labarrère","addr":"Route de Barbotan-les-Thermes 32440 Castelnau d'Auzan","cat":"AV","email":""}
,{"lat":43.548059,"lng":0.775452,"name":"EARL Lespinasse","web":"","txt":"Productrice de foie gras","wiki":null,"tel":"0562654805","postCode":32450,"city":"Boulaur","addr":"4 La Serrade ","cat":"AV","email":""}
,{"lat":43.506573,"lng":0.667331,"name":"Le rucher de Larrougnau","web":"","txt":"Apiculture","wiki":null,"tel":"0682348558","postCode":32450,"city":"Faget-Abbatial","addr":"Lieu dit Larrougnau 32450 FAGET ABBATIAL","cat":"AA","email":""}
,{"lat":43.845008,"lng":0.64845,"name":"domaine des capots","web":"","txt":"Producteur de vin BIO; rouge primeur et de garde ;de vin blanc et rosé sec, demi sec et doux. conditionnement en bouteilles et bag in box, vrac au domaine.\nJus de raisin blanc et rouge 100% pur jus Bio","wiki":null,"tel":"0673581058","postCode":32500,"city":"Fleurance","addr":" aux capots","cat":"AB","email":"domainedescapots32@gmail.com"}
,{"lat":43.868205,"lng":0.658442,"name":"Grain de Pierre","web":"http://www.graindepierre.fr","txt":"Tailleur de pierre","wiki":null,"tel":"0686245432","postCode":32500,"city":"Fleurance","addr":"ZI de Fleurance route de Lectoure, 32500 FLEURANCE","cat":"O","email":"contact@graindepierre.com"}
,{"lat":43.621261,"lng":1.10536,"name":"Asinerie d'Embazac","web":"","txt":"Producteur de lait d'anesse","wiki":null,"tel":"0562070210","postCode":32600,"city":"L'Isle-Jourdain","addr":"Route de Goudourvielle ","cat":"AFO","email":""}
,{"lat":43.608501,"lng":1.10121,"name":"L'ATELIER DE LA MAISON","web":"http://http:/www.facebook.com/latelierdelamaison","txt":" Tapissier d'ameublement/tapissier décorateur","wiki":null,"tel":"0661262731","postCode":32600,"city":"L'Isle-Jourdain","addr":"52 ROUTE DE TOULOUSE, ","cat":"O","email":"latelierdelamaison32@gmail.com"}
,{"lat":43.935425,"lng":0.574733,"name":"Les Croqueurs de Salades","web":"","txt":"Producteur, récoltant et transformateur","wiki":null,"tel":"0562683886","postCode":32700,"city":"Marsolan","addr":"Marides ","cat":"AV","email":""}
,{"lat":43.434233,"lng":0.185621,"name":"Marie-Aline Pilleux","web":"","txt":"Eleveur","wiki":null,"tel":"0562590004","postCode":32730,"city":"Malabat","addr":"Aux Picharrots ","cat":"AF","email":""}
,{"lat":43.80896,"lng":0.164589,"name":"LA FORGE DE NOULENS","web":"","txt":" Ferronnier","wiki":null,"tel":"0562065759","postCode":32800,"city":"Noulens","addr":"Pisseau, ","cat":"O","email":"forgedenoulens@orange.fr"}
,{"lat":43.690287,"lng":0.537127,"name":"MONSIEUR ROBERT LUCHE","web":"","txt":"Agriculteur","wiki":null,"tel":"0608531449","postCode":32810,"city":"Castin","addr":"La Prade ","cat":"AV","email":""}
]}