{"id":13,"producers":[
{"lat":43.293406,"lng":5.377645,"name":"CHARLES-LUC HOMMEL","web":"http://www.luthier-hommel.com","txt":" Luthier","wiki":null,"tel":"0688412275","postCode":13001,"city":"Marseille","addr":"27, rue Francis Davso, 13001 MARSEILLE","cat":"OL","email":"charles.hommel@wanadoo.fr","suspect":0}
,{"lat":43.296783,"lng":5.374253,"name":"Maison TRABUC","web":"http://www.trabuc13.com","txt":"Infographiste","wiki":null,"tel":"0617875157","postCode":13001,"city":"Marseille","addr":"31, rue Reine-Elisabeth, 13001 MARSEILLE","cat":"OD","email":"contact@trabuc13.com","suspect":0}
,{"lat":43.295286,"lng":5.383824,"name":"RAPHAËL CLAIRE","web":"http://lesfillesdhortensia@orange.fr","txt":"Ennoblisseur textile","wiki":null,"tel":"0491484464","postCode":13001,"city":"Marseille","addr":"2, rue de la Bibliothèque, ","cat":"HD","email":"veronique.arbue@wanadoo.fr","suspect":0}
,{"lat":43.300521,"lng":5.38946,"name":"SOCIÉTÉ D'APPLICATION ÉLECTRIQUE ET ÉCLAIRAGE","web":"","txt":"Fabricant et restaurateur de lustres et luminaires","wiki":null,"tel":"0491622382","postCode":13001,"city":"Marseille","addr":"85, boulevard de la Libération, ","cat":"OE","email":"p.mouret@hotmail.fr","suspect":0}
,{"lat":43.30235,"lng":5.393752,"name":"TARENTE","web":"http://lesfillesdemarseille.blogspirit.com","txt":" Céramiste","wiki":null,"tel":"0637733008","postCode":13001,"city":"Marseille","addr":"14, rue d'Anvers, ","cat":"OP","email":"tarentedo@yahoo.fr","suspect":0}
,{"lat":43.298447,"lng":5.371607,"name":"la ferme de louise","web":"https://www.lafermedelouise.eu/","txt":"Productrice, cueilleuse, distillatrice et transformatrice de plantes aromatiques et médicinales, entre Gap (la ferme) et Marseille (point de vente).\nLouise vous propose : Lotions, Hydrolats, Huiles de soin, Huiles essentielles, sirop et sel aromatisé.\nCe sont des produits biologiques et certifiés Nature et Progrès.\nPaysanne, elle cultive les plantes dans les Hautes-Alpes au cœur d’un écrin de nature, protégé de la pollution. \nElle pratique aussi la cueillette sauvage, dans des zones naturelles et protégées de la pollution, lui permettant d’élargir sa gamme tout en restant sur une haute exigence de qualité.","wiki":null,"tel":"0611314797","postCode":13002,"city":"Marseille","addr":" 16 Rue du Chevalier Roze 13","cat":"P","email":"louise.coronat@hotmail.fr","suspect":0}
,{"lat":43.302005,"lng":5.372317,"name":"Atelier de Lutherie Roger BURO","web":"","txt":" Luthier en guitare","wiki":null,"tel":"0491907533","postCode":13002,"city":"Marseille","addr":"26, Boulevard des Dames, 13002 MARSEILLE","cat":"OL","email":"rogerburo@yahoo.fr","suspect":0}
,{"lat":43.299718,"lng":5.367545,"name":"SANTONS ARTERRA","web":"http://www.santons-arterra.com","txt":" Santonnier","wiki":null,"tel":"0629955766","postCode":13002,"city":"Marseille","addr":"15 rue du Petit Puis, ","cat":"OP","email":"contact@santons-arterra.com","suspect":0}
,{"lat":43.299949,"lng":5.368592,"name":"SERGE MOUTARLIER CÉRAMIQUES","web":"http://www.sergemoutarlier.com","txt":" Céramiste","wiki":null,"tel":"0491906832","postCode":13002,"city":"Marseille","addr":"7, rue du Petit-Puits, ","cat":"OP","email":"atelier@sergemoutarlier.com","suspect":0}
,{"lat":43.299171,"lng":5.398502,"name":"Ghislaine Garcin, création textile","web":"http://www.ghislainegarcin.fr","txt":" Fabricant d'accessoires de mode","wiki":null,"tel":"0663160252","postCode":13004,"city":"Marseille","addr":"14 rue Roussel Doria, ","cat":"HT","email":"ghislaine.garcin@wanadoo.fr","suspect":0}
,{"lat":43.288339,"lng":5.390135,"name":"Aurore BOUTER","web":"http://https://www.aurorebouter.com","txt":"Verrier","wiki":null,"tel":"0671867552","postCode":13005,"city":"Marseille","addr":"26 rue Melchion, ","cat":"OR","email":"aurore.bouter@protonmail.com","suspect":0}
,{"lat":43.294117,"lng":5.392545,"name":"CAROLINE HANNY","web":"http://www.carolinehanny.com","txt":" Modéliste","wiki":null,"tel":"0622165012","postCode":13005,"city":"Marseille","addr":"86 rue Benoît Malon, ","cat":"OE","email":"carolinehanny@orange.fr","suspect":0}
,{"lat":43.293755,"lng":5.387496,"name":"Germain Verhille Photographe - Photo4/5","web":"http://www.germainverhille-photographe.com","txt":"Photographe illustrateur","wiki":null,"tel":"0674889424","postCode":13005,"city":"Marseille","addr":"13 rue Saint Pierre, ","cat":"OD","email":"contact-g.verhille@germainverhille-photographe.com","suspect":0}
,{"lat":43.289989,"lng":5.390227,"name":"MARIE MATHIAS,PEINTRE EN DÉCOR MURAL","web":"http://www.mariemathias.com","txt":" Peintre en décor","wiki":null,"tel":"0664996504","postCode":13005,"city":"Marseille","addr":"81 rue de la loubière, ","cat":"OE","email":"marie.mathias@yahoo.fr","suspect":0}
,{"lat":43.290623,"lng":5.389182,"name":"NUB","web":"http://www.nubjewelry.com","txt":" Joaillier","wiki":null,"tel":"0658831535","postCode":13005,"city":"Marseille","addr":"rue Château Payan, ","cat":"OB","email":"contact@nubjewelry.com","suspect":0}
,{"lat":43.285452,"lng":5.395171,"name":"Vitrail de l'Ange","web":"","txt":" Maître-verrier (ou Vitrailliste)","wiki":null,"tel":"0610200592","postCode":13005,"city":"Marseille","addr":"6 place Pierre Roux, ","cat":"OE","email":"michel.pradeilles@wanadoo.fr","suspect":0}
,{"lat":43.288804,"lng":5.377109,"name":"ATELIER BRIGITTE SERRES","web":"","txt":" Restaurateur de tableaux","wiki":null,"tel":"0622419496","postCode":13006,"city":"Marseille","addr":"108, rue Sylvabelle, 13006 MARSEILLE","cat":"OD","email":"bs.alphacentauri@gmail.com","suspect":0}
,{"lat":43.288578,"lng":5.388305,"name":"ATELIER DE LUTHERIE GUITARE MICHEL DONADEY","web":"http://www.guitares-donadey.com","txt":" Luthier en guitare","wiki":null,"tel":"0491429928","postCode":13006,"city":"Marseille","addr":"6 rue Edouard Pons, ","cat":"OL","email":"mdonadey@gmail.com","suspect":0}
,{"lat":43.286815,"lng":5.377167,"name":"ATELIER EWA GREFFET","web":"http://www.atelier-ewa-greffet.fr","txt":" Doreur-ornemaniste","wiki":null,"tel":"0685640868","postCode":13006,"city":"Marseille","addr":"98 rue Breteuil, ","cat":"OO","email":"ewa.greffet@neuf.fr","suspect":0}
,{"lat":43.295447,"lng":5.382984,"name":"ATELIER-MAGASIN DE GUITARES JOËL LAPLANE","web":"http://contact@joel-laplane.com","txt":" Luthier en guitare","wiki":null,"tel":"0662261229","postCode":13006,"city":"Marseille","addr":"2, rue des Trois Mages, ","cat":"OL","email":"joel.laplane1@gmail.com","suspect":0}
,{"lat":43.285743,"lng":5.388189,"name":"Lavask Fabrications","web":"http://lavask-fabrications.tumblr.com","txt":"Joaillier","wiki":null,"tel":"0638957858","postCode":13006,"city":"Marseille","addr":"Cours Gouffé, ","cat":"OB","email":"lavask.fabrications@gmail.com","suspect":0}
,{"lat":43.287081,"lng":5.377059,"name":"ORGANIC","web":"http://www.organic-sculpture.fr","txt":"Sculpteur sur bois","wiki":null,"tel":"0626217058","postCode":13006,"city":"Marseille","addr":"92 rue Breteuil, ","cat":"OO","email":"atelierorganic@gmail.com","suspect":0}
,{"lat":43.286136,"lng":5.359455,"name":"Niard Amélie","web":"http://www.kounbetty.fr","txt":" Marqueteur de pailles","wiki":null,"tel":"0623826022","postCode":13007,"city":"Marseille","addr":"75 RUE DU COTEAU, 13007 MARSEILLE","cat":"OO","email":"kounbetty@gmail.com","suspect":0}
,{"lat":43.291566,"lng":5.367407,"name":"SANTONS MARCEL CARBONEL","web":"http://www.santonsmarcelcarbonel.com","txt":" Santonnier","wiki":null,"tel":"0491542658","postCode":13007,"city":"Marseille","addr":"47, rue Neuve Sainte-Catherine, ","cat":"OP","email":"infomc@santonsmarcelcarbonel.com","suspect":0}
,{"lat":43.267527,"lng":5.389227,"name":"MA MODE COUTURE","web":"http://www.couture-creation-paca.com","txt":"Tailleur-couturier","wiki":null,"tel":"0626457257","postCode":13008,"city":"Marseille","addr":"Parc Saint Giniez A4 - 88 avenue de Mazargues, ","cat":"OE","email":"mamode@live.fr","suspect":0}
,{"lat":43.244155,"lng":5.373045,"name":"SARL MARCEL FIGUERES & FILS","web":"http://www.faiencerie-figueres.com","txt":"Peintre sur faïence","wiki":null,"tel":"0491730679","postCode":13008,"city":"Marseille","addr":"10-12 avenue Lauzier, 13008 MARSEILLE","cat":"OD","email":"eric.figueres@wanadoo.fr","suspect":0}
,{"lat":43.266193,"lng":5.412232,"name":"EBENISTERIE DELFINO","web":"http://www.ebenisteriedelfino.fr","txt":"Vernisseur finisseur","wiki":null,"tel":"0616197928","postCode":13009,"city":"Marseille","addr":"67 boulevard Aguillon, ","cat":"OO","email":"thierrydelfino1@free.fr","suspect":0}
,{"lat":43.277926,"lng":5.416514,"name":"TRANCHANT","web":"","txt":"Doreur","wiki":null,"tel":"0680251820","postCode":13010,"city":"Marseille","addr":"18 rue François MAURIAC, ","cat":"OE","email":"TranchantG@wanadoo.fr","suspect":0}
,{"lat":43.303724,"lng":5.474601,"name":"ATELIER DE VERO","web":"http://www.atelier-de-vero.fr","txt":" Céramiste","wiki":null,"tel":"0687508848","postCode":13011,"city":"Marseille","addr":"155 route des Trois Lucs a la Valentine, 13011 MARSEILLE","cat":"OP","email":"vsesia@free.fr","suspect":0}
,{"lat":43.288198,"lng":5.441608,"name":"L'ARONDE DES BOIS ÉBÉNISTERIE RESTAURATION","web":"http://ebenisteriearondedesbois.blog4ever.com","txt":"Sculpteur sur bois","wiki":null,"tel":"0603139883","postCode":13011,"city":"Marseille","addr":"21 avenue du Dr Heckel, ","cat":"OO","email":"patrice.sarpi@free.fr","suspect":0}
,{"lat":43.317111,"lng":5.405739,"name":"PATRIZIO","web":"http://www.mosaiques-patrizio.com ","txt":" Mosaïste","wiki":null,"tel":"0611555414","postCode":13013,"city":"Marseille","addr":"6 boulevard Verd, ","cat":"OE","email":"mpatrizio@free.fr","suspect":0}
,{"lat":43.345651,"lng":5.404384,"name":"la ferme de l'etoile","web":"https://www.facebook.com/profile.php?id=100068154728538","txt":"La ferme de l’Étoile est une ferme urbaine située au 111 bd Notre Dame de Santa Cruz, 13014, Marseille. Nous produisons des fruits et légumes biologiques, en agroécologie.\n\nLa ferme est située au pied du massif de l’Étoile, au cœur du quartier de Sainte Marthe, dans un terroir agricole ancien aux qualités écologiques exceptionnelles.\n\nRéseaux sociaux :\nFacebook : La ferme de l’Etoile – Marseille\nInstagram : lafermedeletoile","wiki":null,"tel":"0602445047","postCode":13014,"city":"Marseille","addr":" 111 bd Notre Dame de Santa Cruz, 13014, Marseille 130","cat":"AM","email":"","suspect":0}
,{"lat":43.377523,"lng":5.355572,"name":"MARIE","web":"http://www.cuir-marie.com","txt":" Maroquinier","wiki":null,"tel":"0611562146","postCode":13015,"city":"Marseille","addr":"3 bis traverse Pinatel, ","cat":"OT","email":"atelier.cuir.marie@wanadoo.fr","suspect":0}
,{"lat":43.542852,"lng":5.411454,"name":"lou capeou","web":"","txt":"Lou Capeou est une exploitation agricole qui propose fruits et légumes.","wiki":null,"tel":"0442966994","postCode":13090,"city":"Aix-en-Provence","addr":" La Ferme Chemin de l'Aubère ","cat":"AM","email":"","suspect":0}
,{"lat":43.541478,"lng":5.451678,"name":"RENÉ GARMY - MAÎTRE LUTHIER","web":"","txt":" Luthier","wiki":null,"tel":"0442630304","postCode":13090,"city":"Aix-en-Provence","addr":"4 avenue du Docteur Bertrand, 13090 AIX EN PROVENCE","cat":"OL","email":"rene@garmy-luthier.com","suspect":0}
,{"lat":43.525166,"lng":5.453371,"name":"A comme atelier","web":"http://www.acommeatelier.com","txt":" Restaurateur de tableaux","wiki":null,"tel":"0768060867","postCode":13100,"city":"Aix-en-Provence","addr":"11 rue Roux Alphéran, 13100 Aix en Provence","cat":"OD","email":"adeline.lenotte@gmail.com","suspect":0}
,{"lat":43.526949,"lng":5.441307,"name":"ATELIER BUFFILE","web":"http://www.buffile-ceramiste.com","txt":" Céramiste","wiki":null,"tel":"0699931426","postCode":13100,"city":"Aix-en-Provence","addr":"2 bis, Traverse de l'Aigle d'Or, ","cat":"OP","email":"atelier.buffile@orange.fr","suspect":0}
,{"lat":43.530721,"lng":5.444613,"name":"La maison de cerise","web":"http://www.lamaisondecerise.com","txt":"Peintre en décor","wiki":null,"tel":"0676746845","postCode":13100,"city":"Aix-en-Provence","addr":"50 rue du bon pasteur, 13100 Aix-en-provence","cat":"OD","email":"eva.recking@orange.fr","suspect":0}
,{"lat":43.519427,"lng":5.461861,"name":"SANTONS FOUQUE","web":"http://www.santons-fouque.com","txt":" Santonnier","wiki":null,"tel":"0442263338","postCode":13100,"city":"Aix-en-Provence","addr":"65, Cours Gambetta, 13100 Aix en Provence","cat":"OP","email":"contact@santons-fouque.com","suspect":0}
,{"lat":43.530073,"lng":5.421044,"name":"STYLAINE","web":"","txt":" Tailleur-couturier","wiki":null,"tel":"0667909938","postCode":13100,"city":"Aix-en-Provence","addr":"8, rue Abbé de l'Epée Château Double N°6, 13090 Aix-en-Provence","cat":"HT","email":"maria.zawilski@libertysurf.fr","suspect":0}
,{"lat":43.422714,"lng":5.531409,"name":"l'ours orange","web":"https://www.loursorange.fr/","txt":"Vente de produits d'épicerie fine (épices, sel, poivres) et vinaigres balsamiques.\nL'Ours Orange est un créateur de saveurs depuis 2006, l'Ours Orange aime à aller chercher des épices aux quatre coins du globe afin de vous les faire découvrir. Ainsi, étant un fervent gastronome, l'Ours Orange parcourt l’Inde, Madagascar, Brésil, Cambodge, Cameroun afin de sélectionner les meilleurs produits et vous les fait partager sur sa boutique en ligne. Depuis quelques année, l'Ours Orange c'est aussi des vinaigres balsamiques précieux, élaborés dans notre laboratoire. Beaucoup d'études, d'essais et de temps ont été necessaire afin de créer des vinaigres hauts de gamme au goût et à la texture inédites. L'Ours Orange vous propose de des coffrets cadeaux, des mélanges d'épices prêts à l'emploi, des vinaigres balsamiques de 12 et 25 ans d'âges, des sels et poivres inédits, des vinaigres de pommes de Modène aux saveurs exquises, des produits bio et frais. A la recherche chaque année de nouveaux goûts, je réalise des mélanges","wiki":null,"tel":"0617823254","postCode":13105,"city":"Mimet","addr":" 361 CARRAIRE DE CARLI","cat":"AF","email":"loursorange@gmail.com","suspect":0}
,{"lat":43.411763,"lng":5.510122,"name":"LE GRAIN DE SELLE","web":"http://www.legraindeselle.com","txt":"Sellier","wiki":null,"tel":"0608226303","postCode":13105,"city":"Mimet","addr":"Saint-Sébastien, ","cat":"OT","email":"fred@legraindeselle.com","suspect":0}
,{"lat":43.379754,"lng":5.599203,"name":"FB-MAQUETTES","web":"http://www.fb-maquettes.com","txt":" Fabricant et restaurateur de maquettes","wiki":null,"tel":"0442184069","postCode":13112,"city":"La Destrousse","addr":"1 RDN 96, ","cat":"J","email":"fb.maquettes@yahoo.fr","suspect":0}
,{"lat":43.460576,"lng":5.456436,"name":"LE GARDE-TEMPS","web":"http://www.gibernon.fr","txt":"Restaurateurs de montres de collection","wiki":null,"tel":"0442583138","postCode":13120,"city":"Gardanne","addr":"Tuilerie Bossy - Chemin du Moulin du Fort, 13120 GARDANNE","cat":"OB","email":"gibernon.horloger@le-garde-temps.fr","suspect":0}
,{"lat":43.546348,"lng":5.319636,"name":"angela tripmaker-ventre","web":"","txt":"L'exploitation agricole de Ventabren confectionne des produits laitiers.","wiki":null,"tel":"0442289459","postCode":13122,"city":"Ventabren","addr":" Quartier de la Bourdonnière ","cat":"AF","email":"","suspect":0}
,{"lat":43.448577,"lng":5.250353,"name":"Anès Beauté","web":"","txt":"Asinerie laitière","wiki":null,"tel":"","postCode":13127,"city":"Vitrolles","addr":"Patrick BALLET","cat":"P","email":"","suspect":0}
,{"lat":43.585232,"lng":5.000992,"name":"Les Patines d'Eole","web":"","txt":" Peintre sur bois","wiki":null,"tel":"0675786996","postCode":13140,"city":"Miramas","addr":"8 bis rue de Provence, 13140 MIRAMAS","cat":"OO","email":"elelouer@yahoo.fr","suspect":0}
,{"lat":43.901065,"lng":4.840932,"name":"Le rucher d'Auriac","web":"","txt":"Apiculteur","wiki":null,"tel":"0674713740","postCode":13160,"city":"Châteaurenard","addr":"410 Chemin du mas d'auriac 13160 CHATEAURENARD","cat":"AA","email":"","suspect":0}
,{"lat":43.894811,"lng":4.834062,"name":"L'ACCRO DES TOILES","web":"http://www.accro-des-toiles.com","txt":" Restaurateur de tableaux","wiki":null,"tel":"0603048192","postCode":13160,"city":"Châteaurenard","addr":"176 chemin de la matarde, ","cat":"OD","email":"contact@accro-des-toiles.com","suspect":0}
,{"lat":43.417013,"lng":5.288412,"name":"la ferme au naturel","web":"","txt":"nous sommes eleveurs de poules pondeuses et d ornements de toutes race et toutes couleurs ;   de tres bons oeufs vous sont proposer en vente libre tous les vendredi et samedi matin 8h a 12h et 15h a 18h ainsi que des legumes de saison","wiki":null,"tel":"0442028226","postCode":13170,"city":"Les Pennes-Mirabeau","addr":" 46 chemin d empallieres 13170","cat":"AM","email":"choupy2000@gmail.com","suspect":0}
,{"lat":43.411243,"lng":5.327724,"name":"le primeur des tilleuls","web":"https://leprimeurdestilleuls.wixsite.com/fruitsetlegumes","txt":"DIRECT PRODUCTEUR sur Les Pennes Mirabeau (13170).\nFruits et légumes de notre production sans aucun traitement.\nProduits annexes (fromages et yaourts fermiers, miels, confitures, tapenades etc...) en partenariat avec nos producteurs locaux / régionaux.","wiki":null,"tel":"0603290883","postCode":13170,"city":"Les Pennes-Mirabeau","addr":" n°1200 avenue du plan de campagne ","cat":"AM","email":"","suspect":0}
,{"lat":43.386867,"lng":5.215704,"name":"EURL Michel","web":"","txt":"Maraîcher","wiki":null,"tel":"0680025317","postCode":13180,"city":"Gignac-la-Nerthe","addr":"Avenue Georges Pompidou ","cat":"AM","email":"","suspect":0}
,{"lat":43.653998,"lng":4.583693,"name":"SCA Mas Daussan","web":"","txt":"Arboriculteur","wiki":null,"tel":"0490970741","postCode":13200,"city":"Arles","addr":"Clos de Couvet Mas Daussan ","cat":"AF","email":"","suspect":0}
,{"lat":43.680111,"lng":4.617902,"name":"RELIUREBOOK","web":"http://www.reliurebook.com","txt":" Relieur","wiki":null,"tel":"0617754793","postCode":13200,"city":"Arles","addr":"83 rue Gustave Eyglument, ","cat":"OD","email":"reliurebook@gmail.com","suspect":0}
,{"lat":43.801401,"lng":4.827266,"name":"fromagerie roumanille","web":"","txt":"UNE ERREUR s'est glissée :  \nNous élevons des chèvres de race Alpines chamoisées et des porcs noirs gascons  en agriculture biologique et NON DES VACHES  !!\nnotre exploitation benéficie de la marque produit du  Parc Naturel Des Alpilles \ntout cela vous garantie que :\n- l' alimentation des animaux est produite sur notre ferme \n- les animaux sortent pacager( manger ) tous les jours à l'extérieur sauf en cas d'intempérie \n- le bien être animal est notre priorité \n- 100% de la production est transformée sur la ferme \n- une grande diversité de produits  , tomme , fromage frais ,crémeux , aromatisés ,glaces au lait de chèvres ...","wiki":null,"tel":"0677390340","postCode":13210,"city":"Saint-Rémy-de-Provence","addr":" 196 petite route des jardins 13210 st remy de provence","cat":"AV","email":"","suspect":0}
,{"lat":43.780964,"lng":4.790524,"name":"patrice reynaud","web":"","txt":"Cultivateur de pommes et poires, il conçoit avec ses récoles des jus de fruits.","wiki":null,"tel":"0490954921","postCode":13210,"city":"Saint-Rémy-de-Provence","addr":" Chemin des Veranes","cat":"AF","email":"","suspect":0}
,{"lat":43.78299,"lng":4.850171,"name":"les vergers de saint-rémy","web":"","txt":"Production de blé tendre, légumes et romarin dans l'exploitation agricole de Saint-Rémy-de-Provence.","wiki":null,"tel":"0490921896","postCode":13210,"city":"Saint-Rémy-de-Provence","addr":" Mas de Beuil","cat":"AM","email":"jm.goret@laposte.net","suspect":0}
,{"lat":43.783264,"lng":4.796653,"name":"Régine Dumont","web":"","txt":"Producteur bio","wiki":null,"tel":"0699383320","postCode":13210,"city":"Saint-Rémy-de-Provence","addr":"Vieux Chemin d'Arles ","cat":"AM","email":"","suspect":0}
,{"lat":43.384028,"lng":5.161636,"name":"JEAN-FRANCOIS TOQUE - LA TRADITION\n","web":"","txt":" Tapissier d'ameublement/tapissier décorateur","wiki":null,"tel":"0663020581","postCode":13220,"city":"Châteauneuf-les-Martigues","addr":"1, rue Patafloux, 13220 Chateauneuf-les-Martigues","cat":"OE","email":"vero.toque@wanadoo.fr","suspect":0}
,{"lat":43.397923,"lng":5.351664,"name":"DORINN GRÜNER","web":"http://www.dorinngruner.fr","txt":" Corsetier","wiki":null,"tel":"0610754755","postCode":13240,"city":"Septèmes-les-Vallons","addr":"PLAN DE CAMPAGNE sur RV, 13240 Septèmes","cat":"OE","email":"dorinn.gruner@gmail.com","suspect":0}
,{"lat":43.538884,"lng":5.041418,"name":"Céline Payan Granier","web":"http://https://celinegranier.wixsite.com/dorure","txt":"Doreur-ornemaniste","wiki":null,"tel":"0674971069","postCode":13250,"city":"Saint-Chamas","addr":"2 avenue des 53, ","cat":"OO","email":"celine_granier@orange.fr","suspect":0}
,{"lat":43.575328,"lng":5.094409,"name":"DENIS NAYRAC","web":"http://dnisnayrac.com","txt":"Sculpteur sur métal","wiki":null,"tel":"0621660164","postCode":13250,"city":"Cornillon-Confoux","addr":"Chez ME DELY Joseph Bastide de Bouillon, 13250 CORNILLON CONFOUX","cat":"OF","email":"denis.nayrac@sfr.fr","suspect":0}
,{"lat":43.548641,"lng":5.030892,"name":"PUDDINU MAÇONNERIE\n","web":"http://www.puddinu-maconnerie.fr","txt":"Paveur-dalleur","wiki":null,"tel":"0683129179","postCode":13250,"city":"Saint-Chamas","addr":"25 rue Victor Hugo, ","cat":"OM","email":"albert.puddinu@orange.fr","suspect":0}
,{"lat":43.556873,"lng":5.07556,"name":"SWYD","web":"http://www.swyd.fr","txt":"Photographe illustrateur","wiki":null,"tel":"0608525966","postCode":13250,"city":"Saint-Chamas","addr":"ZA LA PECETTE LOT 1 CD15, ","cat":"OD","email":"yoan@swyd.fr","suspect":0}
,{"lat":43.213452,"lng":5.536708,"name":"SARL TRAPANI ET FILS","web":"","txt":"Fabricant et restaurateur de charpentes","wiki":null,"tel":"0442017040","postCode":13260,"city":"Cassis","addr":"Quai des Moulins, ","cat":"OM","email":"trapani.et.fils@wanadoo.fr","suspect":0}
,{"lat":43.738397,"lng":5.249937,"name":"Odile Ginoux","web":"","txt":"Arboriculteur","wiki":null,"tel":"0615115501","postCode":13350,"city":"Charleval","addr":"Les Royeres ","cat":"AF","email":"","suspect":0}
,{"lat":43.327159,"lng":5.596993,"name":"ATELIER LAURE MARCHESCHI","web":"http://www.marcheschi-fils.com","txt":" Tapissier d'ameublement/tapissier décorateur","wiki":null,"tel":"0622790210","postCode":13360,"city":"Roquevaire","addr":"30 avenue Charles de Gaulle Pont de l'étoile, 13360 ROQUEVAIRE","cat":"OE","email":"laure.marcheschi@sfr.fr","suspect":0}
,{"lat":43.736398,"lng":5.166421,"name":"EARL Le jardin des 1000 Couleurs","web":"","txt":"Agriculteur biologique","wiki":null,"tel":"0661955535","postCode":13370,"city":"Mallemort","addr":"Chemin de Sénas Quartier Gardet ","cat":"AM","email":"","suspect":0}
,{"lat":43.713383,"lng":5.189389,"name":"LES CHAMPS DE LA DURANCE","web":"","txt":"AGRICULTEUR","wiki":null,"tel":"0442860369","postCode":13370,"city":"Mallemort","addr":"Pont Royal 13370 mallemort","cat":"AM","email":"","suspect":0}
,{"lat":43.365068,"lng":5.615837,"name":"BOISERIES PROVENÇALES","web":"http://www.cuisine-menuiserie.com","txt":"Restaurateur de meubles","wiki":null,"tel":"0607409283","postCode":13390,"city":"Auriol","addr":"Quartier Pont de Joux, 13390 AURIOL","cat":"OO","email":"boiseriespro@aol.com","suspect":0}
,{"lat":43.381962,"lng":5.676001,"name":"MARIE PASTORELLI","web":"http://www.terresprecieuses.com","txt":" Céramiste","wiki":null,"tel":"0615524180","postCode":13390,"city":"Auriol","addr":"Montée des 2 Bastides Moulin de Redon, 13390 AURIOL","cat":"OP","email":"mariepastorelli@orange.fr","suspect":0}
,{"lat":43.370483,"lng":5.639565,"name":"Santons Campana","web":"http://www.santonscampana.com","txt":" Santonnier","wiki":null,"tel":"0674557001","postCode":13390,"city":"Auriol","addr":"301 chemin du clos, ","cat":"OP","email":"contact@santonscampana.com","suspect":0}
,{"lat":43.290012,"lng":5.567966,"name":"Anne JEANJEAN","web":"","txt":"safranière","wiki":null,"tel":"0782536133","postCode":13400,"city":"Aubagne","addr":"48 rue peypagan ","cat":"AO","email":"","suspect":0}
,{"lat":43.318047,"lng":5.593976,"name":"Lespetits champs","web":"","txt":"Maraichage bio diversifié","wiki":null,"tel":"0651608509","postCode":13400,"city":"Aubagne","addr":"2225 Chemin de St Pierre ","cat":"AM","email":"","suspect":0}
,{"lat":43.292594,"lng":5.568459,"name":"ATELIER ANDREANI CREATIONS","web":"http://www.atelier-andreani.fr","txt":"Tourneur céramique","wiki":null,"tel":"0662874996","postCode":13400,"city":"Aubagne","addr":"4, impasse de Rome, ","cat":"OP","email":"infos@atelier-andreani.fr","suspect":0}
,{"lat":43.276552,"lng":5.535916,"name":"ATELIER DU GRAND CHÊNE","web":"http://www.atelier-du-grand-chene.com","txt":" Ebéniste","wiki":null,"tel":"0660910866","postCode":13400,"city":"Aubagne","addr":"Boulevard des Acacias Château des Creissauds - Le Clos Rufisque, ","cat":"OO","email":"contact@atelier-du-grand-chene.com","suspect":0}
,{"lat":43.293221,"lng":5.568098,"name":"Au Livre Ouvert","web":"http://aulivreouvert-reliure.com","txt":"Restaurateur de reliures","wiki":null,"tel":"0663903238","postCode":13400,"city":"Aubagne","addr":"2, rue de lHuveaune, ","cat":"OD","email":"reliure-aulivreouvert@orange.fr","suspect":0}
,{"lat":43.288202,"lng":5.573087,"name":"BARBOTINE","web":"http://www.barbotine.fr","txt":"Potier de terre cuite","wiki":null,"tel":"0442700300","postCode":13400,"city":"Aubagne","addr":"Rue Ruer, 13400 AUBAGNE","cat":"OP","email":"info@barbotine.fr","suspect":0}
,{"lat":43.29278,"lng":5.568658,"name":"CRÉATIONS ANNIE BURNOTTE","web":"http://www.creab.fr","txt":"Potier raku","wiki":null,"tel":"0612503068","postCode":13400,"city":"Aubagne","addr":"atelier ART-TERRA 9 rue Rastègue, 13400 AUBAGNE","cat":"OP","email":"annie.burnotte@creab.fr","suspect":0}
,{"lat":43.28766,"lng":5.581301,"name":"DANIEL SCATURRO","web":"http://www.santonsdanielscaturro.com","txt":" Santonnier","wiki":null,"tel":"0442843329","postCode":13400,"city":"Aubagne","addr":"20 avenue de Verdun, ","cat":"OP","email":"daniel.scaturro@wanadoo.fr","suspect":0}
,{"lat":43.293196,"lng":5.568531,"name":"LA VOLUTE","web":"http://www.zerilli-luthier.com","txt":" Luthier","wiki":null,"tel":"0442038228","postCode":13400,"city":"Aubagne","addr":"12 bis Rue Laget, 13400 AUBAGNE","cat":"OL","email":"lavolute@free.fr","suspect":0}
,{"lat":43.315566,"lng":5.587452,"name":"Chez les Producteurs","web":"http://jardinsdupaysdaubagne.com/producteur/chez-les-producteurs/","txt":"Produits : Rayon bio","wiki":null,"tel":"0442038103","postCode":13400,"city":"Aubagne","addr":"1280 DEP 96 - Quartier Napollon, 13400 AUBAGNE","cat":"OP","email":"contact@lemoulinahuile.com","suspect":0}
,{"lat":43.293137,"lng":5.56855,"name":"SANTONS AILHAUD","web":"http://www.santons-ailhaud.com","txt":" Santonnier","wiki":null,"tel":"0442189730","postCode":13400,"city":"Aubagne","addr":"9, rue Laget, ","cat":"OP","email":"ailhaud@santons-ailhaud.com","suspect":0}
,{"lat":43.288772,"lng":5.599806,"name":"SANTONS DI LANDRO","web":"http://www.santons-dilandro.fr","txt":" Santonnier","wiki":null,"tel":"0608612000","postCode":13400,"city":"Aubagne","addr":"582, Avenue des Paluds, ","cat":"OP","email":"info@santons-dilandro.fr","suspect":0}
,{"lat":43.291296,"lng":5.596646,"name":"TREILLAGES D'ART FRANÇAIS","web":"http://www.treillage-francais.com","txt":" Ebéniste","wiki":null,"tel":"0442728379","postCode":13400,"city":"Aubagne","addr":"Rue de la Mairé Les Palluds, ","cat":"OO","email":"contact@treillage-francais.com","suspect":0}
,{"lat":43.64193,"lng":5.290362,"name":"La ferme de Cabrieres","web":"","txt":"Producteur de fruits rouge  et safran","wiki":null,"tel":"0607129489","postCode":13410,"city":"Lambesc","addr":"480 chemin de cabrieres ","cat":"AF","email":"","suspect":0}
,{"lat":43.293914,"lng":5.6263,"name":"Terre de Safran","web":"","txt":"Productrice de safran","wiki":null,"tel":"0675171635","postCode":13420,"city":"Gémenos","addr":"Boulevard du fer à cheval ","cat":"AO","email":"","suspect":0}
,{"lat":43.298097,"lng":5.629123,"name":"Menuiserie BACHELIER","web":"","txt":" Menuisier en sièges","wiki":null,"tel":"0677370148","postCode":13420,"city":"Gémenos","addr":"ZA LE PETIT VERSAILLES ROUTE DE LA SAINTE BAUME, ","cat":"OO","email":"menuiserie.bachelier@orange.fr","suspect":0}
,{"lat":43.700535,"lng":5.032682,"name":"ATELIER ANDAMENTO MOSAÏQUES","web":"http://www.andamento-mosaique.com","txt":" Mosaïste","wiki":null,"tel":"0490578847","postCode":13430,"city":"Eyguières","addr":"24, rue Mireille Les Toubeaux, ","cat":"OE","email":"jjuniquester@gmail.com","suspect":0}
,{"lat":43.637672,"lng":5.640458,"name":"Mldecors","web":"http://mldecors.fr","txt":" Peintre en décor","wiki":null,"tel":"0614494449","postCode":13490,"city":"Jouques","addr":"6, rue Costarène, ","cat":"OE","email":"maryline.dessioux@laposte.net","suspect":0}
,{"lat":43.583472,"lng":5.317342,"name":"Le Jardin de Manon","web":"","txt":"Maraîchère","wiki":null,"tel":"0660938217","postCode":13510,"city":"Éguilles","addr":"2310 route de Pélissanne 13510 Eguilles","cat":"AM","email":"","suspect":0}
,{"lat":43.712167,"lng":4.803075,"name":"MENDES_RUIZ TAPISSIERS","web":"http://www.mendesruiz.fr","txt":" Tapissier d'ameublement/tapissier décorateur","wiki":null,"tel":"0610815263","postCode":13520,"city":"Maussane-les-Alpilles","addr":"8, rue des pommiers ZAC La Capelette, 13520 Maussane","cat":"OE","email":"info@mendesruiz.fr","suspect":0}
,{"lat":43.447503,"lng":5.682737,"name":"la savonnerie du regagnas","web":"http://www.savon-naturel-regagnas.com","txt":"La Savonnerie du Regagnas produit des cosmétiques naturels et 100% biologiques selon la méthode de saponification à froid.","wiki":null,"tel":"0679220022","postCode":13530,"city":"Trets","addr":" 13 Avenue Mirabeau","cat":"P","email":"","suspect":0}
,{"lat":43.409636,"lng":5.66618,"name":"la maison du miel","web":"http://www.mieldujardindabondance.net/","txt":"La Maison du Miel propose son miel bio et ses produits de la ruche tels que propolis ainsi que ses diverses gourmandises : glaces végétales pur miel, pain d'épices, sablés pur miel et guimauve.","wiki":null,"tel":"0442614809","postCode":13530,"city":"Trets","addr":" Hameau de Kirbon","cat":"AA","email":"","suspect":0}
,{"lat":43.576866,"lng":5.43,"name":"Astragale","web":"http://www.astragale-bati.com","txt":"Tailleur de pierre","wiki":null,"tel":"0612317473","postCode":13540,"city":"Aix-en-Provence","addr":"La Coquillade  Route du puy Sainte Réparade, 13540 PUYRICARD","cat":"OE","email":"stephane.astragale@wanadoo.fr","suspect":0}
,{"lat":43.862212,"lng":4.881856,"name":"christophe polizzano","web":"http://www.christophepolizzano.fr","txt":" Sculpteur sur pierre","wiki":null,"tel":"0688129319","postCode":13550,"city":"Noves","addr":"2648 route d'eyragues, 13550 noves","cat":"OZ","email":"christophepolizzano@hotmail.fr","suspect":0}
,{"lat":43.549884,"lng":5.198055,"name":"Domaine Du Calabrun","web":"","txt":"Oléiculteur","wiki":null,"tel":"0675003699","postCode":13580,"city":"La Fare-les-Oliviers","addr":"5 avenue du Pavillon 13580 La-Fare-les-Oliviers","cat":"AO","email":"","suspect":0}
,{"lat":43.494127,"lng":5.531489,"name":"rayons de provence","web":"","txt":"apiculteur, propose miels et produits de la ruche de sa production:\n\nmiel de romarin, acacia, chataigner,lavande,provence,thym \nbonbons au miel et propolis\npollen\n\nvente d' essaims","wiki":null,"tel":"0661690061","postCode":13590,"city":"Meyreuil","addr":" chemin des tuileries","cat":"AA","email":"abeillesetmiel@free.fr","suspect":0}
,{"lat":43.190183,"lng":5.671189,"name":"Domaine L'OLIVADE","web":"","txt":"Oléiculteur","wiki":null,"tel":"0682183018","postCode":13600,"city":"La Ciotat","addr":"961 CHEMIN SAINT ANTOINE 13600 LA CIOTAT","cat":"AO","email":"","suspect":0}
,{"lat":43.185815,"lng":5.612481,"name":"MARTINE RIEG","web":"http://atelierdesocres.fr","txt":" Peintre sur bois","wiki":null,"tel":"0621448355","postCode":13600,"city":"La Ciotat","addr":"Traverse du Sécadou, 46340 Dégagnac","cat":"OO","email":"atelierdesocres@sfr.fr","suspect":0}
,{"lat":43.195192,"lng":5.612302,"name":"KAFRINNE-BIJOUX","web":"http://www.kafrinne-bijoux.com","txt":"Polisseur","wiki":null,"tel":"0662757628","postCode":13600,"city":"La Ciotat","addr":"14 lotissement Les Ombelles III - Avenue Guillaume Dulac, ","cat":"OB","email":"ciotat.kafrinne@free.fr","suspect":0}
,{"lat":43.841428,"lng":4.843033,"name":"SYLUNE CREATIONS","web":"http://www.sylunecreations.com","txt":"Brodeur","wiki":null,"tel":"0661424213","postCode":13630,"city":"Eyragues","addr":"1, chemin des arènes, 13630 Clarensac","cat":"HD","email":"sylune@orange.fr","suspect":0}
,{"lat":43.836336,"lng":4.841597,"name":"ÉBÉNISTERIE STÉPHANE MÉTAIRIE","web":"http://www.ebenisterie-metairie.com","txt":"Restaurateur de meubles","wiki":null,"tel":"0670614281","postCode":13630,"city":"Eyragues","addr":"230, chemin Saint-Bonnet 230, ","cat":"OO","email":"stephane.metairie@wanadoo.fr","suspect":0}
,{"lat":43.820911,"lng":4.976785,"name":"l'art des vergers","web":"","txt":"Producteur de fruits et légumes en agriculture raisonnée.","wiki":null,"tel":"0672440750","postCode":13670,"city":"Saint-Andiol","addr":" 723 D24 13670 Saint andiol","cat":"AM","email":"","suspect":0}
,{"lat":43.846578,"lng":4.93067,"name":"SCOP algues provence production","web":"","txt":"producteur de spiruline","wiki":null,"tel":"0670211254","postCode":13670,"city":"Verquières","addr":"105 route nationale 7 13670 Verquieres","cat":"AO","email":"","suspect":0}
,{"lat":43.542439,"lng":5.155377,"name":"frédéric de tomasi","web":"http://www.perledeprovence.com/","txt":"L'exploitation agricole de Lançon-Provence produit principalement de l'huile d'olive et des produits de soins et bien-être.","wiki":null,"tel":"0490426952","postCode":13680,"city":"Lançon-Provence","addr":" CD 10 Le Vieux Mas Prés Les Baïsses 1","cat":"A","email":"aurelie@perledeprovence.com","suspect":0}
,{"lat":43.85065,"lng":4.773811,"name":"LA CIERGERIE DES PRÉMONTRÉS","web":"http://www.bougies-sculptees.fr","txt":" Cirier","wiki":null,"tel":"0677789554","postCode":13690,"city":"Graveson","addr":"2, avenue François Adger, ","cat":"OE","email":"contact@bougies-sculptees.fr","suspect":0}
,{"lat":43.425539,"lng":5.20979,"name":"DEUM","web":"http://sellier-nautique-tapissier.com/index.html","txt":" Tapissier d'ameublement/tapissier décorateur","wiki":null,"tel":"0607706093","postCode":13700,"city":"Marignane","addr":"4, rue Constant Simonet, ","cat":"OE","email":"froissarto@wanadoo.fr","suspect":0}
,{"lat":43.453995,"lng":5.566631,"name":"GRAVURES DOMINIQUE CHAINE","web":"http://www.gravure-marseille.com","txt":" Graveur","wiki":null,"tel":"0442608267","postCode":13710,"city":"Fuveau","addr":"14, Route des Michels, 13710 FUVEAU","cat":"OF","email":"chaine.gravure@wanadoo.fr","suspect":0}
,{"lat":43.395665,"lng":5.59896,"name":"Fait Main","web":"http://faitmainpaca.fr","txt":" Appareilleur Schisteur","wiki":null,"tel":"0652521854","postCode":13720,"city":"La Bouilladisse","addr":"33 avenue Marcel Long, ","cat":"OZ","email":"faitmain13@gmail.com","suspect":0}
,{"lat":43.612253,"lng":5.29472,"name":"Spiform","web":"","txt":"Spirulinier","wiki":null,"tel":"0616552383","postCode":13760,"city":"Saint-Cannat","addr":"Chemin de la Lecque ","cat":"AO","email":"","suspect":0}
,{"lat":43.620221,"lng":5.300559,"name":"LES PATINES DE SAINT CANNAT","web":"http://www.patines-de-saint-cannat.fr","txt":" Peintre sur bois","wiki":null,"tel":"0683519816","postCode":13760,"city":"Saint-Cannat","addr":"34 AVENUE CAMILLE PELLETAN, 13760 SAINT CANNAT","cat":"OO","email":"lespatinesdestcannat@gmail.com","suspect":0}
,{"lat":43.589437,"lng":5.477512,"name":"Liquoristerie de Provence","web":"","txt":"Liquoriste","wiki":null,"tel":"0442549465","postCode":13770,"city":"Venelles","addr":"36 avenue de la Grande Bégude ","cat":"AB","email":"","suspect":0}
,{"lat":43.58867,"lng":5.476838,"name":"Couleurs Paysannes Venelles","web":"http://www.couleurs-paysannes.fr","txt":"Produits : Fruits, Légumes, Poissons, Viandes, Traiteur et charcuterie, Volaille et lapin, Fromages, Oeufs et produits laitiers, Pain et patisseries, Miels et confitures, Huiles et vinaigres, Épicerie, Vins et alcools, Jus et sirops","wiki":null,"tel":"0442204124","postCode":13770,"city":"Venelles","addr":"35 Avenue de la Grande Bégude ","cat":"AG","email":"","suspect":0}
,{"lat":43.444325,"lng":5.637249,"name":"Terroir de Branguier","web":"","txt":"Oléiculteur","wiki":null,"tel":"0623150179","postCode":13790,"city":"Peynier","addr":"Chemin du Bouquet ","cat":"AO","email":"","suspect":0}
,{"lat":43.446613,"lng":5.60235,"name":"L'Atelier Béguémott","web":"http://atelier-beguemott-ceramique.fr","txt":" Céramiste","wiki":null,"tel":"0623864073","postCode":13790,"city":"Peynier","addr":"5 IMPASSE DU CHENE, 13790 PEYNIER","cat":"OP","email":"beguemott@free.fr","suspect":0}
,{"lat":43.510235,"lng":4.995956,"name":"ATELIER ","web":"http://crinetressorts.lesite.pro","txt":" Tapissier d'ameublement/tapissier décorateur","wiki":null,"tel":"0626324922","postCode":13800,"city":"Istres","addr":"19 Les Lauriers - Bd des Jardins, ","cat":"OE","email":"crinetressorts@aol.com","suspect":0}
,{"lat":43.276853,"lng":5.5181,"name":"VENTALON PIANOS SERVICES","web":"http://www.ventalon.piano.free.fr","txt":" Facteur et restaurateur de pianos","wiki":null,"tel":"0678442285","postCode":13821,"city":"La Penne-sur-Huveaune","addr":"11, allée de la pinède, 13821 La-Penne-sur-Huveaune","cat":"OL","email":"ventalon.piano@free.fr","suspect":0}
,{"lat":43.249337,"lng":5.609187,"name":"Château Barbanau","web":"","txt":"Vigneron","wiki":null,"tel":"0442731460","postCode":13830,"city":"Roquefort-la-Bédoule","addr":"Hameau de Roquefort 13830 Roquefort","cat":"AB","email":"","suspect":0}
,{"lat":43.436679,"lng":5.542781,"name":"S&B Provence","web":"http://stefben.com","txt":" Cirier","wiki":null,"tel":"0674818792","postCode":13850,"city":"Gréasque","addr":"6 boulevard Salvator Allende, ","cat":"OE","email":"contact@sb-provence.com","suspect":0}
,{"lat":43.656946,"lng":5.578262,"name":"TECHNI-TACOT","web":"http://www.techni-tacot.com","txt":" Carrossier","wiki":null,"tel":"0442577906","postCode":13860,"city":"Peyrolles-en-Provence","addr":"6 RUE DU CABESTAN ZAC VAL DE DURANCE, 13860 PEYROLLES-EN-PROVENCE","cat":"OM","email":"contact@techni-tacot.com","suspect":0}
,{"lat":43.530686,"lng":5.248718,"name":"aleyria cosmétiques","web":"https://www.aleyria.fr","txt":"Savons solides naturels et bio saponifiés à froid à base d'huile d'olive","wiki":null,"tel":"0749502402","postCode":13880,"city":"Velaux","addr":" 9, Avenue de Lombardie","cat":"P","email":"contact@aleyria.fr","suspect":0}
,{"lat":43.696337,"lng":4.867017,"name":"mas de gourgonnier","web":"http://www.gourgonnier.com/","txt":"Viticulteur et oléiculteur","wiki":null,"tel":"0490475045","postCode":13890,"city":"Mouriès","addr":"Le Destet D78 13890 Mouries","cat":"AB","email":"contact@gourgonnier.com","suspect":0}
,{"lat":43.687351,"lng":4.867538,"name":"Mas de la Tapi","web":"","txt":"Oléiculteur","wiki":null,"tel":"0680360936","postCode":13890,"city":"Mouriès","addr":"63 rue Jean Jaurès ","cat":"AO","email":"","suspect":0}
,{"lat":43.801984,"lng":4.922327,"name":"le jardin du papet","web":"","txt":"Maraîcher","wiki":null,"tel":"0699482158","postCode":13940,"city":"Mollégès","addr":"953 Chemin des Martellières 13940 Mollèges","cat":"AM","email":"","suspect":0}
,{"lat":43.810223,"lng":4.954302,"name":"ÂME DE LAINE ET DE SOIE","web":"http://www.rachidamallogi.fr","txt":"Restaurateur de textiles","wiki":null,"tel":"0611926567","postCode":13940,"city":"Mollégès","addr":"482, chemin du Moulin à vent, 13940 Mollèges","cat":"HT","email":"mallogi.rachida@wanadoo.fr","suspect":0}
,{"lat":43.398508,"lng":5.546359,"name":"ATELIER VÉRONIQUE CÉRAMIQUE","web":"http://veroniquederre.jimdo.com/","txt":" Céramiste","wiki":null,"tel":"0618033125","postCode":13950,"city":"Cadolive","addr":"22 Chemin de la Tonne, ","cat":"OP","email":"veronique.ceramique@sfr.fr","suspect":0}
,{"lat":43.727947,"lng":4.70057,"name":"earl missiry","web":"","txt":"agriculteur","wiki":null,"tel":"0637817914","postCode":13990,"city":"Fontvieille","addr":"100 Chemin du Pâtis mas Saint Paul 13990 fontvieille","cat":"AO","email":"","suspect":0}
,{"lat":43.731148,"lng":4.709533,"name":"Les Oliviers de l'Aqueduc","web":"","txt":"oléiculteur","wiki":null,"tel":"0624332520","postCode":13990,"city":"Fontvieille","addr":"chemin de Bédarrides ","cat":"AO","email":"","suspect":0}
,{"lat":43.723721,"lng":4.697821,"name":"EARL LOU CRAVEN","web":"","txt":"Eleveur Producteur","wiki":null,"tel":"0670488504","postCode":13990,"city":"Fontvieille","addr":"770 route de Fontvieille, Mas St Véran 13280 Moules","cat":"AV","email":"","suspect":0}
]}