{"id":63,"producers":[
{"lat":45.774442,"lng":3.091222,"name":"GEFOR","web":"","txt":"Joaillier","wiki":null,"tel":"0473925919","postCode":63000,"city":"Clermont-Ferrand","addr":"7, rue d'Ambroise, 63000 Clermont Ferrand","cat":"OB","email":"gefor@aliceadsl.fr","suspect":0}
,{"lat":45.779909,"lng":3.090276,"name":"JÉRÔME CASANOVA LUTHIER","web":"http://www.casanova-luthier.com","txt":"Luthier en guitare","wiki":null,"tel":"0473920251","postCode":63000,"city":"Clermont-Ferrand","addr":"19, rue Neyron, ","cat":"OL","email":"jerome@casanova-luthier.com","suspect":0}
,{"lat":45.774411,"lng":3.112032,"name":"Ninou Laroze","web":"http://www.ninoularoze.com","txt":" Chapelier - Modiste","wiki":null,"tel":"0685744231","postCode":63000,"city":"Clermont-Ferrand","addr":"27, rue Charles Rauzier, 63000 CLERMONT-FERRAND","cat":"HC","email":"contact@ninoularoze.com","suspect":0}
,{"lat":45.782986,"lng":3.081308,"name":"TAPISSERIE ST ALYRE","web":"","txt":" Tapissier d'ameublement/tapissier décorateur","wiki":null,"tel":"0473371336","postCode":63000,"city":"Clermont-Ferrand","addr":"13 rue Saint Alyre, ","cat":"OE","email":"guy.jeandesboz@wanadoo.fr","suspect":0}
,{"lat":45.784466,"lng":3.12972,"name":"LOUIS GENESTE","web":"http://www.louisgeneste.com","txt":"Tailleur de pierre","wiki":null,"tel":"0473985070","postCode":63100,"city":"Clermont-Ferrand","addr":"30 rue Gutenberg, ","cat":"OE","email":"francois.pouraud@louis-geneste.fr","suspect":0}
,{"lat":45.790669,"lng":3.09142,"name":"Nathalie Girardin","web":"http://www.dedale-latelier.com","txt":" Fabricant et restaurateur de lustres et luminaires","wiki":null,"tel":"0646162166","postCode":63100,"city":"Clermont-Ferrand","addr":"4 rue Bartholdi, ","cat":"OE","email":"contact@dedale-latelier.com","suspect":0}
,{"lat":45.840466,"lng":3.076167,"name":"ATELIER DE LAVE ÉMAILLÉE","web":"http://à venir...","txt":" Graveur sur pierre","wiki":null,"tel":"0673276527","postCode":63112,"city":"Blanzat","addr":"73, rue de l'arbre de la liberté lieu dit, ","cat":"OZ","email":"tinet.lave.emaillee@wanadoo.fr","suspect":0}
,{"lat":45.82724,"lng":3.12069,"name":"Le Pré du Puy","web":"","txt":"Maraîcher","wiki":null,"tel":"0661123439","postCode":63118,"city":"Cébazat","addr":"80 Bis, Route de Gerzat ","cat":"AM","email":"","suspect":0}
,{"lat":45.849343,"lng":3.100386,"name":"Les Jardins Auvergnat","web":"","txt":"Maraîcher apiculteur","wiki":null,"tel":"0628231321","postCode":63119,"city":"Châteaugay","addr":"71 route de Pompignat ","cat":"AM","email":"","suspect":0}
,{"lat":45.853139,"lng":3.092475,"name":"LA DECO AU FIL DE L'EAU","web":"http://www.lbdeco.com","txt":" Peintre en décor","wiki":null,"tel":"0607816524","postCode":63119,"city":"Châteaugay","addr":"28, rue du  Bas Chalard, 63119 Chateaugay","cat":"OE","email":"lbdeco1@yahoo.fr","suspect":0}
,{"lat":45.753766,"lng":3.545967,"name":"ATELIER DES QUATRE VENTS","web":"http://www.overblog.restaurationmeubles63","txt":"Vernisseur au tampon ","wiki":null,"tel":"0682889262","postCode":63120,"city":"Courpière","addr":"16, place de l'église, 63120 Courpiere","cat":"OO","email":"vents4@club-internet.fr","suspect":0}
,{"lat":45.588612,"lng":2.737967,"name":"L'EMAUX DE CAROLINE","web":"http://www.lemauxdecaroline.com","txt":" Emailleur","wiki":null,"tel":"0661480050","postCode":63150,"city":"La Bourboule","addr":"21 boulevard Georges Clémenceau, ","cat":"OP","email":"contact@lemauxdecaroline.com","suspect":0}
,{"lat":45.73337,"lng":3.337312,"name":"EARL LALOIRE","web":"","txt":"Agriculteur","wiki":null,"tel":"0669019403","postCode":63160,"city":"Billom","addr":"Route de Clermont 63160 BILLOM","cat":"AM","email":"","suspect":0}
,{"lat":45.752552,"lng":3.341248,"name":"Ails Rose de Billom","web":"","txt":"Agriculteur","wiki":null,"tel":"0668179078","postCode":63160,"city":"Espirat","addr":"Chemin du coin ","cat":"AM","email":"","suspect":0}
,{"lat":45.68007,"lng":3.353621,"name":"MAURY","web":"http://www.annemaury.fr","txt":"Imprimeur en taille-douce","wiki":null,"tel":"0615062229","postCode":63160,"city":"Montmorin","addr":"Atelier La Tête dans les Arbres Serpanoux, ","cat":"OD","email":"contact@annemaury.fr","suspect":0}
,{"lat":45.857704,"lng":3.443035,"name":"FABRIQUE DE CANNES FAYET","web":"http://www.cannes-fayet.com","txt":" Fabricant de cannes","wiki":null,"tel":"0613512528","postCode":63190,"city":"Orléat","addr":"ZA de Bournat, ","cat":"OE","email":"jl@cannes-fayet.com","suspect":0}
,{"lat":45.914624,"lng":3.157268,"name":"SAS PAYSANS GOURMANDS","web":"","txt":"Agriculteur en polyculture","wiki":null,"tel":"0607854990","postCode":63200,"city":"Pessat-Villeneuve","addr":" Pessat","cat":"AC","email":"","suspect":0}
,{"lat":45.876945,"lng":3.081703,"name":"Verdier-Peyrin","web":"","txt":"Arboriculteur","wiki":null,"tel":"0473383620","postCode":63200,"city":"Marsat","addr":"4 rue du Coudet ","cat":"AF","email":"","suspect":0}
,{"lat":45.886862,"lng":3.087616,"name":"ATELIER SAINT-MARTIN","web":"","txt":" Tailleur de pierre","wiki":null,"tel":"0473382886","postCode":63200,"city":"Mozac","addr":"2, rue de la Font Vachette, ","cat":"OZ","email":"ateliersaintmartinlaveemaillee@gmail.com","suspect":0}
,{"lat":45.894222,"lng":3.11789,"name":"COUTELLERIE CHAMBRIARD","web":"http://www.coutellerie-chambriard.com","txt":" Coutelier","wiki":null,"tel":"0473800690","postCode":63200,"city":"Riom","addr":"2, place de l'Hôtel de Ville, 63300 Thiers","cat":"OC","email":"coutellerie-chambriard@wanadoo.fr","suspect":0}
,{"lat":45.893586,"lng":3.111969,"name":"TAPISSERIE NIVET","web":"","txt":" Tapissier d'ameublement/tapissier décorateur","wiki":null,"tel":"0615634642","postCode":63200,"city":"Riom","addr":"3, place Saint Jean, ","cat":"OE","email":"nnmathieupascal@wanadoo.fr","suspect":0}
,{"lat":45.747604,"lng":2.862829,"name":"TERRES DE CENDRES","web":"","txt":" Potier de grès","wiki":null,"tel":"0473871061","postCode":63210,"city":"Olby","addr":"Les Bernards, ","cat":"OP","email":"terresdecendres@orange.fr","suspect":0}
,{"lat":45.423077,"lng":3.771776,"name":"le potager d'antan","web":"","txt":"maraicher","wiki":null,"tel":"0629130673","postCode":63220,"city":"Beurières","addr":"lieu dit choupeyre 63220  BEURIERES","cat":"AM","email":"","suspect":0}
,{"lat":45.364486,"lng":3.775079,"name":"RELIURE ARTISANALE BEREAUX","web":"","txt":" Relieur","wiki":null,"tel":"0617721241","postCode":63220,"city":"Dore-l'Église","addr":"Champroy, 63220 Doé l'Eglise","cat":"OD","email":"","suspect":0}
,{"lat":45.835792,"lng":2.917042,"name":"ALAIN MONTPIED CHARRONNAGE","web":"http://www.charronnage.fr","txt":" Charron","wiki":null,"tel":"0473887734","postCode":63230,"city":"Saint-Ours","addr":"La Courteix, 63230 Saint Ours","cat":"OM","email":"alain@charronnage.fr","suspect":0}
,{"lat":45.882,"lng":3.644864,"name":"Ferme au bon boeuf","web":"","txt":"producteur, boucher, traiteur","wiki":null,"tel":"0751463368","postCode":63250,"city":"Celles-sur-Durolle","addr":"martignat 63250 CELLES SUR DUROLLE","cat":"AV","email":"","suspect":0}
,{"lat":45.857915,"lng":3.633824,"name":"André Verdier Coutellerie","web":"http://www.andre-verdier.fr","txt":"Coutelier","wiki":null,"tel":"0473515022","postCode":63250,"city":"Celles-sur-Durolle","addr":"3, route de Martignat, 63250 CELLES-SUR-DUROLLE","cat":"OC","email":"coutellerie.verdier@wanadoo.fr","suspect":0}
,{"lat":45.828136,"lng":3.67633,"name":"S.A.S COUTELLERIE D'ART DUBOST FILS","web":"http://https://aouari49.wixsite.com/couteauxdubost","txt":" Coutelier","wiki":null,"tel":"0473519066","postCode":63250,"city":"Viscomtat","addr":"LE BOURG, 63250 VISCOMTAT","cat":"OC","email":"olivier.dubost@couteauxdubost.fr","suspect":0}
,{"lat":45.667649,"lng":3.259505,"name":"Maria Fourvel","web":"","txt":"Chévrière Fromagère","wiki":null,"tel":"0473878166","postCode":63270,"city":"Laps","addr":"Ferme des 4 Chabràs à Benaud RD n° 4 ","cat":"AF","email":"","suspect":0}
,{"lat":45.66603,"lng":3.238311,"name":"Atelier de bijouterie Damien Gazel","web":"http://www.damiengazel.fr","txt":" Bijoutier en métaux précieux","wiki":null,"tel":"0688720594","postCode":63270,"city":"Saint-Maurice","addr":"Rue des portes rouges LISSAC, ","cat":"OB","email":"damiengaz@gmail.com","suspect":0}
,{"lat":45.955768,"lng":3.503383,"name":"dominique champru","web":"","txt":"Cultivateur de légumes de saisons, il propose aussi des plants à repiquer.","wiki":null,"tel":"0473941834","postCode":63290,"city":"Puy-Guillaume","addr":" Genestoux","cat":"AM","email":"","suspect":0}
,{"lat":45.921771,"lng":3.492117,"name":"CHARLES COUTTIER, MAÎTRE ARTISAN COUTELIER","web":"http://www.charles-couttier.com","txt":" Coutelier","wiki":null,"tel":"0473947709","postCode":63290,"city":"Paslières","addr":"CD 906, ","cat":"OC","email":"charles@charles-couttier.com","suspect":0}
,{"lat":45.949003,"lng":3.514011,"name":"COUTELLERIE D'ART RB","web":"http://www.robert-beillonnet.com","txt":" Coutelier","wiki":null,"tel":"0473941020","postCode":63290,"city":"Puy-Guillaume","addr":"Chez Bonhomme, 63290 Puy Guillaume","cat":"OC","email":"rb@robert-beillonnet.com","suspect":0}
,{"lat":45.957318,"lng":3.474652,"name":"IRCOUTURE 2000","web":"","txt":" Tailleur-couturier","wiki":null,"tel":"0682494106","postCode":63290,"city":"Puy-Guillaume","addr":"9, rue de la Verrerie, ","cat":"HT","email":"cev3@wanadoo.fr","suspect":0}
,{"lat":45.85362,"lng":3.54877,"name":"A LA BONNE HEURE","web":"http://www.cadrans-solaires-yves-guyot.com","txt":" Gnomoniste","wiki":null,"tel":"0615168819","postCode":63300,"city":"Thiers","addr":"20, place Saint-Genès, ","cat":"OB","email":"yvesguyot@wanadoo.fr","suspect":0}
,{"lat":45.858531,"lng":3.54395,"name":"ATELIER PERCEVAL","web":"http://www.couteau.com","txt":" Coutelier","wiki":null,"tel":"0473801919","postCode":63300,"city":"Thiers","addr":"20, avenue des Etats-Unis, 63300 THIERS","cat":"OC","email":"atelier@couteau.com","suspect":0}
,{"lat":45.859657,"lng":3.542305,"name":"Coutellerie Fontenille-Pataud","web":"http://www.fontenille-pataud.com","txt":" Coutelier","wiki":null,"tel":"0473801834","postCode":63300,"city":"Thiers","addr":"8 rue Ernest Grange, ","cat":"OC","email":"yann@fontenille-pataud.com","suspect":0}
,{"lat":45.85497,"lng":3.547728,"name":"DAVID PONSON COUTELIER D'ART","web":"http://www.couteaux-ponson.com","txt":" Coutelier","wiki":null,"tel":"0621738422","postCode":63300,"city":"Thiers","addr":"1 RUE DU BOURG, 63300 THIERS","cat":"OC","email":"contact@david-ponson.com","suspect":0}
,{"lat":45.815737,"lng":3.581058,"name":"Norberto Moretti","web":"http://www.norbertomoretti.com","txt":" Décorateur sur verre","wiki":null,"tel":"0602729678","postCode":63300,"city":"Escoutoux","addr":"Lieu dit La Bénétie, 63300 Ecsoutoux","cat":"OR","email":"studio@norbertomoretti.com","suspect":0}
,{"lat":45.850914,"lng":3.540216,"name":"Aux Champs","web":"https://www.facebook.com/auxchampsthiers/","txt":"","wiki":null,"tel":"0473532188","postCode":63300,"city":"Thiers","addr":"19 route de Clermont ","cat":"AG","email":"","suspect":0}
,{"lat":45.587577,"lng":3.106014,"name":"Les Jardins d'Ys","web":"","txt":"Maraîcher","wiki":null,"tel":"0473962458","postCode":63320,"city":"Montaigut-le-Blanc","addr":"Chemin de Coudoux  ","cat":"AM","email":"","suspect":0}
,{"lat":45.592278,"lng":3.041544,"name":"Le Clos du ravin","web":"","txt":"Paysan","wiki":null,"tel":"0987884312","postCode":63320,"city":"Grandeyrolles","addr":"Hameau de Quinsat ","cat":"AF","email":"","suspect":0}
,{"lat":45.512822,"lng":3.059492,"name":"POTERIE DE COURGOUL","web":"","txt":" Céramiste","wiki":null,"tel":"0637121295","postCode":63320,"city":"Courgoul","addr":"le bourg, ","cat":"OP","email":"poteriedecourgoul@wanadoo.fr","suspect":0}
,{"lat":45.467639,"lng":3.207937,"name":"microbrasserie l'impro","web":"","txt":"Microbrasserie de bières artisanales, blanche, brune, blonde dorée, ambrée...\nBrassage avec des malts 100% bio provenant du terroir Auvergnat.\nDu \"craft beer\" (créations diverses) afin de varier les plaisirs aromatiques pour nos clients.\nBrassage de frênette d'auvergne, produit 100% naturel\nDes produits artisanaux a faible teneur en alcool \nVenez gouter","wiki":null,"tel":"0626679037","postCode":63340,"city":"Chalus","addr":" Chemin de Sainte Madeleine","cat":"AB","email":"genes.christophe@orange.fr","suspect":0}
,{"lat":45.458011,"lng":3.185495,"name":"Le Clos des Monts","web":"","txt":"Vigneron","wiki":null,"tel":"0473553341","postCode":63340,"city":"Boudes","addr":"4 rue du Curator ","cat":"AB","email":"","suspect":0}
,{"lat":45.430456,"lng":3.249976,"name":"ATELIER LE VENTAIL","web":"","txt":"Tapissier d'ameublement/tapissier décorateur","wiki":null,"tel":"0473965281","postCode":63340,"city":"Vichel","addr":"1, la baraque, ","cat":"OE","email":"atelier-le-ventail@laposte.net","suspect":0}
,{"lat":45.477234,"lng":3.278206,"name":"TANGO D'ALDO","web":"http://www.tangodaldo.fr","txt":" Bijoutier fantaisie","wiki":null,"tel":"0473716092","postCode":63340,"city":"Nonette-Orsonnette","addr":"rue de Beauregard, 63340 Nonette","cat":"OB","email":"tangodaldo@voila.fr","suspect":0}
,{"lat":45.911451,"lng":3.342536,"name":"contretemps","web":"https://www.contretemps-plantes.fr","txt":"Production de plantes aromatiques & médicinales BIO. Transformation en plantes sèches pour tisanes et préparation pour cuisine (aromates, sels aux herbes, sucre aux fleurs)","wiki":null,"tel":"0642374090","postCode":63350,"city":"Maringues","addr":" Piquat 63210 Saint-Pierre-Roche ","cat":"P","email":"","suspect":0}
,{"lat":46.018798,"lng":2.891914,"name":"Les Belles de Savon","web":"","txt":"Savonnière","wiki":null,"tel":"0677405056","postCode":63390,"city":"Châteauneuf-les-Bains","addr":"Le Bordas ","cat":"P","email":"","suspect":0}
,{"lat":45.768097,"lng":3.070276,"name":"Atelier Le livre Relié","web":"http://www.lelivrerelie.fr/","txt":" Relieur","wiki":null,"tel":"0755606037","postCode":63400,"city":"Chamalières","addr":"36 Boulevard Gambetta, ","cat":"OD","email":"contact@lelivrerelie.fr","suspect":0}
,{"lat":45.778698,"lng":3.068771,"name":"Les DENTELLIERES","web":"http://www.lesdentellieres.fr","txt":" Dentellier","wiki":null,"tel":"0603835706","postCode":63400,"city":"Chamalières","addr":"12 bis BD BARRIEU, ","cat":"HD","email":"martine.vigier2@wanadoo.fr","suspect":0}
,{"lat":46.001218,"lng":2.981263,"name":"catherine & vincent segretain","web":"http://www.altair-plantes.com/","txt":"Producteurs de plantes aromatiques et médicinales séchées.","wiki":null,"tel":"0473869280","postCode":63410,"city":"Charbonnières-les-Vieilles","addr":" Péry ","cat":"P","email":"altairplantes@wanadoo.fr","suspect":0}
,{"lat":45.99211,"lng":2.998364,"name":"le jardin du gour","web":"http://www.lejardindugour.fr/","txt":"Le Jardin du Gour propose des paniers de légumes bio et de saison.","wiki":null,"tel":"0473868836","postCode":63410,"city":"Charbonnières-les-Vieilles","addr":" Le Hameau des Sattes","cat":"AM","email":"","suspect":0}
,{"lat":45.970233,"lng":2.880436,"name":"ATELIER POLYVALENT DES COMBRAILLES","web":"http://www.apc-animation.fr/","txt":"Fabricant et restaurateur de maquettes","wiki":null,"tel":"0676686805","postCode":63410,"city":"Vitrac","addr":"11 rue de la Mairie, ","cat":"J","email":"guy-michel.lamotte1@orange.fr","suspect":0}
,{"lat":45.993145,"lng":3.013534,"name":"CABIRIA","web":"http://www.cabiria.fr","txt":" Bronzier","wiki":null,"tel":"0619944952","postCode":63410,"city":"Charbonnières-les-Vieilles","addr":"Les Gannes, ","cat":"OF","email":"cabiria@cabiria.fr","suspect":0}
,{"lat":45.401056,"lng":3.124333,"name":"les ateliers du zagat","web":"http://www.safranducezallier.fr","txt":"Culture de plantes à épices sans traitement : le safran du Cézallier.\nVente de l'épice de safran de catégorie 1 sur le site de l'exploitation au hameau du Zagat, sur la commune d'Ardes (63420), dans le Puy-de-Dôme et sur internet.","wiki":null,"tel":"","postCode":63420,"city":"Ardes","addr":" Le Zagat","cat":"AO","email":"","suspect":0}
,{"lat":45.995752,"lng":3.138307,"name":"NICOLE GUILLIEN","web":"http://www.nicole-guillien.com","txt":" Emailleur","wiki":null,"tel":"0473333444","postCode":63460,"city":"Artonne","addr":"Moulin Fradet, ","cat":"OP","email":"nicole@atelier-aquarelle.com","suspect":0}
,{"lat":45.957826,"lng":3.076218,"name":"Sarl MBDC","web":"http://www.mbdc.fr","txt":" Tailleur de pierre","wiki":null,"tel":"0625771573","postCode":63460,"city":"Teilhède","addr":"rue du Puy de Montaury LD La Croix, 63460 TEILHEDE","cat":"OZ","email":"mb.dc@orange.fr","suspect":0}
,{"lat":45.955373,"lng":3.064358,"name":"Yves Braun","web":"http://www.yvesbraun.fr","txt":"Verrier au chalumeau ","wiki":null,"tel":"0473633014","postCode":63460,"city":"Teilhède","addr":"route de Manzat, ","cat":"OR","email":"braun.yves@free.fr","suspect":0}
,{"lat":45.551328,"lng":3.383584,"name":"Romain Priolet","web":"","txt":"Eleveur Salers","wiki":null,"tel":"0684061107","postCode":63490,"city":"Saint-Quentin-sur-Sauxillanges","addr":"La Sagnole ","cat":"AV","email":"","suspect":0}
,{"lat":45.484181,"lng":3.253548,"name":"domaine de parpasset","web":"","txt":"Producteur de fruits","wiki":null,"tel":"0678406091","postCode":63500,"city":"Le Broc","addr":" domaine de Parpasset 63500 Le Broc","cat":"AF","email":"domainedeparpasset@orange.fr","suspect":0}
,{"lat":45.507075,"lng":3.146196,"name":"l'élevage de nathalie","web":"","txt":"L'élevage de Nathalie confectionne des produits laitiers issue du lait de chèvre.","wiki":null,"tel":"0788790263","postCode":63500,"city":"Vodable","addr":" Rue des Gaillardes","cat":"AF","email":"celine.macchabee6@gmail.com","suspect":0}
,{"lat":45.548611,"lng":3.180842,"name":"SARL ABAT JOUR DU MOULIN","web":"http://www.abatjour.com","txt":" Fabricant et restaurateur d'abat-jour","wiki":null,"tel":"0662535492","postCode":63500,"city":"Perrier","addr":"Moulin du Pont Estrade, ","cat":"OE","email":"AJLEMOULIN@AOL.COM","suspect":0}
,{"lat":45.545309,"lng":3.249304,"name":"ATELIER CUIR DES PRADEAUX","web":"http://www.cuirdespradeaux.fr/","txt":"Sellier","wiki":null,"tel":"0473550631","postCode":63500,"city":"Issoire","addr":"46, rue Berbiziale, ","cat":"OT","email":"cuirdespradeaux@orange.fr","suspect":0}
,{"lat":45.536788,"lng":3.253105,"name":"ATELIER LAVE ÉMAILLÉE JOËLLE VERJAT","web":"http://joelle.verjat.pagesperso-orange.fr","txt":" Emailleur","wiki":null,"tel":"0473890081","postCode":63500,"city":"Issoire","addr":"46 bis, rue de Lavaur, ","cat":"OP","email":"jf.verjat@wanadoo.fr","suspect":0}
,{"lat":45.820943,"lng":3.028379,"name":"Pierre BONNEFOY","web":"","txt":"agriculteur","wiki":null,"tel":"0662905723","postCode":63530,"city":"Chanat-la-Mouteyre","addr":"36 rue des pradeaux L'Etang 63530 Chanat la Mouteyre","cat":"AC","email":"","suspect":0}
,{"lat":45.869605,"lng":3.042158,"name":"Le Rucher de Volvic","web":"","txt":"Apiculteur","wiki":null,"tel":"0473338036","postCode":63530,"city":"Volvic","addr":"29 rue des Vignes ","cat":"AA","email":"","suspect":0}
,{"lat":45.707322,"lng":3.091139,"name":"guillaume marquet","web":"","txt":"Aviculteur et producteur d'arbres fruitiers, il conçoit boissons et autres produits dérivés (biscuits, sirops,...).","wiki":null,"tel":"0676025238","postCode":63540,"city":"Romagnat","addr":" 5 rue du Café OPME ","cat":"A","email":"","suspect":0}
,{"lat":45.705107,"lng":3.083067,"name":"GAEC Puy Giroux","web":"","txt":"Agriculteur","wiki":null,"tel":"0624012598","postCode":63540,"city":"Romagnat","addr":"Domaine de Pradet Ompe 63540 romagnat","cat":"AV","email":"","suspect":0}
,{"lat":46.126999,"lng":2.846464,"name":"Brasserie des Sagnes","web":"","txt":"Brasseur","wiki":null,"tel":"0788474579","postCode":63560,"city":"Menat","addr":"La Boule ","cat":"AB","email":"","suspect":0}
,{"lat":45.519916,"lng":3.444717,"name":"Alain Perron","web":"","txt":"Eleveur","wiki":null,"tel":"0473712700","postCode":63580,"city":"Le Vernet-Chaméane","addr":"La Vachère 63580 Chaméane","cat":"AV","email":"","suspect":0}
,{"lat":45.544645,"lng":3.783821,"name":" RICHARD DE BAS - MOULINS A PAPIERS DU VAL DE LAGA","web":"http://www.richarddebas.fr","txt":" Fabricant de papier","wiki":null,"tel":"0659902513","postCode":63600,"city":"Ambert","addr":"RICHARD DE BAS, 63600 AMBERT","cat":"OD","email":"rdb@wanadoo.fr","suspect":0}
,{"lat":45.550302,"lng":3.742004,"name":"Centre Culturel le Bief","web":"http://www.lebief.org","txt":"Imprimeur en taille-douce","wiki":null,"tel":"0630178469","postCode":63600,"city":"Ambert","addr":"23 rue des Chazeaux, ","cat":"OD","email":"ben@lebief.org","suspect":0}
,{"lat":45.550507,"lng":3.74362,"name":"ReCréa63","web":"","txt":"Fabricant et restaurateur d'abat-jour","wiki":null,"tel":"0660117758","postCode":63600,"city":"Ambert","addr":"21 boulevard de L'Europe, 63600 AMBERT","cat":"OE","email":"recrea.63.lucie@gmail.com","suspect":0}
,{"lat":45.550926,"lng":3.740567,"name":"Le Local","web":"http://lelocalambert.wixsite.com/ambert","txt":"Produits : Fruits, Légumes, Poissons, Viandes, Fromages, Oeufs et produits laitiers, Pain et patisseries, Miels et confitures, Huiles et vinaigres, Vins et alcools, Jus et sirops","wiki":null,"tel":"0982553003","postCode":63600,"city":"Ambert","addr":"9 Place Saint-Jean ","cat":"AG","email":"","suspect":0}
,{"lat":45.414534,"lng":2.963868,"name":"Denis Verdier","web":"","txt":"Exploitation agricole transformation fromagère","wiki":null,"tel":"0673871481","postCode":63610,"city":"Compains","addr":"Brion Bas ","cat":"AF","email":"","suspect":0}
,{"lat":45.418,"lng":3.536,"name":"la bourieto","web":"https://locavores.fr/annuaire/6097/vente-directe-producteur/GAEC%20de%20la%20Bourieto/63630/Fayet-Ronaye","txt":"Producteur de viandes et volailles, il confectionne également des produits laitiers.","wiki":null,"tel":"0473720745","postCode":63630,"city":"Fayet-Ronaye","addr":" La Baffie","cat":"AV","email":"","suspect":1}
,{"lat":45.873968,"lng":3.624383,"name":"ETS DUMAS","web":"","txt":"Doreur","wiki":null,"tel":"0675232987","postCode":63650,"city":"La Monnerie-le-Montel","addr":"Les Girauds Faures, 63650 LA MONNERIE LE MONTEL","cat":"OF","email":"contact@ets-dumas.com","suspect":0}
,{"lat":45.876097,"lng":3.623971,"name":"SARL CLAUDE DOZORME","web":"http://www.dozorme-claude.fr","txt":" Coutelier","wiki":null,"tel":"0473514106","postCode":63650,"city":"La Monnerie-le-Montel","addr":"ZA racine - BP 19, 63650 La Monnerie","cat":"OC","email":"claudine@dozorme-claude.fr","suspect":0}
,{"lat":45.703572,"lng":3.169381,"name":"SOURET MICHEL","web":"http://www.michelsouret.fr","txt":"Tourneur sur bois","wiki":null,"tel":"0473695619","postCode":63670,"city":"Orcet","addr":"4, rue de l'arcade, ","cat":"OO","email":"info@michelsouret.fr","suspect":0}
,{"lat":46.236943,"lng":2.895576,"name":"poulets bio lemonnier","web":"https://www.poulet-lemonnier.fr/","txt":"Nous sommes producteurs de poulets bio sur une exploitation familiale située à Lapeyrouse (63700). Nous faisons de la vente directe de poulets bio prêt à cuire à la ferme, uniquement sur commande.","wiki":null,"tel":"0666440854","postCode":63700,"city":"Lapeyrouse","addr":" Lapeyrouse","cat":"AV","email":"contact@poulet-lemonnier.fr","suspect":0}
,{"lat":46.237924,"lng":2.862853,"name":"spiruline des volcans","web":"","txt":"Ferme de spiruline paysanne Auvergnate. La ferme est installée au lieu-dit Villargeat sur la commune de Lapeyrouse (63700). La spiruline est un aliment de l'antiquité. C'est un micro-organisme, une cyanobactérie âgée de 3.5 milliards réalisant la photosynthèse et à l'origine de l'oxygénation de la Terre. Elle est cultivée sous serre (à l'abri des pollutions), dans 420m² de bassins, sans OGM et sans pesticide. Les étapes de production sont réalisées à la ferme : récolte, filtration, pressage, mise en spaghettis, séchage à base température et conditionnement.\nElle est vendue sous forme de paillettes, la saupoudrer dans l'alimentation (plat de crudités, légumes, féculents, poissons, salade, ...) sur une tartine, dans un yaourt, une compote, ...\nLa spiruline est un superaliment.","wiki":null,"tel":"","postCode":63700,"city":"Lapeyrouse","addr":" Villargeat","cat":"AM","email":"","suspect":0}
,{"lat":45.578363,"lng":2.965133,"name":"FONTAINES PETRIFIANTES DE SAINT NECTAIRE","web":"http://www.fontaines-petrifiantes.fr","txt":" Sculpteur ornemaniste","wiki":null,"tel":"0473885080","postCode":63710,"city":"Saint-Nectaire","addr":"Villa des Sources, ","cat":"OZ","email":"contact@fontaines-petrifiantes.fr","suspect":0}
,{"lat":45.685475,"lng":3.200235,"name":"ARCHI-TACT","web":"http://www.archi-tact.com","txt":" Fabricant et restaurateur de maquettes","wiki":null,"tel":"0473771313","postCode":63730,"city":"Les Martres-de-Veyre","addr":"32, rue des Roches, 63730 Les Martres de Veyre","cat":"J","email":"isabelle.dapzol@archi-tact.com","suspect":0}
,{"lat":45.689686,"lng":3.203612,"name":"ATELIER DOREAU","web":"http://jjdoreau.fr","txt":" Sculpteur sur bois","wiki":null,"tel":"0473392492","postCode":63730,"city":"Mirefleurs","addr":"67, avenue de l'Allier, 63730 MIREFLEURS","cat":"OO","email":"creations.doreau@laposte.net","suspect":0}
,{"lat":45.959814,"lng":2.874734,"name":"Les Petits Fruits des Volcans","web":"","txt":"Producteur de fruits","wiki":null,"tel":"0664666638","postCode":63780,"city":"Saint-Georges-de-Mons","addr":"Gagne ","cat":"AF","email":"","suspect":0}
,{"lat":45.734949,"lng":3.180114,"name":"Butimiel","web":"","txt":"Apiculteur","wiki":null,"tel":"0473916324","postCode":63800,"city":"Cournon-d'Auvergne","addr":"Rue le Corbusier 63800 Cournon d'Auvergne","cat":"AA","email":"","suspect":0}
,{"lat":45.734538,"lng":3.191634,"name":"Safran du Livradois Forez","web":"","txt":"Producteur d'épices","wiki":null,"tel":"0676993796","postCode":63800,"city":"Cournon-d'Auvergne","addr":"7 impasse Sous les Puys  63800 Cournon d'Auvergne","cat":"AO","email":"","suspect":0}
,{"lat":45.748589,"lng":3.162205,"name":"EBENISTERIE COSSON - SARL COSSON","web":"http://www.meubles-cosson.com","txt":" Ebéniste","wiki":null,"tel":"0670988229","postCode":63800,"city":"Cournon-d'Auvergne","addr":"4 rue Louis Blériot, ","cat":"OO","email":"meublecosson@orange.fr","suspect":0}
,{"lat":45.468984,"lng":2.608645,"name":"L'Agneau des Bruyères","web":"","txt":"Eleveuse de brebis","wiki":null,"tel":"0473222510","postCode":63810,"city":"Cros","addr":" Fouillat","cat":"AV","email":"","suspect":0}
,{"lat":45.638161,"lng":2.719123,"name":"elevage gasteau","web":"https://vente-directe-de-produits-fermiers-28.webself.net/?fbclid=IwAR0x16lls6_aXNiy8VtY7oFZ9dCEOgRB_mqQfVOpb_1prXTHt4Ny7zBTbA0","txt":"Nous sommes Nathalie et Paul Gasteau, agriculteurs-éleveurs en Auvergne, dans le Puy-de-Dôme.\nNos animaux sont élevés en pâture tout l'été et l'hiver à l'étable où ils mangent les récoltes de nos prairies.\nLa conduite de notre troupeau vise à produire une viande Aubrac de qualité.\nDe plus, le respect du bien être animal et de l'environnement sont les mots clés.","wiki":null,"tel":"0698594400","postCode":63820,"city":"Laqueuille","addr":" Chez Jamet","cat":"AV","email":"paul.gasteau@wanadoo.fr","suspect":0}
,{"lat":45.63974,"lng":2.728674,"name":"Ferme de la Jonquille","web":"www.la-jonquille.fr","txt":"Produits : Viandes, Traiteur et charcuterie, Fromages, Miels et confitures, Épicerie, Vins et alcools, Jus et sirops","wiki":null,"tel":"0473655319","postCode":63820,"city":"Laqueuille","addr":"Route de Saint-Sauvés ","cat":"AG","email":"","suspect":0}
,{"lat":45.392024,"lng":3.871648,"name":"ÉBÉNISTERIE- DÉCORATION MORIVAL SARL","web":"http://www metiersdart-puydedome.com","txt":"Restaurateur de meubles","wiki":null,"tel":"0473959487","postCode":63840,"city":"Sauvessanges","addr":"Place de l'Eglise, ","cat":"OO","email":"moirival.ebeniste@laposte.net","suspect":0}
,{"lat":45.674262,"lng":3.635839,"name":"L'ILE AUX CRAYONS","web":"http://www.ileauxcrayons.com","txt":" Tourneur sur bois","wiki":null,"tel":"0473729249","postCode":63880,"city":"Olliergues","addr":"29, avenue rhin et danube, ","cat":"OO","email":"ilocrayon@free.fr","suspect":0}
,{"lat":45.598,"lng":3.651,"name":"le soleil du mas","web":"https://sites.google.com/view/le-soleil-du-mas/miellerie?authuser=0&pli=1","txt":"Apiculteur...\nMiel, pollen frais, hydromel, bougies...","wiki":null,"tel":"0782416230","postCode":63890,"city":"Grandval","addr":" Le Mas","cat":"AA","email":"","suspect":0}
,{"lat":45.559408,"lng":3.647827,"name":"hervé roche","web":"","txt":"Éleveur de bovin et producteur de produits laitiers et oléo-protéagineux.","wiki":null,"tel":"0473957284","postCode":63890,"city":"Le Monestier","addr":" Ferme des Liorangues","cat":"AF","email":"","suspect":0}
,{"lat":45.786664,"lng":3.286601,"name":"ManuApiBee","web":"","txt":"APICULTEUR","wiki":null,"tel":"0661986038","postCode":63910,"city":"Vertaizon","addr":"11 Allée du buisson 63910 VERTAIZON","cat":"AA","email":"","suspect":0}
,{"lat":45.760265,"lng":3.305661,"name":"Earl la garde","web":"","txt":"Agriculteur","wiki":null,"tel":"0684449811","postCode":63910,"city":"Vassel","addr":"20 chemin du pan-bas ","cat":"AC","email":"","suspect":0}
,{"lat":45.776346,"lng":3.31772,"name":"ATELIER FOURNIER","web":"http://art-auto-de-luxe-c-t-fournier.fr","txt":"Fabricant et restaurateur de maquettes","wiki":null,"tel":"0661406422","postCode":63910,"city":"Bouzel","addr":"1, rue de verdonnet, ","cat":"J","email":"ctfournier@free.fr","suspect":0}
,{"lat":45.769131,"lng":3.288024,"name":"ENIL CRÉATION","web":"http://restauration-de-poupees.fr","txt":" Fabricant et restaurateur de jeux et jouets","wiki":null,"tel":"0679302188","postCode":63910,"city":"Vertaizon","addr":"8 impasse de l'Horloge, ","cat":"J","email":"marilinepoupees@gmail.com","suspect":0}
,{"lat":45.455732,"lng":3.741343,"name":"Gaec de masselebre","web":"","txt":"Eleveur","wiki":null,"tel":"0609108481","postCode":63940,"city":"Marsac-en-Livradois","addr":"Masselebre 63940 Marsac En livradois","cat":"AV","email":"","suspect":0}
,{"lat":45.600757,"lng":2.690874,"name":"La Ruche des Volcans","web":"","txt":"Apiculteur","wiki":null,"tel":"0682931106","postCode":63950,"city":"Saint-Sauves-d'Auvergne","addr":"ZA le corneloux ","cat":"AA","email":"","suspect":0}
]}