{"id":29,"producers":[
{"lat":48.014034,"lng":-4.143622,"name":"ASSOCIATION CHANTIER D'INSERTION","web":"","txt":"MARAICHAGE BIOLOGIQUE","wiki":null,"tel":"0298950967","postCode":29000,"city":"Quimper","addr":"271 ROUTE DE GUENGAT 29000 QUIMPER","cat":"A","email":"","suspect":0}
,{"lat":47.96149,"lng":-4.083135,"name":"BIJOUX PIERRE TOULHOAT","web":"http://www.toulhoat.com","txt":"Médailleur","wiki":null,"tel":"0298906379","postCode":29000,"city":"Quimper","addr":"350, route de Bénodet, ","cat":"OB","email":"info@toulhoat.com","suspect":0}
,{"lat":47.987616,"lng":-4.106911,"name":"HENRIOT-QUIMPER","web":"http://www.hb-henriot.com","txt":"Peintre sur faïence","wiki":null,"tel":"0668766657","postCode":29000,"city":"Quimper","addr":"Rue Haute Locmaria, ","cat":"OD","email":"eric.ligen@hb-henriot.com","suspect":0}
,{"lat":47.986554,"lng":-4.117279,"name":"SARL JP LE BIHAN VITRAUX","web":"http://lebihanvitraux.over-blog.fr/","txt":" Maître-verrier (ou Vitrailliste)","wiki":null,"tel":"0298552038","postCode":29000,"city":"Quimper","addr":"3, rue Michel Marion, 29000 QUIMPER","cat":"OR","email":"antoinelebihan29@laposte.net","suspect":0}
,{"lat":47.988541,"lng":-4.110923,"name":"La Ferme de Locmaria","web":"https://www.facebook.com/lafermedelocmaria/","txt":"Produits : Rayon bio, Fruits, Légumes, Viandes, Traiteur et charcuterie, Volaille et lapin, Fromages, Oeufs et produits laitiers, Pain et patisseries, Miels et confitures, Huiles et vinaigres, Épicerie, Vins et alcools, Jus et sirops","wiki":null,"tel":"0625224296","postCode":29000,"city":"Quimper","addr":"11 rue du 19 mars 1962 ","cat":"AG","email":"","suspect":0}
,{"lat":48.095811,"lng":-4.324929,"name":"HASCOËT PIERRE","web":"http://hascoet-tourneur;com","txt":"Vernisseur finisseur","wiki":null,"tel":"0666198649","postCode":29100,"city":"Douarnenez","addr":"1 rampe du Rosmeur, ","cat":"OO","email":"hascoet_tourneur@hotmail.com","suspect":0}
,{"lat":48.094263,"lng":-4.326836,"name":"Miss TERRE de l'Ouest ceramique","web":"http://www.mad-in-dz/mimi.caroff","txt":"Tourneur céramique","wiki":null,"tel":"0676572577","postCode":29100,"city":"Douarnenez","addr":"2 rue du Couëdic 104 rue Laennec, ","cat":"OP","email":"mimi.caroff@free.fr","suspect":0}
,{"lat":48.093553,"lng":-4.32481,"name":"NATHALIE DÉROUET - CÉRAMISTE\n","web":"http://www.nathaliederouet.com","txt":" Céramiste","wiki":null,"tel":"0298923379","postCode":29100,"city":"Douarnenez","addr":"56 rue Anatole France, ","cat":"OP","email":"contact@nathaliederouet.com","suspect":0}
,{"lat":48.091068,"lng":-4.326779,"name":"RIVE DOUARN'","web":"","txt":" Tapissier d'ameublement/tapissier décorateur","wiki":null,"tel":"0668324415","postCode":29100,"city":"Douarnenez","addr":"45 rue Jean Jaurès, 29100 DOUARNENEZ","cat":"OE","email":"rive-douarn@orange.fr","suspect":0}
,{"lat":47.86856,"lng":-4.219342,"name":"la ferme des ptits pimousses","web":"http://www.lafermedesptitspimousses.fr","txt":"La ferme des ptits pimousses est une petite exploitation maraîchère familiale, qui produit une gamme variée de légumes bio toute l'année, dans une démarche agro-écologique.","wiki":null,"tel":"0661799187","postCode":29120,"city":"Pont-l'Abbé","addr":" Le rest","cat":"AM","email":"contact@lafermedesptitspimousses.fr","suspect":0}
,{"lat":47.865018,"lng":-4.227712,"name":"BYM","web":"","txt":"Verrier","wiki":null,"tel":"0298872658","postCode":29120,"city":"Pont-l'Abbé","addr":"16 rue de Kerentrée, 29120 Pont l'Abbé","cat":"OE","email":"biger.yves@neuf.fr","suspect":0}
,{"lat":47.865778,"lng":-4.28036,"name":"LA CORNE A MUSE","web":"http://www.lacorneamuse.com","txt":"Graveur sur ivoire et autres matériaux d'origine animale","wiki":null,"tel":"0633314399","postCode":29120,"city":"Saint-Jean-Trolimon","addr":"5 rue du cap Sizun, ","cat":"OD","email":"lacorneamuse@orange.fr","suspect":0}
,{"lat":47.867305,"lng":-4.221784,"name":"LE MINOR SARL","web":"http://www.leminorboutique.com","txt":"Fabricant d'objets décoratifs en tissus (patchworks, tissus appliqués, coussins, drapeaux.)","wiki":null,"tel":"0298870722","postCode":29120,"city":"Pont-l'Abbé","addr":"5 Quai Saint-Laurent, 29120 Pont-L'Abbé","cat":"OE","email":"info@leminorboutique.com","suspect":0}
,{"lat":47.871373,"lng":-4.213737,"name":"MANART","web":"http://manny-d.blogspot.com","txt":" Bijoutier fantaisie","wiki":null,"tel":"0298872382","postCode":29120,"city":"Pont-l'Abbé","addr":"Route de l'Ile Chevalier Pen ar Prat, 29120 Pont l'Abbé","cat":"OB","email":"manny.d@orange.fr","suspect":0}
,{"lat":47.85308,"lng":-4.216137,"name":"VITRAIL & MOSAïQUES","web":"http://www.vitrail-et-mosaiques.fr","txt":"Maître-verrier (ou Vitrailliste)","wiki":null,"tel":"0616451507","postCode":29120,"city":"Pont-l'Abbé","addr":"43, rue Jeanne d'Arc, ","cat":"OE","email":"laurence.charlot@laposte.net","suspect":0}
,{"lat":48.202256,"lng":-4.174585,"name":"patrick quere","web":"","txt":"Cultivateur de fruits et légumes, ils transforment ses pommes en produits dérivés (gelées, jus, compotes). Il vend également de la volaille, de la viande et de la charcuterie.","wiki":null,"tel":"0298860417","postCode":29150,"city":"Dinéault","addr":" Ty Coat","cat":"AVM","email":"patycoat@gmail.com","suspect":0}
,{"lat":48.240929,"lng":-4.497158,"name":"rolf mamber","web":"","txt":"L'exploitation agricole de Crozon a pour activité l'horticulture maraîchère.","wiki":null,"tel":"0298271196","postCode":29160,"city":"Crozon","addr":" 50 rue Chateaubriand","cat":"AM","email":"","suspect":0}
,{"lat":48.238904,"lng":-4.534045,"name":"marjorie sanchez et guillaume bozec","web":"","txt":"Cultivateurs de céréales, fruits et légumes biologiques.","wiki":null,"tel":"0298276762","postCode":29160,"city":"Crozon","addr":" Kernaou","cat":"AMCF","email":"","suspect":0}
,{"lat":48.255286,"lng":-4.506071,"name":"EARL La bergerie de Crozon","web":"https://www.bergeriedecrozon.com","txt":"Agriculteur","wiki":null,"tel":"0679734801","postCode":29160,"city":"Crozon","addr":" Manoir de Goandour 29160 CROZON","cat":"AV","email":"","suspect":0}
,{"lat":48.245315,"lng":-4.406948,"name":"Elevage de KERUN","web":"","txt":"éleveur","wiki":null,"tel":"0637683677","postCode":29160,"city":"Crozon","addr":"Kerun 29160 CROZON","cat":"A","email":"","suspect":0}
,{"lat":48.256218,"lng":-4.413095,"name":"La ferme des petites vaches (gaec le rozic)","web":"","txt":"paysan(ne)s BIO","wiki":null,"tel":"0660627894","postCode":29160,"city":"Crozon","addr":"kerbiriou 29160 CROZON","cat":"A","email":"","suspect":0}
,{"lat":47.90004,"lng":-4.021495,"name":"Atelier d'Encadrement","web":"http://www.atelierencadrement.fr/","txt":" Encadreur","wiki":null,"tel":"0298566308","postCode":29170,"city":"Fouesnant","addr":"8 espace Kervihan, 29170 FOUESNANT","cat":"OO","email":"contact@atelierencadrement.fr","suspect":0}
,{"lat":48.023202,"lng":-4.15173,"name":"ferme du lièvre blanc","web":"","txt":"Maraîchage diversifié\nLégumes de saison, biologiques & locaux\nEn vente directe : marchés, magasins de producteurs.trices, vente à la ferme et paniers","wiki":null,"tel":"0662611524","postCode":29180,"city":"Guengat","addr":" lieu-dit Pencran","cat":"AM","email":"fermedulievreblanc@gmail.com","suspect":0}
,{"lat":48.075909,"lng":-4.204532,"name":"Coquelibio","web":"","txt":"Maraîcher","wiki":null,"tel":"0298918510","postCode":29180,"city":"Plogonnec","addr":"Maner Kéreil ","cat":"A","email":"","suspect":0}
,{"lat":48.255916,"lng":-4.002796,"name":"Les ruchers de Nina","web":"","txt":"Apicultrice","wiki":null,"tel":"0624131371","postCode":29190,"city":"Pleyben","addr":"ar ferzou 29190 pleyben","cat":"A","email":"","suspect":0}
,{"lat":48.33938,"lng":-4.01222,"name":"Le Ranch de Kerbongout","web":"","txt":"Éleveur","wiki":null,"tel":"0687395323","postCode":29190,"city":"Saint-Rivoal","addr":"Meilh Pont Glas 29190 St Rivoal","cat":"A","email":"","suspect":0}
,{"lat":48.192488,"lng":-3.988734,"name":"ATELIER LA TERRE TOURNE","web":"http://jeannesarah.com","txt":" Céramiste","wiki":null,"tel":"0618783955","postCode":29190,"city":"Pleyben","addr":"Stéréon Pont Coblant, ","cat":"OP","email":"barbotine3@yahoo.fr","suspect":0}
,{"lat":48.338396,"lng":-4.006634,"name":"Terres d’Arrée","web":"","txt":"Produits : Rayon bio, Légumes, Poissons, Viandes, Traiteur et charcuterie, Fromages, Pain et patisseries, Miels et confitures, Huiles et vinaigres, Épicerie, Vins et alcools, Jus et sirops","wiki":null,"tel":"0298814910","postCode":29190,"city":"Saint-Rivoal","addr":"Le Bourg ","cat":"AG","email":"","suspect":0}
,{"lat":48.382409,"lng":-4.504493,"name":"ATELIER DE RESTAURATION DE SCULPTURES","web":"","txt":" Restaurateur de faïence et de porcelaine","wiki":null,"tel":"0643877659","postCode":29200,"city":"Brest","addr":"14, rue Pierre Loti, ","cat":"OE","email":"florencejaulin@gmail.com","suspect":0}
,{"lat":48.400691,"lng":-4.486123,"name":"GRAVURE D'ART SUR PIERRE","web":"http://www.gravures-gendreau.fr","txt":" Graveur sur pierre","wiki":null,"tel":"0298445133","postCode":29200,"city":"Brest","addr":"10, rue Pierre Riquet, 29200 BREST","cat":"OZ","email":"joel.gendreau2@orange.fr","suspect":0}
,{"lat":48.395093,"lng":-4.479401,"name":"L'atelier Papier","web":"http://www.pascaleloget.fr","txt":"Marbreur sur papier à la main","wiki":null,"tel":"0607696952","postCode":29200,"city":"Brest","addr":"3 place Maurice Gillet, ","cat":"OD","email":"atelierpapierbrest@gmail.com","suspect":0}
,{"lat":48.396384,"lng":-4.467643,"name":"Le Nagard hervé","web":"http://www.atelier-lenagard.fr","txt":" Ebéniste","wiki":null,"tel":"0607374911","postCode":29200,"city":"Brest","addr":"1 rue louis pidoux, ","cat":"OO","email":"contact@atelier-lenagard.fr","suspect":0}
,{"lat":48.35867,"lng":-4.765723,"name":"ATELIER 36 Christian Georget","web":"http://www.oiseauxdemer.free.fr ","txt":" Céramiste","wiki":null,"tel":"0298891492","postCode":29217,"city":"Le Conquet","addr":"36, rue Kennedy, 29217 le conquet","cat":"OP","email":"christian.georget@free.fr","suspect":0}
,{"lat":48.345872,"lng":-4.704854,"name":"Solenn'Art Sculpteur","web":"http://terredamour.com","txt":"Restaurateur de faïence et de porcelaine","wiki":null,"tel":"0678560978","postCode":29217,"city":"Plougonvelin","addr":"2 boulevard de la Mer -  Résidence de l'Océan - B49, ","cat":"OP","email":"contact@terredamour.com","suspect":0}
,{"lat":48.64806,"lng":-4.135805,"name":"Gaec Ferme de kerantosfal","web":"","txt":"Agriculture","wiki":null,"tel":"0770079886","postCode":29233,"city":"Cléder","addr":"Kerantosfal ","cat":"A","email":"","suspect":0}
,{"lat":48.666703,"lng":-3.99615,"name":"Légumes Project","web":"","txt":"Maraîcher bio","wiki":null,"tel":"0623677305","postCode":29250,"city":"Saint-Pol-de-Léon","addr":"Kerguelen ","cat":"A","email":"","suspect":0}
,{"lat":48.660304,"lng":-3.984398,"name":"Ferme ty coz","web":"","txt":"Agriculteur plein champ et sous abri","wiki":null,"tel":"0673596950","postCode":29250,"city":"Saint-Pol-de-Léon","addr":"ty coz kerisnel 29250 saint pol de leon","cat":"A","email":"","suspect":0}
,{"lat":48.533839,"lng":-4.3135,"name":"cendrea nature","web":"https://www.cendreanature.fr/","txt":"Fabrication de produits ménagers 100% biologiques sous label Nature&Progrès, le seul label à proscrire toute substance pétrochimique.","wiki":null,"tel":"0783122252","postCode":29260,"city":"Ploudaniel","addr":" 5 rue de la liberté ","cat":"AO","email":"cendreanature@gmail.com","suspect":0}
,{"lat":48.609107,"lng":-4.368542,"name":"MENEZ","web":"","txt":"Eleveur","wiki":null,"tel":"0675352131","postCode":29260,"city":"Saint-Frégant","addr":"Kerfréoc 29260 Saint Frégant","cat":"A","email":"","suspect":0}
,{"lat":48.568558,"lng":-4.407567,"name":"Infuse bijoux","web":"http://https://sandraovono.com","txt":" Verrier","wiki":null,"tel":"0650138331","postCode":29260,"city":"Kernilis","addr":"3 KERGOUESNOU, 29260 KERNILIS","cat":"OE","email":"sandra.ovono@gmail.com","suspect":0}
,{"lat":48.253703,"lng":-3.598014,"name":"la rigadelle","web":"","txt":"Ferme en Permaculture sur Sol Vivant et Haies Fruitieres","wiki":null,"tel":"","postCode":29270,"city":"Carhaix-Plouguer","addr":" Kernabat 29270 carhaix","cat":"AMF","email":"larigadelle@orange.fr","suspect":0}
,{"lat":47.860843,"lng":-3.492666,"name":"Pomme d'api'zz","web":"","txt":"Apicultrice et arboricultrice","wiki":null,"tel":"0786418570","postCode":29300,"city":"Rédené","addr":"Rospernes - Roz Spernez 29300 Rédéné","cat":"A","email":"","suspect":0}
,{"lat":47.881702,"lng":-3.496176,"name":"AMAP de Rédéné","web":"","txt":"Association pour le Maintien de l'Agriculture Paysanne","wiki":null,"tel":"0786418570","postCode":29300,"city":"Rédené","addr":"Rospernes  29300 Rédéné","cat":"A","email":"","suspect":0}
,{"lat":47.870189,"lng":-3.544152,"name":"L'ENDROIT EN VERRE","web":"","txt":"Verrier","wiki":null,"tel":"","postCode":29300,"city":"Quimperlé","addr":"rue du Bourgneuf, ","cat":"OR","email":"contact@endroit-en-verre.fr","suspect":0}
,{"lat":47.845457,"lng":-3.696002,"name":"UN VENT DE TOUS LES DIABLES","web":"http://www.unventdetouslesdiables.fr","txt":"Peintre sur porcelaine","wiki":null,"tel":"0298065846","postCode":29340,"city":"Riec-sur-Bélon","addr":"7, rue Alain Berthou A proximité de Pont Aven, 29340 Riec sur Bélon","cat":"OD","email":"contact@unventdetouslesdiables.com","suspect":0}
,{"lat":47.817398,"lng":-3.613804,"name":"GRAVELINE","web":"http://www.graveline-couteliers.com","txt":" Coutelier","wiki":null,"tel":"0680447894","postCode":29350,"city":"Moëlan-sur-Mer","addr":"Rue de Kerbrézillic, 29350 Moëlan sur Mer","cat":"OC","email":"atelier.graveline@wanadoo.fr","suspect":0}
,{"lat":47.815728,"lng":-3.559067,"name":"Les Chèvres de Marie","web":"","txt":"Eleveuse / Fromagère","wiki":null,"tel":"0630943935","postCode":29360,"city":"Clohars-Carnoët","addr":"Kernenez ","cat":"A","email":"","suspect":0}
,{"lat":47.955675,"lng":-3.659866,"name":"La Chèvrerie de Botlan","web":"","txt":"Agriculteur","wiki":null,"tel":"0298354211","postCode":29380,"city":"Bannalec","addr":"Botlan Kerlec ","cat":"A","email":"","suspect":0}
,{"lat":47.940293,"lng":-3.612613,"name":"Les Jardins de Kerbellec","web":"","txt":"Maraîcher","wiki":null,"tel":"0298354228","postCode":29380,"city":"Saint-Thurien","addr":"Kerbellec ","cat":"A","email":"","suspect":0}
,{"lat":47.978673,"lng":-3.711809,"name":"AROMATIC Pépinière","web":"","txt":"pépinièriste","wiki":null,"tel":"0683017257","postCode":29390,"city":"Scaër","addr":"Lojou 29390 SCAER","cat":"A","email":"","suspect":0}
,{"lat":48.027233,"lng":-3.703029,"name":"Cathleen Céramique","web":"http://www.cathleenceramique.fr","txt":"Potier raku","wiki":null,"tel":"0782749048","postCode":29390,"city":"Scaër","addr":"36 RUE JEAN JAURES, 29390 SCAER","cat":"OP","email":"cath@cathleenceramique.fr","suspect":0}
,{"lat":48.470997,"lng":-4.041397,"name":"SCEA Kervi","web":"","txt":"Avicultrice","wiki":null,"tel":"0679410408","postCode":29400,"city":"Lampaul-Guimiliau","addr":"Kerviliner ","cat":"A","email":"","suspect":0}
,{"lat":48.497626,"lng":-4.010157,"name":"GAEC Les Pieds dans l'Herbe","web":"","txt":"Eleveuses laitières","wiki":null,"tel":"0668533654","postCode":29400,"city":"Guimiliau","addr":"Kerforn 29400 GUIMILIAU","cat":"A","email":"","suspect":0}
,{"lat":48.464055,"lng":-3.974919,"name":"PAPIER RELIé","web":"http://www.moulin-de-kereon.net","txt":"Relieur","wiki":null,"tel":"0298789296","postCode":29400,"city":"Saint-Sauveur","addr":"Moulin de Kereon, ","cat":"OD","email":"papier@moulin-de-kereon.net","suspect":0}
,{"lat":48.492951,"lng":-4.039632,"name":"POTERIE DIDIER BOUREL","web":"http://www.poterie-bourel.fr","txt":"Potier de porcelaine","wiki":null,"tel":"0298686372","postCode":29400,"city":"Lampaul-Guimiliau","addr":"11, place de l'église, ","cat":"OP","email":"did.bourel@orange.fr","suspect":0}
,{"lat":48.452653,"lng":-3.955695,"name":"Lapin Miam","web":"","txt":"Eleveur de lapins","wiki":null,"tel":"0298789352","postCode":29410,"city":"Saint-Thégonnec Loc-Eguiner","addr":"Ti Prad ar Yeun 29410 Loc-Eguiner-Saint-Thégonnec","cat":"A","email":"","suspect":0}
,{"lat":48.392337,"lng":-4.056135,"name":"La Ferme de Joséphine","web":"","txt":"élevage et production de fromages","wiki":null,"tel":"0603771028","postCode":29450,"city":"Sizun","addr":"LAUNAY 29450 SIZUN","cat":"A","email":"","suspect":0}
,{"lat":48.339253,"lng":-4.259857,"name":"Goasven","web":"www.goasven.fr","txt":"Produits : Rayon bio, Fruits, Légumes, Viandes, Traiteur et charcuterie, Volaille et lapin, Fromages, Oeufs et produits laitiers, Pain et patisseries, Miels et confitures, Épicerie, Vins et alcools, Jus et sirops","wiki":null,"tel":"0298211958","postCode":29460,"city":"Logonna-Daoulas","addr":"Goasven ","cat":"AG","email":"","suspect":0}
,{"lat":48.370018,"lng":-4.372198,"name":"le boulanger masqué","web":"http://www.dicimeme.bzh/intermediaires/boulanger-masque","txt":"Vente de pains bio, farine de froment.\nPétris à la main. Levain doux.","wiki":null,"tel":"0651213017","postCode":29470,"city":"Plougastel-Daoulas","addr":" 5 rue du Printemps","cat":"AC","email":"","suspect":0}
,{"lat":48.348155,"lng":-4.404759,"name":"Lily fait tout","web":"","txt":"Maraîcher","wiki":null,"tel":"0644862827","postCode":29470,"city":"Plougastel-Daoulas","addr":"kerzivez huella 29470 plougastel-daoulas","cat":"A","email":"","suspect":0}
,{"lat":48.349647,"lng":-4.312355,"name":"GAEC À la volée","web":"","txt":"Pépinière plants de légumes aromatiques fleurs et petits fruits","wiki":null,"tel":"0677051719","postCode":29470,"city":"Loperhet","addr":"Kergreac’h ","cat":"A","email":"","suspect":0}
,{"lat":48.017761,"lng":-4.010167,"name":"épicerie de poséidon","web":"https://fromages-algues.mystrikingly.com/","txt":"producteur de produits laitiers (lait de vache) et de produits à base d'algues : fromages (frais, secs ou affinés) avec de nombreux parfums, yaourts (15 parfums), mozzarella, fromage blanc, faisselle, lait ribot, kefir et caramel beurre salé\nmoutarde aux algues, gros sel et sel fin de Guérande aux algues, tartinable aux algues, houmous aux algues\nainsi que des ateliers de découverte des algues et des ateliers de cuisine aux algues (sur inscription ou carte cadeau)\nQuelques produits sont également disponibles comme le miel, chanvre etc","wiki":null,"tel":"0660828376","postCode":29500,"city":"Ergué-Gabéric","addr":" 1 allée des sources, 29500 Ergué gabéric 29","cat":"AA","email":"lydie.auger@cisvie.com","suspect":0}
,{"lat":48.111557,"lng":-3.954486,"name":"Pierre-Alain Ferec","web":"","txt":"Eleveur","wiki":null,"tel":"0298575590","postCode":29510,"city":"Edern","addr":"Roudoufloc'h ","cat":"A","email":"","suspect":0}
,{"lat":48.101879,"lng":-3.998525,"name":"Vers le Pays Vert","web":"www.vers-le-pays-vert.fr","txt":"Produits : Rayon bio","wiki":null,"tel":"0695687532","postCode":29510,"city":"Briec","addr":"6 rue de la Résistance ","cat":"AG","email":"","suspect":0}
,{"lat":48.115053,"lng":-3.810504,"name":"bergerie des ifs","web":"https://www.lespaysanssolidaires.fr/index.php?route=product/manufacturer/info&manufacturer_id=56","txt":"La Bergerie des Ifs propose des produits laitiers issue du lait de brebis et lait de vache, de la viandes et de la charcuteries.","wiki":null,"tel":"0675963120","postCode":29520,"city":"Laz","addr":" Ker Maez","cat":"AV","email":"","suspect":1}
,{"lat":48.177042,"lng":-3.83017,"name":"Ferme de Ty An Du","web":"","txt":"Agriculteur","wiki":null,"tel":"0647353021","postCode":29520,"city":"Châteauneuf-du-Faou","addr":"Le Beron ","cat":"A","email":"","suspect":0}
,{"lat":48.306556,"lng":-3.865343,"name":"POTERIE ARTISANALE PIERRE SIZORN","web":"http://www.poterie-sizorn.bzh","txt":"Potier de grès","wiki":null,"tel":"0298264212","postCode":29530,"city":"Plonévez-du-Faou","addr":"Kertanguy, 29530 Plonevez du faou","cat":"OP","email":"contact@poterie-sizorn.bzh","suspect":0}
,{"lat":48.173012,"lng":-4.290589,"name":"NADINE URVOAZ","web":"http://www.nadineurvoaz.com/","txt":"Potier raku","wiki":null,"tel":"0683327577","postCode":29550,"city":"Plomodiern","addr":"Pointe de Lestrévet, ","cat":"OP","email":"nadine.urvoaz@wanadoo.fr","suspect":0}
,{"lat":48.232025,"lng":-4.358023,"name":"L’Abeille et la Bêche","web":"www.labeille-et-labeche.fr","txt":"Produits : Rayon bio, Légumes, Viandes, Fromages, Oeufs et produits laitiers, Pain et patisseries, Miels et confitures, Huiles et vinaigres, Épicerie, Vins et alcools","wiki":null,"tel":"0298172167","postCode":29560,"city":"Telgruc-sur-Mer","addr":"9 rue Feuteun Ven ","cat":"AG","email":"","suspect":0}
,{"lat":48.571126,"lng":-3.850528,"name":"la marchande de crèpes","web":"","txt":"Fabrication et vente de crêpes et galettes fraiches, livraison à domicile et sur lieu de travail, sur Morlaix et sa région.","wiki":null,"tel":"0624730044","postCode":29600,"city":"Saint-Martin-des-Champs","addr":" Sainte seve 29600 Sainte-Sève ","cat":"AO","email":"","suspect":0}
,{"lat":48.619904,"lng":-3.8403,"name":"Exploitation du lycée agricole de Suscinio","web":"","txt":"Maraîcher bio","wiki":null,"tel":"0632682697","postCode":29600,"city":"Morlaix","addr":"Lycée agricole de Suscinio ","cat":"A","email":"","suspect":0}
,{"lat":48.580331,"lng":-3.835637,"name":"SB Décoration","web":"http://www.sbdecoration.net","txt":" Tapissier d'ameublement/tapissier décorateur","wiki":null,"tel":"0683201505","postCode":29600,"city":"Morlaix","addr":"Rue Villeneuve, ","cat":"OE","email":"contact@sbdecoration.net","suspect":0}
,{"lat":48.402183,"lng":-3.633742,"name":"philippe et pascale fevre","web":"","txt":"L'exploitation agricole de Scrignac est spécialisé dans l'élevage de bovins.","wiki":null,"tel":"0298782437","postCode":29640,"city":"Scrignac","addr":" Stang Ar Floch","cat":"AV","email":"","suspect":0}
,{"lat":48.655707,"lng":-3.910407,"name":"Stéphanie Séruzier","web":"http://stephanieseruzier.com","txt":" Laqueur","wiki":null,"tel":"0628435179","postCode":29660,"city":"Carantec","addr":"34, rue parc Ar Meneyer, ","cat":"OO","email":"stephanieseruzier@orange.fr","suspect":0}
,{"lat":48.698601,"lng":-3.998748,"name":"Ferme de Porz an Park","web":"","txt":"Maraîcher","wiki":null,"tel":"0781094918","postCode":29680,"city":"Roscoff","addr":"Keravel ","cat":"A","email":"","suspect":0}
,{"lat":48.719349,"lng":-3.974298,"name":"SCEA Ferme de Kergus","web":"","txt":"Producteur de légumes du Léon","wiki":null,"tel":"0651439853","postCode":29680,"city":"Roscoff","addr":"Roche Trevigner 29680 ROSCOFF","cat":"A","email":"","suspect":0}
,{"lat":48.346418,"lng":-3.737934,"name":"ATELIER DES TAILLEURS DE PIERRES","web":"http://www.bouarka.com","txt":"Tailleur de pierre","wiki":null,"tel":"0298997617","postCode":29690,"city":"Huelgoat","addr":"Zone Artisanale du Vieux Tronc, 29690 HUELGOAT","cat":"OE","email":"marc@bouarka.com","suspect":0}
,{"lat":47.978941,"lng":-4.170615,"name":"ATELIER CHARLES ROBERT - VITRAUX D'ART","web":"","txt":" Maître-verrier (ou Vitrailliste)","wiki":null,"tel":"0608032120","postCode":29700,"city":"Pluguffan","addr":"Moulin de Kéreuret, 29700 PLUGUFFAN","cat":"OR","email":"c.robert.720@wanadoo.fr","suspect":0}
,{"lat":47.964923,"lng":-4.146718,"name":"CHCREATIONVERRE SCULPTEUR VERRIER","web":"http://www.christianherry.com","txt":"Verrier","wiki":null,"tel":"0298535140","postCode":29700,"city":"Plomelin","addr":"35 - hent penhoat bras zone artisanale de Plomelin, 29700 PLOMELIN","cat":"OR","email":"ch@christianherry.com","suspect":0}
,{"lat":47.951753,"lng":-4.391903,"name":"ty garden","web":"http://tygarden29.fr/","txt":"Ty Garden depuis 2020, sur la commune de POULDREUZIC produit plus d'une vingtaines de légumes biologiques de la graine jusqu'à la graine sur 2200m2. \n\nCe qui permet de proposer des variétés de légumes « non standard » parmi ma grainothèque (+ de 60 variétés de tomates, 20 de salades, 27 de courges, 6 de courgettes, 9 de maïs et bien d’autres).\n\nTy garden c'est d'abord un jardin familiale qui propose à ces clients le \"surplus\" de production de ce lieu, vous consommer ce que je mange également !\n\nAucun pesticide ou autres produits chimiques chez moi. Ni de sulfate de cuivre ou autres chimies. Que des remèdes naturels et surtout la nature qui fait pour moi.","wiki":null,"tel":"0683689162","postCode":29710,"city":"Pouldreuzic","addr":" lieu-dit perros","cat":"AM","email":"tygarden29@gmail.com","suspect":0}
,{"lat":47.951751,"lng":-4.391989,"name":"EIRL Tygarden","web":"","txt":"maraîcher","wiki":null,"tel":"0683689162","postCode":29710,"city":"Pouldreuzic","addr":"lieu-dit perros 29710 POULDREUZIC","cat":"A","email":"","suspect":0}
,{"lat":47.973995,"lng":-4.324516,"name":"Esprit Safran","web":"","txt":"Productrice de safran et physalis biologiques","wiki":null,"tel":"0661590109","postCode":29710,"city":"Pouldreuzic","addr":"Kerintec ","cat":"A","email":"","suspect":0}
,{"lat":47.969276,"lng":-4.42771,"name":"DE L'ÉBÈNE AU SYCOMORE","web":"http://ebenesycomore.neuf.fr","txt":"Restaurateur de meubles","wiki":null,"tel":"0611919222","postCode":29710,"city":"Plozévet","addr":"Rue du Menhir Kerrest, ","cat":"OO","email":"ebenesycomore@neuf.fr","suspect":0}
,{"lat":47.79439,"lng":-4.288673,"name":"VIRGINIE TORRE","web":"http://www.virginietorre.over-blog.com","txt":" Peintre en décor","wiki":null,"tel":"0298581682","postCode":29730,"city":"Guilvinec","addr":"Marcel Sembat n° 18, ","cat":"OE","email":"virginie.torre@laposte.net","suspect":0}
,{"lat":47.829201,"lng":-4.24241,"name":"Les Tisanes Bigoudènes & Cie","web":"","txt":"Agriculteur","wiki":null,"tel":"0673558576","postCode":29740,"city":"Plobannalec-Lesconil","addr":"Lieu dit Menez Bris 29740 Plobannalec","cat":"A","email":"","suspect":0}
,{"lat":47.820866,"lng":-4.244731,"name":"Atelier L'Esprit Créateur","web":"","txt":"Potier de porcelaine","wiki":null,"tel":"0298665541","postCode":29740,"city":"Plobannalec-Lesconil","addr":"2, hent kerleusquenet, ","cat":"OP","email":"contact@baszdesign.com","suspect":0}
,{"lat":47.814868,"lng":-4.32542,"name":"Pâtures Oubliées","web":"","txt":"eleveur","wiki":null,"tel":"0651493015","postCode":29760,"city":"Penmarch","addr":"rue poul caillo 29760 Penmarc'h","cat":"A","email":"","suspect":0}
,{"lat":47.817015,"lng":-4.375354,"name":"L'ETOILE D'OR","web":"","txt":" Restaurateur de meubles","wiki":null,"tel":"0298587268","postCode":29760,"city":"Penmarch","addr":"178, rue Lucien Le Lay, 29760 St Guenole-Penmarch","cat":"OO","email":"","suspect":0}
,{"lat":48.379089,"lng":-4.228995,"name":"LE SIGNOR LTD","web":"http://www.lesignor.com","txt":" Maçon","wiki":null,"tel":"0298250227","postCode":29800,"city":"Saint-Urbain","addr":"Guren ar c'hoadic, ","cat":"OM","email":"p.lesignor@wanadoo.fr","suspect":0}
,{"lat":48.444714,"lng":-4.278227,"name":"CONVERSET","web":"http://www.sculpture-metaux.com","txt":" Sculpteur sur métal","wiki":null,"tel":"0561645927","postCode":29800,"city":"Landerneau","addr":"Le Presbytère, 09240 ALLIERES","cat":"OF","email":"rc@sculpture-metaux.com","suspect":0}
,{"lat":48.399293,"lng":-4.712631,"name":"maryvonne le hir","web":"","txt":"Agricultrice spécialisée dans l'horticulture maraîchère.","wiki":null,"tel":"0298338793","postCode":29810,"city":"Ploumoguer","addr":" Droelloc Nevez","cat":"AM","email":"","suspect":0}
,{"lat":48.510877,"lng":-4.690019,"name":"Bijoux l'Art en Argent","web":"http://bijoux-art-en-argent.fr","txt":" Bijoutier en métaux précieux","wiki":null,"tel":"0632296497","postCode":29830,"city":"Plourin","addr":"18, rue de Kuz Héol, ","cat":"OB","email":"c.l29@sfr.fr","suspect":0}
,{"lat":48.545166,"lng":-4.650454,"name":"LA POTERIE","web":"http://www.b-lefeuvre-ceramiste.fr","txt":"Tourneur céramique","wiki":null,"tel":"0298480730","postCode":29830,"city":"Lampaul-Ploudalmézeau","addr":"19, hameau de Kersquivit, 29830 Lampaul-Ploudalmezeau","cat":"OP","email":"b-lefeuvre@club-internet.fr","suspect":0}
,{"lat":48.508501,"lng":-4.401109,"name":"henri thépaut","web":"","txt":"Production de légumes à Plabennec. Vente de paniers de légume.","wiki":null,"tel":"0298404516","postCode":29860,"city":"Plabennec","addr":" Kerillo","cat":"AM","email":"hthepaut@wanadoo.fr","suspect":0}
,{"lat":48.497574,"lng":-4.424617,"name":"Keribio","web":"http://facebook.com/keribio","txt":"Produits : Rayon bio, Fruits, Légumes, Viandes, Volaille et lapin, Fromages, Oeufs et produits laitiers, Pain et patisseries, Miels et confitures, Vins et alcools, Jus et sirops","wiki":null,"tel":"0671288452","postCode":29860,"city":"Plabennec","addr":"Kerilleau ","cat":"AG","email":"","suspect":0}
,{"lat":48.570764,"lng":-4.527265,"name":"ATELIER RESTAURATION EXTRÊME-ORIENT","web":"http://www.silkandpaper-restoration.com","txt":"Restaurateur de textiles","wiki":null,"tel":"0663105826","postCode":29870,"city":"Lannilis","addr":"","cat":"HT","email":"camilleschmitt@yahoo.fr","suspect":0}
,{"lat":48.628102,"lng":-4.523645,"name":"ATELIER NANNICK","web":"","txt":" Céramiste","wiki":null,"tel":"0298371186","postCode":29880,"city":"Plouguerneau","addr":"Iliz Koz, 29880 PLOUGUERNEAU","cat":"OP","email":"nannick.paul@wanadoo.fr","suspect":0}
,{"lat":48.652483,"lng":-4.342437,"name":"L'ART D'AHT","web":"http://www.artht.fr","txt":" Maître-verrier (ou Vitrailliste)","wiki":null,"tel":"0626646728","postCode":29890,"city":"Plounéour-Brignogan-plages","addr":"Prat ar Hoas, 29890 Plounéour-Trez","cat":"OR","email":"aurelie.habasquetobie@gmail.com","suspect":0}
,{"lat":47.901458,"lng":-3.918036,"name":"thierry rougé - fruits rouges","web":"http://thierryrouge.fr","txt":"Producteur de fruits rouges et autres produits biologiques à Concarneau (29) : fraises, framboises, groseilles, myrtilles, cassis, kiwis, kiwaïs... Vente sur les marchés locaux : Concarneau, Trégunc, Névez, Moëlan sur mer.","wiki":null,"tel":"0667583192","postCode":29900,"city":"Concarneau","addr":" Lochrist (19 CHEMIN DE KERAMPLEN) - 29900 CONCARNEAU","cat":"AF","email":"","suspect":0}
,{"lat":47.891731,"lng":-3.914735,"name":"Safran du Stival","web":"","txt":"Productrice de safran et produits safranés","wiki":null,"tel":"0780032251","postCode":29900,"city":"Concarneau","addr":"Keramperu ","cat":"A","email":"","suspect":0}
,{"lat":47.864323,"lng":-3.88736,"name":"ATELIER TRES PETITE SERIE","web":"http://www.trespetiteserie.com","txt":" Fabricant d'objets décoratifs en tissus (patchworks, tissus appliqués, coussins, drapeaux.)","wiki":null,"tel":"","postCode":29900,"city":"Concarneau","addr":"Village Saint-Paul 9 Park Radenou, 29900 CONCARNEAU","cat":"HD","email":"trespetiteserie@hotmail.fr","suspect":0}
,{"lat":47.909896,"lng":-3.969773,"name":"LA FERME DE GUERNALAY","web":"","txt":"AGRICULTRICE","wiki":null,"tel":"0668653905","postCode":29940,"city":"La Forêt-Fouesnant","addr":"GUERNALAY ","cat":"A","email":"","suspect":0}
,{"lat":47.878598,"lng":-4.094567,"name":"CHANTIER NAVAL STAGNOL","web":"http://www.stagnol.com","txt":" Charpentier de marine","wiki":null,"tel":"0664228578","postCode":29950,"city":"Bénodet","addr":"Z.A. de Keranguyon, 29950 BENODET","cat":"OM","email":"stagnol@stagnol.com","suspect":0}
,{"lat":47.877809,"lng":-4.101252,"name":"PHILIPPE MIGNE\n","web":"","txt":" Imprimeur en taille-douce","wiki":null,"tel":"0616419015","postCode":29950,"city":"Bénodet","addr":"13, avenue de Fouesnant Au fond de l'allée, ","cat":"OD","email":"philippemigne29@orange.fr","suspect":0}
]}