{"id":83,"producers":[
{"lat":43.135828,"lng":5.930582,"name":"ATELIER DE TAILLE","web":"http://benoit.inarddargence.free.fr","txt":" Tailleur de pierre","wiki":null,"tel":"0665347810","postCode":83000,"city":"Toulon","addr":"34, allée du Commandant Scias Vallon beauséjour, 83200 Toulon","cat":"O","email":"benoit.inarddargence@free.fr"}
,{"lat":43.124254,"lng":5.929685,"name":"SUD FRANCE","web":"","txt":"Sculpteur sur bois","wiki":null,"tel":"0616260826","postCode":83000,"city":"Toulon","addr":"278, rue Jean Jaurès, 83000 TOULON","cat":"O","email":"sud-france@wanadoo.fr"}
,{"lat":43.131307,"lng":6.043052,"name":"cap spiruline","web":"https://www.capspiruline.com","txt":"Consommée depuis l'antiquité, ce super-aliment est d'une composition nutritionnelle incomparable ! A ce titre elle est reconnue par de grandes organisations internationales telles que l’ONU qui la considère comme le meilleur aliment du futur. La spiruline offre de nombreux bienfaits à l'organisme mais à petite dose... 3 à 5 grammes de spiruline par jour suffisent à combler quelques carences et à booster notre organisme. \nJ’ai créé Cap Spiruline en 2020, en devenant spirulinier à La Garde (Var), un métier passionnant d’algoculteur pour vous faire découvrir ou redécouvrir cette petite algue qui a traversé le temps !\nJe produis une Spiruline Paysanne française et conditionnée directement sur place. La spiruline est récoltée et séchée en douceur (à basse température) pour préserver au mieux ses bienfaits et garantir une très haute valeur nutritionnelle. Une production artisanale et naturelle sans OGM ni pesticides, dans le respect de l'environnement. \nSi vous connaissez déjà cet allié pour la santé, redécouvrez u","wiki":null,"tel":"0650118620","postCode":83130,"city":"La Garde","addr":" 2168 Chemin de la Maronne, 83130 La Garde","cat":"AO","email":"contact@capspiruline.com"}
,{"lat":43.314169,"lng":6.080705,"name":"créa'cosm","web":"http://www.creacosm.com/","txt":"Créa’Cosm est un laboratoire de création et de fabrication de cosmétiques naturels et bio.","wiki":null,"tel":"0494042663","postCode":83136,"city":"Rocbaron","addr":" Chemin du Pèbre d'Ai ","cat":"A","email":""}
,{"lat":43.342046,"lng":6.125641,"name":"PICAULT FRANCK","web":"http://www.franckpicault.fr","txt":"Peintre en décor","wiki":null,"tel":"0628057457","postCode":83136,"city":"Sainte-Anastasie-sur-Issole","addr":"4 PLACE SAINT JUST, 83136 SAINTE-ANASTASIE-SUR-ISSOLE","cat":"O","email":"fpicault@free.fr"}
,{"lat":43.280819,"lng":5.970459,"name":"Montres Le Meur","web":"http://Montreslemeur.com","txt":" Fabricant et restaurateur d'horloges, carillons, pendules, aiguilles, balanciers","wiki":null,"tel":"0787248388","postCode":83136,"city":"Méounes-lès-Montrieux","addr":"Place de l'ancienne école, 20145 Solenzara","cat":"O","email":"montreslemeur@gmail.com"}
,{"lat":43.469479,"lng":5.956749,"name":"DELAINI FABIEN","web":"http://www.delaini.com","txt":" Tapissier d'ameublement/tapissier décorateur","wiki":null,"tel":"0688457370","postCode":83149,"city":"Bras","addr":"9 , lot beauregard, ","cat":"O","email":"750stinger@orange.fr"}
,{"lat":43.420327,"lng":5.92418,"name":"Terra d'Esperel","web":"http://terraesperel.over-blog.com","txt":" Céramiste","wiki":null,"tel":"0675258940","postCode":83170,"city":"Tourves","addr":"Chemin Sperel - D34, 83170 TOURVES","cat":"O","email":"isa@terraesperel.com"}
,{"lat":43.1404,"lng":5.847457,"name":"ATELIER D'HORLOGERIE SANTINI","web":"http://horloger83.blog4ever.com","txt":"Restaurateurs de montres de collection","wiki":null,"tel":"0494094339","postCode":83190,"city":"Ollioules","addr":"24, rue Gambetta, ","cat":"O","email":"ateliersantini@free.fr"}
,{"lat":43.140219,"lng":5.848089,"name":"BORA POTTERY","web":"","txt":" Céramiste","wiki":null,"tel":"0494637562","postCode":83190,"city":"Ollioules","addr":"38 rue Marcellin Berthelot, ","cat":"O","email":"borapottery@wanadoo.fr"}
,{"lat":43.135264,"lng":5.857216,"name":"JEAN-LOUIS RÉZÉ","web":"http://www.lignereze-ferronnerie.com","txt":" Ferronnier","wiki":null,"tel":"0615094416","postCode":83190,"city":"Ollioules","addr":"1056, Route Nationale 8, ","cat":"O","email":"reze.jeanlouis@9business.fr"}
,{"lat":43.140428,"lng":5.847725,"name":"LE CRABE BLEU","web":"","txt":" Céramiste","wiki":null,"tel":"0494632456","postCode":83190,"city":"Ollioules","addr":"77, rue Berthelot, ","cat":"O","email":"vanina.crabe.bleu@gmail.com"}
,{"lat":43.121033,"lng":5.840204,"name":"M.A.R.C.A.","web":"http://www.marca-france.com","txt":" Facteur et Restaurateur d'Anche","wiki":null,"tel":"0494630484","postCode":83190,"city":"Ollioules","addr":"718 chemin des Delphiniums, ","cat":"O","email":"direction@marca-france.com"}
,{"lat":43.140135,"lng":5.84764,"name":"TERRE DU LEVANT","web":"","txt":" Céramiste","wiki":null,"tel":"0616502391","postCode":83190,"city":"Ollioules","addr":"13 bis, rue Gambetta, ","cat":"O","email":"desclaux6@free.fr"}
,{"lat":43.132082,"lng":5.895109,"name":"POTERIE RAYMOND BOCCARON","web":"","txt":"Potier de terre cuite","wiki":null,"tel":"0607151090","postCode":83200,"city":"Toulon","addr":"329, chemin mon Paradis, ","cat":"O","email":"raymond.boccaron@club-internet.fr"}
,{"lat":43.202643,"lng":5.988534,"name":"les ruches du mas de nuke","web":"http://www.location-var-mas-de-nuke.com","txt":"Petite production très soignée de miel et de produits dérivés de la ruche en vente directe au Mas\nvisites et initiations","wiki":null,"tel":"0674563156","postCode":83210,"city":"Solliès-Toucas","addr":" Mas de Nuke .4892 route forestière . 83210 Solliès-Toucas 8","cat":"AA","email":"alain.beauce1@googlemail.com"}
,{"lat":43.205315,"lng":6.028389,"name":"domaine trucco","web":"https://www.facebook.com/domaine.trucco","txt":"Je suis producteur de fruits et légumes dans le Var à Solliès-Toucas.\nJe possède un magasin où je vends mes produits (en direct ) et des produits d'épicerie (jus de fruits, miel, fromage, vin...) en privilégiant les producteurs locaux. \n\nNous sommes ouvert toute l'année.","wiki":null,"tel":"0494289251","postCode":83210,"city":"Solliès-Toucas","addr":" Rd 554 n°1293 les Tourettes ","cat":"AM","email":"domainetrucco@gmail.com"}
,{"lat":43.154479,"lng":6.027907,"name":"ALAIN TARAL","web":"http://www.e-visionfrance.com/taral/","txt":" Relieur","wiki":null,"tel":"0494487698","postCode":83210,"city":"La Farlède","addr":"236, Impasse de la Bergeronnette, ","cat":"O","email":"a.taral@wanadoo.fr"}
,{"lat":43.145377,"lng":6.362675,"name":"Borie de Maurel","web":"","txt":"Vigneron de pères en fils","wiki":null,"tel":"0468916858","postCode":83230,"city":"Bormes-les-Mimosas","addr":"Domaine Borie de Maurel 34210 Félines-Minervois","cat":"A","email":""}
,{"lat":43.138555,"lng":6.32937,"name":"Forge et Style","web":"http://www.forge-et-style.com","txt":" Ferronnier","wiki":null,"tel":"0609614845","postCode":83230,"city":"Bormes-les-Mimosas","addr":"495 chemin de surle BP 13, ","cat":"O","email":"forgeetstyle@gmail.com"}
,{"lat":43.195294,"lng":5.719113,"name":"domaine de l estagnol","web":"http://www.domainedelestagnol.com","txt":"Fèves\nraisin de table\nhuile d olives\nvins de Bandol\nVins cotes de Provence\nvin de table\nbouteilles et bag in box","wiki":null,"tel":"0601013552","postCode":83270,"city":"Saint-Cyr-sur-Mer","addr":" DOMAINE DE L ESTAGNOL EARL SANDRINE FERAUD 1426 ROUTE DE LA CADIERE D 66 83270 SAINT CYR SUR MER","cat":"AB","email":"sandrineferaud@hotmail.com"}
,{"lat":43.182262,"lng":5.714773,"name":"vincent moutte","web":"","txt":"L'exploitation agricole de Saint-Cyr-sur-Mer est spécialisée dans l'apiculture.","wiki":null,"tel":"0494249217","postCode":83270,"city":"Saint-Cyr-sur-Mer","addr":" 101 chemin des Poissonniers","cat":"AA","email":""}
,{"lat":43.171721,"lng":5.703407,"name":"BEATRICE POTHIN GALLARD","web":"http://www.pothin-gallard.com","txt":" Sculpteur statuaire","wiki":null,"tel":"0614259702","postCode":83270,"city":"Saint-Cyr-sur-Mer","addr":"7, Lot Provence 1, 83270 Saint Cyr sur Mer","cat":"O","email":"beatrice@pothin-gallard.com"}
,{"lat":43.530522,"lng":6.462297,"name":"A MOTS COUVERTS","web":"","txt":" Relieur","wiki":null,"tel":"0677224109","postCode":83300,"city":"Draguignan","addr":"14, clos des Acacias Le Fournas, 83300 DRAGUIGNAN","cat":"O","email":"atelierdereliure@orange.fr"}
,{"lat":43.538237,"lng":6.466829,"name":"AURELIEUR","web":"http://https://www.facebook.com/ferreri.aurelieur","txt":"Restaurateur de reliures","wiki":null,"tel":"0769424381","postCode":83300,"city":"Draguignan","addr":"14 rue de Trans, ","cat":"O","email":"ferreri.aurelio@free.fr"}
,{"lat":43.552301,"lng":6.437471,"name":"Mes Patines Adorées","web":"http://www.mes-patines-adorees.fr","txt":" Peintre sur bois","wiki":null,"tel":"0687792514","postCode":83300,"city":"Draguignan","addr":"632 av. Frédéric Henri Manhes, 83300 DRAGUIGNAN","cat":"O","email":"mariedo2635@gmail.com"}
,{"lat":43.541105,"lng":6.456333,"name":"Michael Magne","web":"http://www.michael-magne.com","txt":"Sculpteur sur bois","wiki":null,"tel":"0632645000","postCode":83300,"city":"Draguignan","addr":"32 Av Alphonse Daudet, 83300 DRAGUIGNAN","cat":"O","email":"m.magne@laposte.net"}
,{"lat":43.250523,"lng":6.538015,"name":"COURRIEU ET FILS","web":"http://www.courrieu-pipes.com","txt":" Pipier","wiki":null,"tel":"0494546382","postCode":83310,"city":"Cogolin","addr":"42-60 avenue Clémenceau, ","cat":"O","email":"courrieu.pipes@wanadoo.fr"}
,{"lat":43.109626,"lng":6.047283,"name":"comada","web":"http://en cours","txt":"producteur d'épices à Madagascar\norganique-equitable","wiki":null,"tel":"0612371223","postCode":83320,"city":"Carqueiranne","addr":" le beau vezé rte la moutonne ","cat":"AO","email":"courbonphilippe@voila.fr"}
,{"lat":43.085123,"lng":6.102126,"name":"COULEUR LOCALE","web":"http://www.couleur-loc.fr","txt":"Peintre sur bois","wiki":null,"tel":"0494579467","postCode":83320,"city":"Carqueiranne","addr":"1381, avenue Font-Brun, ","cat":"O","email":"eolius@free.fr"}
,{"lat":43.435671,"lng":6.36294,"name":"PIERRES DE ROSETTE","web":"http://www.pierres-rosette.fr","txt":"Tailleur de pierre","wiki":null,"tel":"0672179675","postCode":83340,"city":"Le Thoronet","addr":"7150 HAMEAU DES BERTRANDS, 83340 LE THORONET","cat":"O","email":"info@pierres-rosette.fr"}
,{"lat":43.469164,"lng":6.306208,"name":"POTERIE DU SCORPION","web":"http://www.poterieduscorpion.com","txt":"Potier de terre cuite","wiki":null,"tel":"0687238550","postCode":83340,"city":"Le Thoronet","addr":"Hameau du Moutas, ","cat":"O","email":"contact@poterieduscorpion.com"}
,{"lat":43.108339,"lng":6.106177,"name":"METAL'ART","web":"","txt":" Ferronnier","wiki":null,"tel":"0494575314","postCode":83400,"city":"Hyères","addr":"759, chemin de la Source ZI St Martin, ","cat":"O","email":"metalart@wanadoo.fr"}
,{"lat":43.038449,"lng":6.131286,"name":"POTERIE DE LA PRESQU'ÎLE","web":"http://www.poterie-giens.com","txt":" Céramiste","wiki":null,"tel":"","postCode":83400,"city":"Hyères","addr":"Impasse Rue Vieille Giens, ","cat":"O","email":"mymybelhaj@yahoo.fr"}
,{"lat":43.109411,"lng":6.108628,"name":"VERRE L'ESSENTIEL","web":"http://www.verrelessentiel.com","txt":" Verrier à la main","wiki":null,"tel":"0665191514","postCode":83400,"city":"Hyères","addr":"526 chemin de la Source  - ZI Saint Martin, ","cat":"O","email":"contact@verrelessentiel.com"}
,{"lat":43.073174,"lng":5.911811,"name":"VOILERIE SNS ALL PURPOSE MED","web":"http://allpurpose.fr","txt":" Tapissier d'ameublement/tapissier décorateur","wiki":null,"tel":"0630229894","postCode":83430,"city":"Saint-Mandrier-sur-Mer","addr":"Parc des Activités Marines, 83430 Saint Mandrier sur Mer","cat":"O","email":"info@allpurposemed.fr"}
,{"lat":43.612879,"lng":6.815457,"name":"CATHERINE TORRES","web":"http://2ct.fr","txt":" Potier de porcelaine","wiki":null,"tel":"0677853350","postCode":83440,"city":"Montauroux","addr":"boulevard Verdi, ","cat":"O","email":"cc.torres@wanadoo.fr"}
,{"lat":43.637247,"lng":6.660763,"name":"LA BOUCHONNERIE","web":"","txt":" Sculpteur sur pierre","wiki":null,"tel":"0494705635","postCode":83440,"city":"Seillans","addr":"349 B chemin des Hauts Adrechs Route de Bargemon la Bouchonnerie, ","cat":"O","email":"f.soisyc.m@wanadoo.fr"}
,{"lat":43.468485,"lng":6.485629,"name":"POTERIE THIERRY PERRAUD","web":"","txt":" Potier de grès","wiki":null,"tel":"0662283128","postCode":83460,"city":"Les Arcs","addr":"Quartier Sainte Cécile Poterie, ","cat":"O","email":"perraud.poterie@wanadoo.fr"}
,{"lat":43.471128,"lng":5.86843,"name":"graines de producteurs en direct de nos fermes","web":"http://grainesdeproducteurs.fr","txt":"Association de producteurs qui dans un même lieu y commercialisent leurs produits en vente directe/","wiki":null,"tel":"0498143220","postCode":83470,"city":"Saint-Maximin-la-Sainte-Baume","addr":" D 560 route de Barjols","cat":"A","email":""}
,{"lat":43.446909,"lng":5.851489,"name":"provence-bio: loic godderis","web":"","txt":"Agriculteur depuis plus de 18 ans à St Maximin, je suis en agriculture Biologique  depuis 10 ans sur le marché paysan et le grand marché du mercredi. Je ne vends que des légumes de saison et quelques fruits. Je fais mon possible de proposer aux clients des produits locaux et de qualité sur le marché avec ma production et celle de mes collègues en complément. Venez nous découvrir, nous serons enchantés de votre présence.","wiki":null,"tel":"0695398365","postCode":83470,"city":"Saint-Maximin-la-Sainte-Baume","addr":" 125 allée des Bastides, apt 13 ","cat":"AM","email":"nathalie@provence-bio.com"}
,{"lat":43.43615,"lng":5.880192,"name":"FAGGIONATO","web":"http://www.faggionato.fr","txt":"Fondeur ","wiki":null,"tel":"0667232491","postCode":83470,"city":"Saint-Maximin-la-Sainte-Baume","addr":"1009 ANCIEN CHEMIN DE TOURVES, 83470 SAINT-MAXIMIN-LA-SAINTE-BAUME","cat":"O","email":"contact@faggionato.fr"}
,{"lat":43.489581,"lng":5.776232,"name":"La Pierre du Mejean","web":"","txt":"Tourneur sur pierre","wiki":null,"tel":"0613133891","postCode":83470,"city":"Pourcieux","addr":"La Bastide Blanche, ","cat":"O","email":"lapierredumejean@gmail.com"}
,{"lat":43.453074,"lng":5.862941,"name":"LES VITRAUX DU HERON","web":"http://www.vitrauxduheron.fr","txt":"Restaurateur de vitraux","wiki":null,"tel":"0620332008","postCode":83470,"city":"Saint-Maximin-la-Sainte-Baume","addr":"6 bis rue de l'hôtel de ville, ","cat":"O","email":"vitraux.heron@orange.fr"}
,{"lat":43.440984,"lng":5.857731,"name":"SANTONS D'ART EYGAZIER","web":"","txt":" Santonnier","wiki":null,"tel":"0494594554","postCode":83470,"city":"Saint-Maximin-la-Sainte-Baume","addr":"398, petite route de Marseille, ","cat":"O","email":"santons.eygazier@free.fr"}
,{"lat":43.110025,"lng":5.8775,"name":"tomelea","web":"http://bleu-olives.com/","txt":"Tomelea, laboratoire fabricant de produits cosmétiques bio à base d’huile d’olive et d’huiles essentielles.","wiki":null,"tel":"0494941547","postCode":83500,"city":"La Seyne-sur-Mer","addr":" 223 avenue Estienne d'Orves","cat":"A","email":"contact@bleu-olives.com"}
,{"lat":43.109565,"lng":5.850831,"name":"oshun","web":"","txt":"Oshun réalise la création et la production de cosmétiques naturels, biologiques et écologiques.","wiki":null,"tel":"0619711690","postCode":83500,"city":"La Seyne-sur-Mer","addr":" 865 avenue de Bruxelles ZA les Payes Jean Monnet Nord","cat":"A","email":""}
,{"lat":43.404951,"lng":6.675578,"name":"terroir aveyronnais","web":"http://www.terroiraveyronnais.com","txt":"vente de spécialités aveyronnaises: charcuterie, plats cuisinés, spécialités sucrées.Terroir aveyronnais est présent le lundi matin sur le marché des Issambres,le mardi et le vendredi sur le marché de st Aygulf,le mercredi sur le marché Cogolin ,le jeudi à st maxime et le dimanche a Fréjus plage.Venez retrouver notre Camion magasin pour un rendez-vous gourmand !","wiki":null,"tel":"0603536393","postCode":83520,"city":"Roquebrune-sur-Argens","addr":" 131 domaine des 2 collines","cat":"AG","email":"terroir.aveyronnais@Gmail.com"}
,{"lat":43.631302,"lng":5.783064,"name":"ATELIER GARANCE","web":"http://www.isabelle-garance.com","txt":"Restaurateur de meubles","wiki":null,"tel":"0603398778","postCode":83560,"city":"Rians","addr":"828A, chemin de Valavès, ","cat":"O","email":"isabelle.barale@wanadoo.fr"}
,{"lat":43.592887,"lng":5.879399,"name":"ATELIER DE SCULPTURE LUTFI ROMHEIN","web":"http://www.lutfi-romhein.com","txt":"Sculpteur sur pierre","wiki":null,"tel":"0618748195","postCode":83560,"city":"Saint-Martin-de-Pallières","addr":"Le Sapin Bleu Chemin du lavoir, 83560 Esparron-de-Pallières","cat":"O","email":"lutfi.romhein@free.fr"}
,{"lat":43.612935,"lng":5.736908,"name":"LES PIGMENTS DE LA VIE","web":"http://lespigmentsdelavie.fr","txt":"Restaurateur de meubles","wiki":null,"tel":"0625868699","postCode":83560,"city":"Rians","addr":"1513 route de Jouques, 83560 RIANS","cat":"O","email":"info@lespigmentsdelavie.fr"}
,{"lat":43.605969,"lng":5.757996,"name":"MMbatiKCreations","web":"","txt":"Modéliste","wiki":null,"tel":"0677096222","postCode":83560,"city":"Rians","addr":"29 RUE DE LA REPUBLIQUE, 83560 RIANS","cat":"O","email":"maryline.kovacs@gmail.com"}
,{"lat":43.494281,"lng":6.084493,"name":"jardin l'orée d'argens","web":"","txt":"production et vente de fruits et légumes en direct a la ferme \nle mercredi jeudi et vendredi de 16h a 19h ( horaires variables selon la saison )\npour connaitre les jours et heures d'ouverture:04.94.86.12.68 ( messagerie)","wiki":null,"tel":"0671874694","postCode":83570,"city":"Correns","addr":" 2136 quartier la paremiane","cat":"AM","email":""}
,{"lat":43.493077,"lng":6.235498,"name":"la ferme en folie","web":"","txt":"Agriculture Raisonnée.\n\nÉleveur de volailles et lapins fermiers plein air.\n\nPetite culture maraichère en plein champs.","wiki":null,"tel":"0623776621","postCode":83570,"city":"Entrecasteaux","addr":" Quartier du Pimaquet Occidentale","cat":"AVMO","email":"lafermenfolie@orange.fr"}
,{"lat":43.513742,"lng":6.242565,"name":"CHAMBRIER","web":"http://www.patricechambrier.com","txt":"Potier raku","wiki":null,"tel":"0494044705","postCode":83570,"city":"Entrecasteaux","addr":"2, montée du Château, ","cat":"O","email":"p.chambrier@free.fr"}
,{"lat":43.5282,"lng":6.149701,"name":"DE L'AUTRE CôTé DU CIEL","web":"http://myspace.com/delautrecoteduciel","txt":" Céramiste","wiki":null,"tel":"0664990759","postCode":83570,"city":"Cotignac","addr":"7 rue Léon Gérard, ","cat":"O","email":"corinnebrisco@club-internet.fr"}
,{"lat":43.51459,"lng":6.243513,"name":"FAÏENCERIE D'ART D'ENTRECASTEAUX","web":"http://www.faienceriedart.com","txt":" Décorateur céramique","wiki":null,"tel":"0494044046","postCode":83570,"city":"Entrecasteaux","addr":"La Place, ","cat":"O","email":"contact@faienceriedart.com"}
,{"lat":43.433485,"lng":6.737719,"name":"ATELIER IMPRESSION","web":"","txt":" Imprimeur en lithographie","wiki":null,"tel":"0664769820","postCode":83600,"city":"Fréjus","addr":"22, rue du Bourguet, ","cat":"O","email":"mario.ferreri@wanadoo.fr"}
,{"lat":43.432716,"lng":6.738163,"name":"ESPACE CONTEMPORAIN","web":"","txt":"Peintre en décor","wiki":null,"tel":"0650658193","postCode":83600,"city":"Fréjus","addr":"41, place Castelli, ","cat":"O","email":"olivia.moelo@orange.fr"}
,{"lat":43.449729,"lng":6.727506,"name":"Ocre Rouge","web":"http://sandrinelorenzo.com","txt":" Peintre en décor","wiki":null,"tel":"0608668485","postCode":83600,"city":"Fréjus","addr":"Résidence la Palmeraie rue des combattants d'AFN, ","cat":"O","email":"sandrinelorenzo@wanadoo.fr"}
,{"lat":43.433028,"lng":6.734665,"name":"Terre d'Esterel","web":"","txt":" Céramiste","wiki":null,"tel":"0683562512","postCode":83600,"city":"Fréjus","addr":"11 place Castellane, ","cat":"O","email":"Ho.Laure83@gmail.com"}
,{"lat":43.628306,"lng":6.224723,"name":"JEAN-JACQUES CASTEX","web":"http://www.netvibes.com/castex","txt":"Peintre décorateur sur tissu","wiki":null,"tel":"0610980995","postCode":83630,"city":"Aups","addr":"8, rue du Marché, ","cat":"O","email":"jjcastex@gmail.com"}
,{"lat":43.381277,"lng":5.702469,"name":"ATELIER D'ENCADREMENT ET DE RESTAURATION DE BOIS DORE","web":"","txt":"Encadreur","wiki":null,"tel":"0442729037","postCode":83640,"city":"Saint-Zacharie","addr":"avenue Gaston de Saport, ","cat":"O","email":"aaaimsaporta@aol.com"}
,{"lat":43.401159,"lng":5.693916,"name":"GUY BINOT - ARTISAN FERRONNIER","web":"http://www.ferronnerie-binot.com","txt":" Ferronnier","wiki":null,"tel":"0618225991","postCode":83640,"city":"Saint-Zacharie","addr":"Chemin d'Estusse, ","cat":"O","email":"guy.binot@libertysurf.fr"}
,{"lat":43.534794,"lng":6.02774,"name":"l'escargot bleu","web":"","txt":"L'Escargot Bleu cultive céréales, fruits et légumes, produit du miel et élève de la volaille.","wiki":null,"tel":"0952043427","postCode":83670,"city":"Pontevès","addr":" Chemin du Vierard","cat":"AM","email":""}
,{"lat":43.56598,"lng":6.1567,"name":"les jardins du jas","web":"https://www.caemosaique.fr/entrepreneurs/lesjardinsdujas/","txt":"Production et vente directe de légumes bio. Olivia vous fait découvrir les légumes qu'elle cultive seule à Sillans-la-Cascade. Maraîchage biologique diversifié sur petite surface.","wiki":null,"tel":"0681758826","postCode":83690,"city":"Sillans-la-Cascade","addr":" Sillans-la-Cascade","cat":"AM","email":"lesjardinsdujas@hotmail.com"}
,{"lat":43.573132,"lng":6.186128,"name":"ferme de la lauve","web":"http://fermedelalauve.blogspot.com","txt":"Paysannes herboristes dans le Haut Var, nous produisons,cueillons et transformons nos plantes selon le cahier des charges du syndicat des Simples et en bio. Nous proposons des plantes sèches simples ou en mélange, des extraits de plantes (alcoolature, macérats de bourgeons), des sirops artisanaux et autres produits à base de plantes.","wiki":null,"tel":"0616223170","postCode":83690,"city":"Sillans-la-Cascade","addr":" Chemin de la Haute Mude","cat":"A","email":"fermedelalauve@gmail.com"}
,{"lat":43.568604,"lng":6.286434,"name":"ATELIER WIART","web":"http://www.atelier-wiart.com","txt":"Emailleur","wiki":null,"tel":"0616728758","postCode":83690,"city":"Villecroze","addr":"Route de Draguignan, ","cat":"O","email":"mp@atelier-wiart.com"}
,{"lat":43.559294,"lng":6.254225,"name":"CARRELAGES DE PROVENCE","web":"http://www.carrelagesdeprovence.com","txt":"Restaurateur de faïence et de porcelaine","wiki":null,"tel":"0616396270","postCode":83690,"city":"Salernes","addr":"route de Draguignan, ","cat":"O","email":"contact@carrelagesdeprovence.com"}
,{"lat":43.421461,"lng":6.793452,"name":"MV BOAT","web":"http://www.mv-boat.com","txt":" Charpentier de marine","wiki":null,"tel":"0609182807","postCode":83700,"city":"Saint-Raphaël","addr":"26, boulevard Jean Moulin ZA Les Genêts, ","cat":"O","email":"contact@mv-boat.com"}
,{"lat":43.196481,"lng":5.756899,"name":"ATELIER DU TIRE CRIN","web":"http://www.montapissier.fr","txt":" Tapissier d'ameublement/tapissier décorateur","wiki":null,"tel":"0610292429","postCode":83740,"city":"La Cadière-d'Azur","addr":"2, avenue Gabriel Péri, 83740 La Cadière d'Azur","cat":"O","email":"montapissier@free.fr"}
,{"lat":43.196233,"lng":5.754411,"name":"ATELIER VALÉRIE FRÉROT","web":"","txt":"Tisserand","wiki":null,"tel":"0494900624","postCode":83740,"city":"La Cadière-d'Azur","addr":"32, rue Marx Dormoy, 83740 La-Cadière-d'Azur","cat":"O","email":"dhannyell@free.fr"}
,{"lat":43.538044,"lng":6.381578,"name":"le chaudron des abeilles","web":"","txt":"Production de miel ,confitures au miel, savon naturel au miel,\"bee wrap\",oeufs,pain paysan et pain d'épices sur commande, porte clef abeille crocheté.)","wiki":null,"tel":"0640442725","postCode":83780,"city":"Flayosc","addr":" 618 chemin du Gineste","cat":"AA","email":"Lechaudrondesabeilles@gmail.com"}
,{"lat":43.535209,"lng":6.371242,"name":"SARL VDA ANTIQUITÉS","web":"","txt":"Vernisseur au tampon ","wiki":null,"tel":"0660405348","postCode":83780,"city":"Flayosc","addr":"814, chemin des Martelles, ","cat":"O","email":"sarlvda@gmail.com"}
,{"lat":43.619231,"lng":6.551344,"name":"ATELIER MARIE PARA","web":"http://www.mariepara.com","txt":" Restaurateur de tableaux","wiki":null,"tel":"0661726634","postCode":83830,"city":"Bargemon","addr":"20 rue Gabriel Péri, ","cat":"O","email":"ateliermariepara@aol.com"}
,{"lat":43.761265,"lng":6.444533,"name":"ANNE-GAËLE ESCUDIE","web":"http://www.reliure-trigance.com","txt":" Relieur","wiki":null,"tel":"0674352863","postCode":83840,"city":"Trigance","addr":"1, place Giraud, 83840 TRIGANCE","cat":"O","email":"ag-escudie@orange.fr"}
,{"lat":43.74901,"lng":6.465091,"name":"ATELIER DE CHRISTEL","web":"","txt":" Vannier","wiki":null,"tel":"0682174992","postCode":83840,"city":"Trigance","addr":"RD 955 La Sagne, ","cat":"O","email":"christel.schlierkamp@orange.fr"}
,{"lat":43.729884,"lng":6.574028,"name":"ELSA MAGREY SCULPTEUR","web":"http://magrey.monsite.orange.fr","txt":"Sculpteur sur pierre","wiki":null,"tel":"0631035094","postCode":83840,"city":"Bargème","addr":"Montée de l'Eglise - Le village, 83840 bargeme","cat":"O","email":"elsa.magrey@wanadoo.fr"}
,{"lat":43.373893,"lng":5.779112,"name":"SAS Mlecourtier","web":"http://www.mlecourtier.com","txt":"Sellier","wiki":null,"tel":"0682645823","postCode":83860,"city":"Nans-les-Pins","addr":"166 Chemin de Pierrefeu, 83860 Nans les pins","cat":"O","email":"marylinelecourtier@gmail.com"}
,{"lat":43.371556,"lng":5.782222,"name":"L'ATELIER DELAINI","web":"http://www.delaini.com","txt":" Tapissier d'ameublement/tapissier décorateur","wiki":null,"tel":"0680013752","postCode":83860,"city":"Nans-les-Pins","addr":"3 Grand Rue, ","cat":"O","email":"delainietfils@orange.fr"}
,{"lat":43.340665,"lng":6.140796,"name":"la ferme d'amours","web":"","txt":"Poulet, pintade, oeuf, chapon (Noël)\nTraiteur cuisine asiatique réactualisée avec la viande de la ferme uniquement.","wiki":null,"tel":"0698179764","postCode":83890,"city":"Besse-sur-Issole","addr":" CHEMIN PLAN DU CHAPITRE","cat":"AV","email":"lafermedamours@orange.fr"}
,{"lat":43.342315,"lng":6.153345,"name":"ÉBÉNISTERIE DUTELLE","web":"","txt":"Restaurateur de meubles","wiki":null,"tel":"0673354257","postCode":83890,"city":"Besse-sur-Issole","addr":"2370 chemin de Peygros, ","cat":"O","email":"charles.dutelle@orange.fr"}
,{"lat":43.138349,"lng":6.371141,"name":"AQUAWOOD","web":"http://www.aquawood.fr","txt":" Charpentier de marine","wiki":null,"tel":"0954586357","postCode":83980,"city":"Le Lavandou","addr":"Port du Lavandou Môle est, ","cat":"O","email":"aquawood@free.fr"}
]}