{"id":27,"producers":[
{"lat":49.024311,"lng":1.177944,"name":"sylvain KERDAT","web":"","txt":"Apiculteur","wiki":null,"tel":"0660171799","postCode":27000,"city":"Évreux","addr":"15 rue du Coudray 27000 Evreux","cat":"A","email":""}
,{"lat":49.265006,"lng":1.216654,"name":"Les jardins de neustrie","web":"","txt":"maraicher","wiki":null,"tel":"0232630847","postCode":27100,"city":"Val-de-Reuil","addr":"sentier maraichère 27100 Val de reuil","cat":"A","email":""}
,{"lat":49.14953,"lng":0.899811,"name":"ATELIER DE VITRAIL V. JAILLETTE","web":"","txt":"Restaurateur de vitraux","wiki":null,"tel":"0614598194","postCode":27110,"city":"Le Neubourg","addr":"14 a, rue du Champ de Bataille BP 36, ","cat":"O","email":"atelierdevitrail@wanadoo.fr"}
,{"lat":49.145952,"lng":0.901781,"name":"EURL STÉPHANE BERTHON TAPISSIER","web":"http://www.artisanatdart27.com/artisan.php/stephane-berthon","txt":"Tapissier d'ameublement/tapissier décorateur","wiki":null,"tel":"0665454954","postCode":27110,"city":"Le Neubourg","addr":"46, avenue de la libération, 27110 LE NEUBOURG","cat":"O","email":"berthonstephane@orange.fr"}
,{"lat":49.058865,"lng":1.27054,"name":"Jean-Yves Paulin","web":"","txt":"Apiculteur","wiki":null,"tel":"0660130860","postCode":27120,"city":"Fontaine-sous-Jouy","addr":"Vallée d'Eure ","cat":"A","email":""}
,{"lat":48.731392,"lng":1.000735,"name":"AIM ÉBÉNISTERIE CRÉATION","web":"http://www.aim-ebenisterie.com","txt":"Ebéniste","wiki":null,"tel":"0622170766","postCode":27130,"city":"Courteilles","addr":"3, route du Fossé Royal, ","cat":"O","email":"aim.ebenisterie@gmail.com"}
,{"lat":48.739369,"lng":0.927216,"name":"ATMOSPHèRE DéCORATION","web":"http://www.atmosphere-deco.fr","txt":" Tapissier d'ameublement/tapissier décorateur","wiki":null,"tel":"0232321239","postCode":27130,"city":"Verneuil d'Avre et d'Iton","addr":"331, rue de la Madeleine, 27130 Verneuil-sur-Avre","cat":"O","email":"atmosphere.deco@wanadoo.fr"}
,{"lat":49.287072,"lng":1.77961,"name":"La Fermette Bio de l'Epte","web":"","txt":"Maraichage Biologique","wiki":null,"tel":"0613498291","postCode":27140,"city":"Gisors","addr":"29, rue d'Eragny  ","cat":"A","email":""}
,{"lat":49.354077,"lng":1.511554,"name":"jardin d'équilibre","web":"https://www.facebook.com/profile.php?id=100078377024408","txt":"Microferme bio certifié sur petite surface, produit abordable fait avec passion \nEn ce moment des plants, bientôt des légumes.","wiki":null,"tel":"0760952943","postCode":27150,"city":"Puchay","addr":" 31 rue des maunys 27150 puchay","cat":"AM","email":"Jardindequilibre@protonmail.com"}
,{"lat":48.768863,"lng":0.872397,"name":"MANUFACTURE D'ORGUES JEAN-JACQUES MOUNIER","web":"http://www.entreprisemounier.com","txt":" Facteur et restaurateur d'orgues","wiki":null,"tel":"0608463369","postCode":27160,"city":"Verneuil d'Avre et d'Iton","addr":"1 route des Raies, 27160 Francheville","cat":"O","email":"entreprisemounier@gmail.com"}
,{"lat":49.094655,"lng":0.891877,"name":"EARL de la rue du Puits","web":"","txt":"Eleveur","wiki":null,"tel":"0626563915","postCode":27170,"city":"Combon","addr":"15 bis rue du Puits ","cat":"A","email":""}
,{"lat":49.09258,"lng":1.46548,"name":"Ruchers Vernon-Giverny","web":"","txt":"Apiculteur","wiki":null,"tel":"0617430009","postCode":27200,"city":"Vernon","addr":"14 rue d'York ","cat":"A","email":""}
,{"lat":49.344477,"lng":0.342918,"name":"L'ATELIER D'ART GREGORY IBANEZ","web":"","txt":"Vernisseur au tampon ","wiki":null,"tel":"0617626618","postCode":27210,"city":"Beuzeville","addr":"32, rue de la Bertinière, 27210 BEUZEVILLE","cat":"O","email":"latelieracr@yahoo.fr"}
,{"lat":48.893789,"lng":1.295023,"name":"Les Jardins de Chloé","web":"","txt":"Maraîcher","wiki":null,"tel":"","postCode":27220,"city":"Saint-André-de-l'Eure","addr":"1 chemin de la Croix Blanche Hameau de Touvoye ","cat":"A","email":""}
,{"lat":48.904249,"lng":1.270834,"name":"JOLIE POMME","web":"","txt":" Chapelier - Modiste","wiki":null,"tel":"0232320528","postCode":27220,"city":"Saint-André-de-l'Eure","addr":"2 rue du Bel Air, 27220 Saint André de l'Eure","cat":"O","email":"chapeauxfrederic@hotmail.fr"}
,{"lat":48.831453,"lng":1.015304,"name":"SCEA PELERIN","web":"","txt":"Agriculteur","wiki":null,"tel":"0668180187","postCode":27240,"city":"Mesnils-sur-Iton","addr":"Ferme de Chicourt 27240 Roman","cat":"A","email":""}
,{"lat":48.837138,"lng":1.058304,"name":"Les serres de marcel","web":"","txt":"Maraîchage","wiki":null,"tel":"0608941853","postCode":27240,"city":"Mesnils-sur-Iton","addr":"16 le renoulet 27240 Mesnil sur Iton","cat":"A","email":""}
,{"lat":48.913452,"lng":1.115089,"name":"Ferme de la Sente aux Anes","web":"","txt":"Charcuterie à la ferme","wiki":null,"tel":"0232670026","postCode":27240,"city":"Sylvains-Lès-Moulins","addr":"2bis rue des Essarts, Le Gérier ","cat":"A","email":""}
,{"lat":48.885559,"lng":0.693328,"name":"EARL La Ferme Carré","web":"","txt":"Eleveur","wiki":null,"tel":"0621783009","postCode":27250,"city":"Les Bottereaux","addr":"9 route du GR 224 ","cat":"A","email":""}
,{"lat":48.87619,"lng":0.713318,"name":"LA BLANCHETIÈRE","web":"","txt":" Tapissier d'ameublement/tapissier décorateur","wiki":null,"tel":"0683193090","postCode":27250,"city":"Les Bottereaux","addr":"Lieu-dit La Blanchetière, ","cat":"O","email":"jathlan@gmail.fr"}
,{"lat":49.210392,"lng":0.473691,"name":"Ferme du tuilet","web":"","txt":"Agriculteur : éleveur, céréalier","wiki":null,"tel":"0632545182","postCode":27260,"city":"Morainville-Jouveaux","addr":"2924 route de jouveaux - lieu dit le thuilley 27260 Morainville Jouveaux","cat":"A","email":""}
,{"lat":49.248279,"lng":0.377353,"name":"Atelier Gouty","web":"http://www.ateliergouty.fr","txt":"Restaurateur de vitraux","wiki":null,"tel":"0698971800","postCode":27260,"city":"Cormeilles","addr":"14 place du Mont Mirel, ","cat":"O","email":"cyril.gouty630@orange.fr"}
,{"lat":49.244552,"lng":0.377502,"name":"MENUISERIE CORMEILLAIRE FABRICATION TECNOP","web":"http://www.gloriettes.fr","txt":" Ebéniste","wiki":null,"tel":"0232578084","postCode":27260,"city":"Cormeilles","addr":"Rue de Verdun BP 14, ","cat":"O","email":"contact@gloriettes.fr"}
,{"lat":49.129781,"lng":0.639872,"name":"ATELIER DE VITRAIL GWENGLASS","web":"http://www.ateliervitrail-gwenglass.com/","txt":"Restaurateur de vitraux","wiki":null,"tel":"0685202138","postCode":27300,"city":"Plasnes","addr":"14 RD 438, 27300 PLASNES","cat":"O","email":"gwenglass@orange.fr"}
,{"lat":49.052409,"lng":0.604668,"name":"ATELIER SANSON","web":"http://www.ateliersanson.fr","txt":"Tabletier","wiki":null,"tel":"0232464947","postCode":27300,"city":"Treis-Sants-en-Ouche","addr":"9 route du Moulin Fouret, 27300 Saint-Aubin le Vertueux","cat":"O","email":"ateliersanson@orange.fr"}
,{"lat":48.769888,"lng":1.20175,"name":"JAN CZEPIEL","web":"","txt":"Restaurateur de meubles","wiki":null,"tel":"0602263058","postCode":27320,"city":"Nonancourt","addr":"9, avenue Victor Hugo, 27320 Nonnancourt","cat":"O","email":"ebenisteczepiel@gmail.com"}
,{"lat":49.273378,"lng":0.952286,"name":"levasseur","web":"","txt":"maraicher","wiki":null,"tel":"0662999704","postCode":27370,"city":"Le Thuit de l'Oison","addr":"5 rue du Thuit agron 27370 le thuit signol","cat":"A","email":""}
,{"lat":49.170949,"lng":1.17763,"name":"Atelier François Jaillette","web":"http://francois-jaillette.wix.com/restoceram","txt":" Restaurateur de faïence et de porcelaine","wiki":null,"tel":"0232407744","postCode":27400,"city":"Acquigny","addr":"45bis, Aristide Briand Accès: 17 rue des Bergeronnettes, ","cat":"O","email":"francois_jaillette@yahoo.fr"}
,{"lat":49.214165,"lng":1.15731,"name":"SD Encadrement","web":"http://www.sylviedupont.com","txt":"Encadreur","wiki":null,"tel":"0645065390","postCode":27400,"city":"Louviers","addr":"22 avenue des Amoureux, 27400 LOUVIERS","cat":"O","email":"dupont.de.faches@gmail.com"}
,{"lat":49.013372,"lng":0.708381,"name":"ecole des semeurs","web":"","txt":"Production de légumes en Agriculture Biologique.\n\nNous sommes une école de production et nous formons des jeunes à la vente primeur de fruits et légumes ainsi qu'au maraichage.","wiki":null,"tel":"0668327362","postCode":27410,"city":"Mesnil-en-Ouche","addr":" Rue des Forges 27410 Beaumesnil ","cat":"AM","email":""}
,{"lat":49.311589,"lng":1.372496,"name":"DE SANTOS","web":"http://www.creations-desantos.com","txt":"Marqueteur","wiki":null,"tel":"0617266553","postCode":27440,"city":"Bacqueville","addr":"10, rue des cabarets, ","cat":"O","email":"desantos@hotmail.fr"}
,{"lat":49.24438,"lng":0.58557,"name":"SECRETS D'ATELIER","web":"","txt":"Laqueur","wiki":null,"tel":"0610794693","postCode":27450,"city":"Saint-Georges-du-Vièvre","addr":"31, rue de l'Eglise, 27450 SAINT-GEORGES-DU-VIEVRE","cat":"O","email":"anne-sophie.couvreux@wanadoo.fr"}
,{"lat":49.310662,"lng":1.157882,"name":"ATELIER DE FAïENCE LUC LAMBERT","web":"","txt":"Tourneur céramique","wiki":null,"tel":"0235230283","postCode":27460,"city":"Igoville","addr":"3 route de Paris, ","cat":"O","email":"faience-lambert@voila.fr"}
,{"lat":49.108052,"lng":0.70915,"name":"Les Serres de Serquigny","web":"","txt":"Maraîcher","wiki":null,"tel":"0232431333","postCode":27470,"city":"Serquigny","addr":"2 bis rue Max Carpentier ","cat":"A","email":""}
,{"lat":49.430459,"lng":1.578555,"name":"Domaine du Haut-Fayel","web":"","txt":"Producteur de calvados","wiki":null,"tel":"0610493776","postCode":27480,"city":"Bosquentin","addr":"5 route de Bezancourt ","cat":"A","email":""}
,{"lat":48.864944,"lng":1.422916,"name":"ATOUFER","web":"http://www.atoufer.fr","txt":" Ferronnier","wiki":null,"tel":"0687321579","postCode":27530,"city":"Ézy-sur-Eure","addr":"10, rue Jourdain, 27530 Ezy sur eure","cat":"O","email":"pascal.girondeau@wanadoo.fr"}
,{"lat":48.884042,"lng":1.459051,"name":"ATELIERS BERNARD BONNEL","web":"http://www.tapissier-bonnel.com","txt":" Tapissier d'ameublement/tapissier décorateur","wiki":null,"tel":"0610201799","postCode":27540,"city":"Ivry-la-Bataille","addr":"16, rue de Garennes, 27540 Ivry la Bataille","cat":"O","email":"ateliersbonnel@wanadoo.fr"}
,{"lat":48.770693,"lng":0.810691,"name":"EARL Bourgeais","web":"","txt":"Pépiniériste","wiki":null,"tel":"0232326006","postCode":27580,"city":"Bourth","addr":"2 route de Verneuil ","cat":"A","email":""}
,{"lat":49.146496,"lng":1.396568,"name":"SARL LEMARCHAND MARAICHERS","web":"","txt":"MARAICHER","wiki":null,"tel":"0232525181","postCode":27600,"city":"Saint-Pierre-la-Garenne","addr":"92 RN 15 Route departementale 6015 27600 ST PIERRE LA GARENNE","cat":"A","email":""}
,{"lat":49.135205,"lng":1.339149,"name":"ENT. PAPAVOINE B ET D SARL","web":"http://www.papavoine-menuiserie.com","txt":" Escaliéteur","wiki":null,"tel":"0232530628","postCode":27600,"city":"Saint-Aubin-sur-Gaillon","addr":"Les Corricards, ","cat":"O","email":"papavoine.didier@wanadoo.fr"}
,{"lat":49.163735,"lng":1.350035,"name":"MENUISERIE-ÉBÉNISTERIE METTE","web":"http://www.mettedaniel.com","txt":"Sculpteur sur bois","wiki":null,"tel":"0607123446","postCode":27600,"city":"Gaillon","addr":"2, rue de la Bergerie  ZA Les Artaignes, 27600 GAILLON","cat":"O","email":"menuiserie.mette@orange.fr"}
,{"lat":49.323496,"lng":1.239544,"name":"la ferme des deux amants","web":"https://m.facebook.com/Lafermedesdeuxamants/?locale2=fr_FR","txt":"Jeune maraîcher, produits bio et délicieux, venez vite !!","wiki":null,"tel":"0672204324","postCode":27610,"city":"Romilly-sur-Andelle","addr":" 2801 rue blingue","cat":"AM","email":""}
,{"lat":49.097471,"lng":1.610548,"name":"COFRAVIE","web":"http://www.gataris.fr","txt":" Fabricant et restaurateur de jeux et jouets","wiki":null,"tel":"0681429144","postCode":27620,"city":"Gasny","addr":"Z.A. des prés 70, route de Fourges, 27200 GASNY","cat":"O","email":"ludovic@cofravie.com"}
,{"lat":49.206435,"lng":1.384126,"name":"ENCADREMENT D'ART","web":"http://www.encadrementdart27.com","txt":" Encadreur","wiki":null,"tel":"0232540792","postCode":27700,"city":"Bouafles","addr":"14, rue de la forêt, 27 700 Bouafles","cat":"O","email":"info@encadrementdart27.com"}
,{"lat":49.280296,"lng":1.707655,"name":"la serre de la tuilerie","web":"","txt":"Maraicher producteur !!!\nlégumes de saisons, plants de légumes et plants de fleurs","wiki":null,"tel":"0232550429","postCode":27830,"city":"Neaufles-Saint-Martin","addr":" 4 LA TUILERIE 27830 NEAUFLES ST MARTIN","cat":"AM","email":"etslaidierm@yahoo.fr"}
,{"lat":49.242089,"lng":1.64922,"name":"Atelier d'art du verre de Vesly","web":"","txt":" Verrier au chalumeau ","wiki":null,"tel":"0232556338","postCode":27870,"city":"Vesly","addr":"8, rue du Clos du Décret, 27870 VESLY","cat":"O","email":"francislefevre935@sfr.fr"}
,{"lat":49.115441,"lng":1.094611,"name":"Ferme des Collets","web":"","txt":"Agriculteur","wiki":null,"tel":"0232343556","postCode":27930,"city":"Brosville","addr":"4 rue du Frais Vent ","cat":"A","email":""}
]}