{"id":73,"producers":[
{"lat":45.573967,"lng":5.888884,"name":"l'atelier de claire et gabriel","web":"https://www.facebook.com/atelierdeclaireetgabriel","txt":"Atelier de confection artisanal de vêtements pour enfants et adultes en coton, lin et chanvre.","wiki":null,"tel":"","postCode":73000,"city":"Chambéry","addr":" 896 route de la Labiaz 73000 CHAMBERY","cat":"A","email":"atelier-de-gabriel@laposte.net","suspect":0}
,{"lat":45.582112,"lng":5.900322,"name":"petite nature","web":"","txt":"Petite Nature est un producteur de légumes et herbes aromatiques.","wiki":null,"tel":"0479623808","postCode":73000,"city":"Chambéry","addr":" 695 chemin de Charrière Neuve ","cat":"AM","email":"f.vuillermet@free.fr","suspect":0}
,{"lat":45.575036,"lng":5.943733,"name":"Vuillermet Horticulteur","web":"","txt":"Horticulteur","wiki":null,"tel":"0479333334","postCode":73000,"city":"Bassens","addr":"25 rue Centrale ","cat":"AM","email":"","suspect":0}
,{"lat":45.566546,"lng":5.920251,"name":"F.DRUILLENNEC - MAITRE JOAILLIER GRAVEUR HÉRALDIQUE","web":"http://www.gravureheraldique.fr","txt":"Orfèvre","wiki":null,"tel":"0479858997","postCode":73000,"city":"Chambéry","addr":"13, place de l'Hôtel de Ville, ","cat":"OB","email":"contact@gravureheraldique.fr","suspect":0}
,{"lat":45.560985,"lng":5.908899,"name":"VIVET'ART","web":"http://www.vivetart.fr","txt":" Joaillier","wiki":null,"tel":"0626317811","postCode":73000,"city":"Chambéry","addr":"179 rue de Maurienne, ","cat":"OB","email":"contact@vivetart.fr","suspect":0}
,{"lat":45.73176,"lng":5.969654,"name":"pascal gay","web":"","txt":"Cultivateur de fruits et légumes, il confectionne grâce à ses récoltes boissons et autres produits dérivés.","wiki":null,"tel":"0479635219","postCode":73100,"city":"Montcel","addr":" Les Légers ","cat":"AM","email":"","suspect":0}
,{"lat":45.695875,"lng":5.904366,"name":"ALEXANDRA KONWINSKI","web":"http://www.alexandrakonwinski.fr","txt":"Fabricant d'accessoires de mode","wiki":null,"tel":"0663749161","postCode":73100,"city":"Aix-les-Bains","addr":"29 bvd Pierpont Morgan, 73100 Aix les Bains","cat":"OE","email":"contact@alexandrakonwinski.fr","suspect":0}
,{"lat":45.722547,"lng":5.922847,"name":"Myriade","web":"www.magasinmyriade.fr","txt":"Produits : Fruits, Légumes, Poissons, Viandes, Traiteur et charcuterie, Volaille et lapin, Fromages, Oeufs et produits laitiers, Pain et patisseries, Miels et confitures, Huiles et vinaigres, Épicerie, Vins et alcools, Jus et sirops","wiki":null,"tel":"0479881250","postCode":73100,"city":"Grésy-sur-Aix","addr":"40 Route des Gorges du Sierroz ","cat":"AG","email":"","suspect":0}
,{"lat":45.629009,"lng":5.789292,"name":"EARL Axelrad Vuillemin","web":"","txt":"Producteur fermier","wiki":null,"tel":"0479659432","postCode":73170,"city":"Verthemex","addr":"Chef-Lieu  ","cat":"AV","email":"","suspect":0}
,{"lat":45.491163,"lng":5.95096,"name":"AU BEL AUTOMATE","web":"http://www.fredericvidoni.com","txt":" Fabricant et restaurateur d'automates","wiki":null,"tel":"0641894757","postCode":73190,"city":"Apremont","addr":"LACHAT Maison Ronde, 73190 APREMONT","cat":"J","email":"frederic.vidoni@wanadoo.fr","suspect":0}
,{"lat":45.66348,"lng":6.396779,"name":"Gontier Horticulture","web":"","txt":"Pépiniériste","wiki":null,"tel":"0479104200","postCode":73200,"city":"Albertville","addr":"70 chemin des Maraîchers ","cat":"P","email":"","suspect":0}
,{"lat":45.655138,"lng":6.359317,"name":"Saveurs de nos Fermes","web":"www.saveursdenosfermes.fr","txt":"Produits : Rayon bio, Fruits, Légumes, Poissons, Viandes, Traiteur et charcuterie, Volaille et lapin, Fromages, Oeufs et produits laitiers, Pain et patisseries, Miels et confitures, Huiles et vinaigres, Épicerie, Vins et alcools, Jus et sirops","wiki":null,"tel":"0479399308","postCode":73200,"city":"Gilly-sur-Isère","addr":"232 avenue Georges Pompidou ","cat":"AG","email":"","suspect":0}
,{"lat":45.478396,"lng":6.270544,"name":"délices de savons","web":"http://www.delices-de-savons.fr/","txt":"Fabrication de savons bios à base d'huiles essentielles avec la méthode de saponification à froid.","wiki":null,"tel":"0479361311","postCode":73220,"city":"Saint-Alban-d'Hurtières","addr":" Le Mollard 73220 Saint-Alban-des-Hurtières ","cat":"P","email":"","suspect":0}
,{"lat":45.554614,"lng":6.129401,"name":"Le Jardin d'Arclusaz","web":"","txt":"Horticulteur","wiki":null,"tel":"0479362858","postCode":73250,"city":"Saint-Jean-de-la-Porte","addr":"Le Carnavet ","cat":"P","email":"","suspect":0}
,{"lat":45.50195,"lng":6.510839,"name":"ÉBÉNISTERIE GUY AGENEAU","web":"http://www.agchess-artist.com","txt":"Marqueteur","wiki":null,"tel":"0622682742","postCode":73260,"city":"Grand-Aigueblanche","addr":"74, rue des Moulins, 73260 Aigueblanche","cat":"OO","email":"guy.ageneau@laposte.net","suspect":0}
,{"lat":45.717471,"lng":6.574883,"name":"NATURE 2000 TAXIDERMISTE","web":"","txt":" Taxidermiste ","wiki":null,"tel":"0479383220","postCode":73270,"city":"Beaufort","addr":"Route des Prés, ","cat":"OT","email":"nature2000@orange.fr","suspect":0}
,{"lat":45.601855,"lng":5.877808,"name":"Saveurs Campagnardes","web":"www.saveurscampagnardes.com","txt":"Produits : Rayon bio, Fruits, Légumes, Poissons, Viandes, Traiteur et charcuterie, Volaille et lapin, Fromages, Oeufs et produits laitiers, Pain et patisseries, Miels et confitures, Huiles et vinaigres, Épicerie, Vins et alcools, Jus et sirops","wiki":null,"tel":"0479627110","postCode":73290,"city":"La Motte-Servolex","addr":"965 rue Denis Papin 73290 La Motte Servolex","cat":"AG","email":"","suspect":0}
,{"lat":45.919938,"lng":5.844519,"name":"les ruchers de stephanie","web":"","txt":"Apicultrice, productrice du miel, Gelée Royale, Pain d'epices, bonbons au miel, Nougat, pollen, propolis, et autres produits de la ruche. Je suis certifié en Agriculture Biologique.","wiki":null,"tel":"0685810186","postCode":73310,"city":"Motz","addr":" 368 Route des vignes","cat":"AA","email":"","suspect":0}
,{"lat":45.816486,"lng":5.852628,"name":"l'etoile verte","web":"http://spiruline-de-savoie.com/spip.php?article5","txt":"L'Etoile Verte est spécialisé dans la production de la Spiruline de Savoie.","wiki":null,"tel":"0607102499","postCode":73310,"city":"Chindrieux","addr":" Chef Lieu 73310 Motz ","cat":"AO","email":"bienvenue@spiruline-de-savoie.com","suspect":0}
,{"lat":45.537114,"lng":5.674948,"name":"Abeille étoile","web":"","txt":"Apiculteur /  Agriculteur","wiki":null,"tel":"0767440025","postCode":73330,"city":"Le Pont-de-Beauvoisin","addr":"22 rue du feaubours d'aiguenoire 73330 Pont de beauvoisin","cat":"AA","email":"","suspect":0}
,{"lat":45.530034,"lng":5.686659,"name":"Producteurs de Saveurs","web":"","txt":"","wiki":null,"tel":"0476661090","postCode":73330,"city":"Le Pont-de-Beauvoisin","addr":"La Baronnie ","cat":"AG","email":"","suspect":0}
,{"lat":45.489972,"lng":5.753665,"name":"ferme de la berthe","web":"http://fermedelaberthe.fr","txt":"Maraîchage diversifié biologique sans mécanisation sur planches permanentes\nen altitude. Culture toute l'année. Rotation de culture, haies fleuries ainsi que  passe pieds enherbés.","wiki":null,"tel":"0782410318","postCode":73360,"city":"Saint-Franc","addr":" La Berthe","cat":"AM","email":"","suspect":0}
,{"lat":45.54108,"lng":6.227547,"name":"marycat","web":"","txt":"je vend des confitures maison avec mes fruits et acheter au marché\nje vais a partir d'avril faire des compotes et des crèmes de fruits \n(types crème framboise, cassis....)\npour la vente a domicile de préférence en fin de journée\nplus tard sur les marché.\ntel: 0674535030","wiki":null,"tel":"0674535030","postCode":73390,"city":"Chamoux-sur-Gelon","addr":" les clos 3ème Berres ","cat":"AF","email":"catherine.bournay@orange.fr","suspect":0}
,{"lat":45.549521,"lng":6.174191,"name":"les punchs d'elsa","web":"https://www.punch-elsa.com","txt":"LES Punchs D'Esa sont élaborés en Savoie\nProduction artisanale de Punchs savoureux à 17° d’alcool, \nà base  de fruits sélectionnés et traités manuellement par mes soins ,sans colorants ni conservateurs.","wiki":null,"tel":"","postCode":73390,"city":"Châteauneuf","addr":" Le Villaret","cat":"AF","email":"paradistropikal@gmail.com","suspect":0}
,{"lat":45.557044,"lng":6.202876,"name":"Le Jardin d'Iris","web":"","txt":"Agriculteur","wiki":null,"tel":"0614926468","postCode":73390,"city":"Chamousset","addr":"Domaine de la Lilette ","cat":"AM","email":"","suspect":0}
,{"lat":45.737066,"lng":6.428777,"name":"La Ferme Lombricole des Savoie","web":"","txt":"Lombriculteur","wiki":null,"tel":"0675246231","postCode":73400,"city":"Ugine","addr":"Lieu-dit L'Isle ","cat":"AM","email":"","suspect":0}
,{"lat":45.400616,"lng":6.503668,"name":"cosmétiques petit péché mignon","web":"http://www.petit-peche-mignon.com","txt":"Cosmétiques Naturels & Frais fabriqués à la main en Savoie à partir d'ingrédients issus de l'Agriculture Biologique et du Commerce Équitable.","wiki":null,"tel":"","postCode":73440,"city":"Les Belleville","addr":" Béranger 73440 Saint-Martin-de-Belleville ","cat":"A","email":"contact.ppm.cosmetiques@gmail.com","suspect":0}
,{"lat":45.322342,"lng":6.997942,"name":"LE CHAPOTEUR","web":"http://www.chapoteur.com","txt":" Sculpteur sur bois","wiki":null,"tel":"0665355757","postCode":73480,"city":"Bessans","addr":"Saint Esprit, ","cat":"OO","email":"chapoteur@wanadoo.fr","suspect":0}
,{"lat":45.562572,"lng":5.961579,"name":"La Ravoire Paysanne","web":"http://www.laravoirepaysanne.fr/","txt":"Produits : Rayon bio","wiki":null,"tel":"0479604499","postCode":73490,"city":"La Ravoire","addr":"31 rue Léon Costa de Beauregard ","cat":"AG","email":"","suspect":0}
,{"lat":45.192391,"lng":6.65369,"name":"Dompnier Fabrice","web":"http://fabricedompnier.canalblog.com/","txt":" Tailleur de pierre","wiki":null,"tel":"0687500200","postCode":73500,"city":"Fourneaux","addr":"10 rue de la Concorde, ","cat":"OZ","email":"fabrice.dompnier@orange.fr","suspect":0}
,{"lat":45.513124,"lng":5.745373,"name":"abeille étoile","web":"https://abeille-etoile.fr","txt":"Miels de Savoie et d'Isère, Montagne et plaine\nConfitures et sirops bio","wiki":null,"tel":"0767440025","postCode":73520,"city":"Saint-Béron","addr":" 191Chemin d'Attignat Oncin 73520 St Béron ","cat":"AA","email":"","suspect":0}
,{"lat":45.677105,"lng":6.126884,"name":"La chèvrerie des Tannes et Glacières","web":"","txt":"Eleveur de chèvres","wiki":null,"tel":"0672942041","postCode":73630,"city":"Le Châtelard","addr":"Le Martinet ","cat":"AFO","email":"","suspect":0}
,{"lat":45.419054,"lng":5.854048,"name":"Entremonts et abeilles","web":"","txt":"Apiculteur","wiki":null,"tel":"0663159550","postCode":73670,"city":"Saint-Pierre-d'Entremont","addr":"25 impasse du novelay, lotissement le pré du comte 73670 saint pierre d'entremont","cat":"AA","email":"","suspect":0}
,{"lat":45.460039,"lng":5.864639,"name":"Thierry Martenon","web":"http://www.thierrymartenon.com","txt":" Sculpteur sur bois","wiki":null,"tel":"0630448667","postCode":73670,"city":"Entremont-le-Vieux","addr":"Le Désert, ","cat":"OO","email":"thierry.martenon@wanadoo.fr","suspect":0}
,{"lat":45.583418,"lng":6.74969,"name":"CARRASCO CÉSAR","web":"","txt":"Restaurateur de meubles","wiki":null,"tel":"0623759693","postCode":73700,"city":"Bourg-Saint-Maurice","addr":"Les dodes Hauteville-gondon, 73700 Bourg st maurice","cat":"OO","email":"sromanet73@aol.com","suspect":0}
,{"lat":45.62288,"lng":6.809569,"name":"FILATURE ARPIN","web":"http://www.arpin1817.com","txt":"Tisserand","wiki":null,"tel":"0479072879","postCode":73700,"city":"Séez","addr":"La Fabrique, 73700 SEEZ SAINT BERNARD","cat":"HT","email":"direction@arpin1817.com","suspect":0}
,{"lat":45.651599,"lng":6.439371,"name":"ATELIER BLANCHON","web":"http://www.atelier-blanchon.fr","txt":"Tailleur de pierre","wiki":null,"tel":"0612456246","postCode":73790,"city":"Tours-en-Savoie","addr":"47 montée des vullieles, 73790 Tours en savoie","cat":"OE","email":"info@atelier-blanchon.fr","suspect":0}
,{"lat":45.530223,"lng":6.136704,"name":"spiruline des alpes","web":"http://spiruline-des-alpes.fr","txt":"Producteur de spiruline certifiée agriculture biologique.\nProduite en brindilles, je propose des visites pédagogiques sur ma ferme le samedi matin de 9h à midi et le mercredi de 16h à 18h. Vous pouvez aussi venir sur rdv. \nLa spiruline est un micro-organisme aquatique consommé pour sa riche nutritionnelle.","wiki":null,"tel":"0643542272","postCode":73800,"city":"Coise-Saint-Jean-Pied-Gauthier","addr":" Les Frasses 85 Impasse des Figuettes","cat":"AO","email":"brunochatelard@spiruline-des-alpes.fr","suspect":0}
,{"lat":45.538795,"lng":6.106103,"name":"maurice pichon","web":"","txt":"Maraîcher horticulteur, il propose des plants, vins et spiritueux.","wiki":null,"tel":"0479841380","postCode":73800,"city":"Cruet","addr":" La Baraterie","cat":"AB","email":"","suspect":0}
,{"lat":45.506033,"lng":6.075965,"name":"ATRE ET LOISIRS","web":"http://www.atre-loisirs.fr","txt":"Marbrier","wiki":null,"tel":"0618033680","postCode":73800,"city":"Arbin","addr":"94 AVENUE DES FUSILLES, 73800 ARBIN","cat":"OE","email":"infos73@atre-loisirs.fr","suspect":0}
]}