{"id":81,"producers":[
{"lat":43.937609,"lng":2.138247,"name":"Atelier Christine Dalibert","web":"","txt":" Mosaïste","wiki":null,"tel":"0681350083","postCode":81000,"city":"Albi","addr":"59, rue Capitaine Julia, ","cat":"O","email":"christinedalibert@wanadoo.fr"}
,{"lat":43.918951,"lng":2.12455,"name":"BAM","web":"http://instagram : bam_métallerie","txt":"Sculpteur sur métal","wiki":null,"tel":"0627288505","postCode":81000,"city":"Albi","addr":"171 bis Avenue François Verdier, ","cat":"O","email":"bam-81@outlook.com"}
,{"lat":43.903082,"lng":2.056982,"name":"GUY GENDROT","web":"","txt":"Sculpteur sur métal","wiki":null,"tel":"0699444856","postCode":81000,"city":"Albi","addr":"Verdenne Chemins de Garis, ","cat":"O","email":"guygendrot@gmail.com"}
,{"lat":43.940725,"lng":2.148916,"name":"POTERIE D'ALBI","web":"http://www.lespoteriesdalbi.fr/","txt":"Tourneur céramique","wiki":null,"tel":"0563607100","postCode":81000,"city":"Albi","addr":"112 Avenue Albert Thomas, 81000 ALBI","cat":"O","email":"lespoteriesdalbi@lespoteriesdalbi.fr"}
,{"lat":43.609339,"lng":2.240055,"name":"morilles du sidobre","web":"http://www.lesmorillesdusidobre.com","txt":"Nous sommes producteurs de morilles bio dans le tarn ...","wiki":null,"tel":"0768272023","postCode":81100,"city":"Castres","addr":" gratteloup","cat":"AO","email":"lesmorillesdusidobre@gmail.com"}
,{"lat":43.607517,"lng":2.239308,"name":"L'ARTISAN HORLOGER","web":"","txt":" Restaurateurs de montres de collection","wiki":null,"tel":"0684371384","postCode":81100,"city":"Castres","addr":"19, rue Sabaterie, 81100 CASTRES","cat":"O","email":"serge.nicouleau@wanadoo.fr"}
,{"lat":43.770332,"lng":2.176984,"name":"terre d'abondance","web":"","txt":"Légumes de saisons de mars à novembre \nVente de plants de légumes de mars à mai\n\nCultivés selon le cahier des charges bios et principes agro écologiques\n\n Label à venir","wiki":null,"tel":"0698891900","postCode":81120,"city":"Réalmont","addr":" Lieu dit Frégeville ","cat":"AM","email":"ma.dh@laposte.net"}
,{"lat":43.80736,"lng":2.236632,"name":"METALLICA SARL","web":"http://www.metallica.fr","txt":" Armurier","wiki":null,"tel":"0670721319","postCode":81120,"city":"Terre-de-Bancalié","addr":"La guiraudié, 81120 Roumégoux","cat":"O","email":"metallica81@wanadoo.fr"}
,{"lat":44.07222,"lng":1.804851,"name":"des amis","web":"","txt":"Des Amis est une exploitation agricole qui produit, viandes, charcuteries, produits laitiers mais aussi confitures et compotes.","wiki":null,"tel":"0563563971","postCode":81140,"city":"Vaour","addr":" La Teulière Haute ","cat":"AV","email":""}
,{"lat":44.02213,"lng":1.82929,"name":"AAARCHETIER","web":"http://www.archets-baroques.fr","txt":" Archetier","wiki":null,"tel":"0563401874","postCode":81140,"city":"Saint-Beauzile","addr":"le bourg, ","cat":"O","email":"an.alegre@aaarchetier.com"}
,{"lat":43.997538,"lng":1.876323,"name":"RACINE FLORENCE","web":"","txt":" Céramiste","wiki":null,"tel":"0682381607","postCode":81140,"city":"Vieux","addr":"Bel Air, 81140 VIEUX","cat":"O","email":"florenceracine@hotmail.fr"}
,{"lat":43.971646,"lng":2.000251,"name":"fournil de la monestarié","web":"","txt":"Paysans boulangers\nMardi et vendredi de 17h a 19h\nPain campagne, petit épeautre, pains spéciaux, biscuits , fouaces","wiki":null,"tel":"0563470499","postCode":81150,"city":"Cestayrols","addr":" 169 route de fongouzou","cat":"AC","email":"fournildelamonestarie@gmail.com"}
,{"lat":44.064813,"lng":1.95283,"name":"gateaux a la broche","web":"","txt":"vente et fabrication de gateaux a la broche de l'aveyron cuit au feux de bois + Produits regionaux","wiki":null,"tel":"0689888942","postCode":81170,"city":"Cordes-sur-Ciel","addr":" place du marché ","cat":"A","email":"dd.v@neuf.fr"}
,{"lat":44.062575,"lng":1.95551,"name":"ATELIER BIJOUX OPALE","web":"http://www.opalebijoux.fr ","txt":" Bijoutier en métaux précieux","wiki":null,"tel":"0563565837","postCode":81170,"city":"Cordes-sur-Ciel","addr":"39, grand-rue de l'horloge Dans le bas de Cordes, face à la médiathèque, 81170 Cordes sur Ciel","cat":"O","email":"isabelle@opalebijoux.fr"}
,{"lat":44.063167,"lng":1.95313,"name":"ATELIER DE BIJOUTERIE","web":"http://atelier d'art de france","txt":"Joaillier","wiki":null,"tel":"0563560292","postCode":81170,"city":"Cordes-sur-Ciel","addr":"8, grand'rue Raimond VII, 81170 CORDES-SUR-CIEL","cat":"O","email":"padelaume@hotmail.com"}
,{"lat":44.062554,"lng":1.956308,"name":"CHARRAS","web":"http://www.mosaicogalea.com","txt":" Mosaïste","wiki":null,"tel":"0563568904","postCode":81170,"city":"Cordes-sur-Ciel","addr":"21, Grand Rue de l'Horloge, 81170 Cordes sur Ciel","cat":"O","email":"mosaicogalea@hotmail.fr"}
,{"lat":44.063051,"lng":1.956823,"name":"Chris  DUPUY JOLY","web":"http://www.sculpture-chris-dupuyjoly.com","txt":" Céramiste","wiki":null,"tel":"0601111901","postCode":81170,"city":"Cordes-sur-Ciel","addr":"8 bis avenue de la Grésigne, 81170 Cordes sur ciel","cat":"O","email":"chris.dupuyjoly@orange.fr"}
,{"lat":44.062832,"lng":1.957594,"name":"STANKO KRISTIC","web":"http://stankokristic.com","txt":" Mosaïste","wiki":null,"tel":"0563561363","postCode":81170,"city":"Cordes-sur-Ciel","addr":"10 Place de la Bouteillerie, 81170 Cordes sur ciel","cat":"O","email":"stanko.kristic@orange.fr"}
,{"lat":44.129484,"lng":2.264133,"name":"la ferme de la rive","web":"","txt":"La Ferme de le Rive propose des légumes de saison cultivés en agriculture biologique ainsi que des œufs bio. Un stand de vente les samedis matin de mai à novembre vous attend Place du Foirail de Pampelonne. Vous pouvez également passer commande en début de semaine par sms, WhatsApp ou Messenger (page Facebook et Instagram). A très bientôt","wiki":null,"tel":"0688578982","postCode":81190,"city":"Pampelonne","addr":" La Rive","cat":"AM","email":"lafermedelarive@gmail.com"}
,{"lat":43.498,"lng":2.394038,"name":"maïs délice","web":"https://maisdelice.com","txt":"Fabrication de pop corn original et artisanal élaboré à Mazamet dans le Tarn. Le Maïs utilisé est sans OGM et nos pop corn ne contiennent ni arôme artificiel, ni colorant ou autre conservateur. Le maïs est éclaté à l'air chaud et non à l'huile pour un pop corn plus léger et plus diététique.","wiki":null,"tel":"0986665084","postCode":81200,"city":"Mazamet","addr":" 1 Rn la Richarde","cat":"AC","email":""}
,{"lat":43.700505,"lng":2.266692,"name":"les pepins d\"emilio","web":"https://www.lespepinsdemilio.fr","txt":"Pepinieriste et producteur d arbres fruitiers anciens\nVente en racines nues\nPommiers, poiriers, pruniers ,cerisiers, amandiers , abricotier, pêchers, nashis","wiki":null,"tel":"0628461392","postCode":81210,"city":"Roquecourbe","addr":" 604 la tuilerie","cat":"A","email":"Contact@lespepinsdemilio.fr"}
,{"lat":43.688138,"lng":2.270643,"name":"ferme de mareye","web":"","txt":"Vente directe de légumes et de fruits de saison non traités, d'oeufs plein air et d'infusions à la ferme et sur les marchés.","wiki":null,"tel":"0786977114","postCode":81210,"city":"Roquecourbe","addr":" MAREYE","cat":"AM","email":"nathalie.enjalbert@orange.fr"}
,{"lat":43.671493,"lng":2.003357,"name":"la ferme aux prim'verts","web":"https://www.primverts.fr/","txt":"des légumes et fruits de saison, et super diversifié (230 à 250 variétés de légumes différents), le tout certifié bio et nature et progrès à damiatte.\n un catalogue de plant de légume pour le potager d'été à consulter et télécharger sur notre site internet primverts pour pré-commander vos plants.\n- vente directe à la ferme le mardi et vendredi soir de 17h30 à 19h30 - pré-réservation de colis sur notre page cagette - \nvente sur : \n*le marché de Lavaur le samedi matin (près de l'aire de jeu pour enfant, face à la Halle aux grains), \n*pain et nature, boulanger, épicerie bio à Vielmur sur agout\n* l'écho loco, marché fermier bio nocturne à labastide saint georges les mercredis soir de 17h30 à 19h","wiki":null,"tel":"0686842774","postCode":81220,"city":"Damiatte","addr":" vialas","cat":"AM","email":"primverts@gmail.com"}
,{"lat":43.862789,"lng":2.533577,"name":"koning","web":"","txt":"Fromage de chèvre fermier (lactique) - Cabécous, Buchettes, Tommettes, Pavés","wiki":null,"tel":"","postCode":81250,"city":"Massals","addr":" Le Mas del Puech","cat":"AF","email":"lemasdelpuech@gmail.com"}
,{"lat":43.579044,"lng":2.55053,"name":"marmoulières","web":"","txt":"Éleveur d'ovins et bovins, il confectionne aussi des produits laitiers.","wiki":null,"tel":"0563709039","postCode":81260,"city":"Anglès","addr":" Marmoulières ","cat":"AF","email":""}
,{"lat":43.528771,"lng":2.276367,"name":"CamilleAD","web":"http://camillead.fr","txt":"Fabricant et restaurateur d'abat-jour","wiki":null,"tel":"0603180287","postCode":81290,"city":"Labruguière","addr":"94 EN REY, 81290 LABRUGUIERE","cat":"O","email":"cad.cuir.metal@gmail.com"}
,{"lat":43.539463,"lng":2.201098,"name":"MAQUETTES D'ARCHITECTURE","web":"","txt":"Maquettiste","wiki":null,"tel":"0686350123","postCode":81290,"city":"Saint-Affrique-les-Montagnes","addr":"18, route de viviers, 81290 SAINT AFFRIQUE LES MONTAGNES","cat":"O","email":"julien-maquettiste@orange.fr"}
,{"lat":43.802915,"lng":2.058989,"name":"Atelier 960","web":"http://www.inquimbert.com","txt":" Fondeur ","wiki":null,"tel":"0760027979","postCode":81300,"city":"Labessière-Candeil","addr":"chemin de st raffel, 81300 LABESSIERE CANDEIL","cat":"O","email":"inquimbert.l@orange.fr"}
,{"lat":43.767346,"lng":2.000311,"name":"MAROQUINERIE BRUGUIÈRE ALAIN","web":"","txt":" Maroquinier","wiki":null,"tel":"0675208270","postCode":81300,"city":"Graulhet","addr":"Passage des primevères n°7, ","cat":"O","email":"ob81@hotmail.fr"}
,{"lat":43.764164,"lng":1.991229,"name":"OEILDEPIERRE","web":"http://oeildepierre.com/","txt":"Photographe illustrateur","wiki":null,"tel":"0683958854","postCode":81300,"city":"Graulhet","addr":"27 rue Saint Jean, 81300 GRAULHET","cat":"O","email":"oeildepierre@free.fr"}
,{"lat":43.769814,"lng":1.993129,"name":"SARL JAYR","web":"http://www.jayr-maroquinier.com","txt":" Maroquinier","wiki":null,"tel":"0606564286","postCode":81300,"city":"Graulhet","addr":"11, rue de l'artisanat, 81300 GRAULHET","cat":"O","email":"espritcuir@free.fr"}
,{"lat":43.68294,"lng":2.856985,"name":"la fajole","web":"","txt":"Paysan boulanger, nous produisons notre pain à partir du blé de variété ancienne produit à la ferme. La farine est produite sur meule de pierre qui conserve toutes les qualités nutritives du blé. Le levain naturel permet une pousse lente qui rend le pain très digeste. Le pain est cuit au feu de bois. Une méthode traditionnelle pour faire un pain de caractère, un allié santé.","wiki":null,"tel":"0628298662","postCode":81320,"city":"Murat-sur-Vèbre","addr":" La Fageole","cat":"AC","email":"LaFajole@gmx.fr"}
,{"lat":44.013268,"lng":2.472267,"name":"jordy van den akker","web":"","txt":"Arboriculteur, il propose divers boissons avec ses récoltes. Il élève ovin et bovin.","wiki":null,"tel":"0563534147","postCode":81340,"city":"Le Dourn","addr":" Petite Terre","cat":"AABV","email":""}
,{"lat":43.72064,"lng":2.323235,"name":"ÉBÉNISTERIE JEAN-LUC RAMADE","web":"http://www.jlramade.com ou www.creamip.com","txt":"Restaurateur de meubles","wiki":null,"tel":"0563751684","postCode":81360,"city":"Montredon-Labessonnié","addr":"31, route de Réalmont, 81360 Montredon Labessonnié","cat":"O","email":"jl.ramade@free.fr"}
,{"lat":43.772822,"lng":1.670171,"name":"Bois et Lutherie","web":"http://www.atelier-bois-cazanave.com","txt":"Luthier en guitare","wiki":null,"tel":"0687179881","postCode":81370,"city":"Saint-Sulpice-la-Pointe","addr":"19 impasse du Capitaine Jacky Thomas, 81370 SAINT SULPICE LA POINTE","cat":"O","email":"atelier.bois.cazanave@gmail.com"}
,{"lat":43.972523,"lng":2.185283,"name":"CLAIR DE TERRE","web":"http://www.clair-de-terre.fr/","txt":"Tourneur céramique","wiki":null,"tel":"0563603038","postCode":81380,"city":"Lescure-d'Albigeois","addr":"10 ZA DU SEGALAR, ","cat":"O","email":"clairdeterre@wanadoo.fr"}
,{"lat":43.954209,"lng":2.168499,"name":"CORINNE GARCIA MARQUETERIE","web":"http://www.marqueterie-art.com","txt":"Marqueteur","wiki":null,"tel":"674987760","postCode":81380,"city":"Lescure-d'Albigeois","addr":"6, place du Terrail, 81380 Lescure d'Albigeois","cat":"O","email":"corinne@marqueterie-art.com"}
,{"lat":44.04769,"lng":2.159324,"name":"SÈVE CRÉATIONS","web":"http://www.ateliersevecreations.fr","txt":" Verrier","wiki":null,"tel":"0679347687","postCode":81400,"city":"Carmaux","addr":"16 avenue Jean Baptiste Calvignac, 81400 CARMAUX","cat":"O","email":"seulementseve@yahoo.fr"}
,{"lat":43.735149,"lng":2.184798,"name":"ATELIER PARROT","web":"","txt":" Ebéniste","wiki":null,"tel":"0563753208","postCode":81440,"city":"Vénès","addr":"sans rue LE SOL, 81440 VENES","cat":"O","email":"j.parrot@orange.fr"}
,{"lat":43.705653,"lng":2.137375,"name":"Atelier Patrice Rosso","web":"http://patricerosso.com","txt":"Sculpteur sur pierre","wiki":null,"tel":"0638552766","postCode":81440,"city":"Lautrec","addr":"19, rue Lengouzy, ","cat":"O","email":"patricerosso@gmail.com"}
,{"lat":43.583529,"lng":1.926789,"name":"LES FORGES DE LA CROIX","web":"http://lesforgesdelacroix.free.fr","txt":" Ferronnier","wiki":null,"tel":"0563703202","postCode":81470,"city":"Lacroisille","addr":"La Croix, ","cat":"O","email":"lesforgesdelacroix@free.fr"}
,{"lat":43.700335,"lng":1.835456,"name":"Rouge Indigo","web":"http://https://rougeindigo.com/","txt":"Laqueur","wiki":null,"tel":"0659919435","postCode":81500,"city":"Labastide-Saint-Georges","addr":"40 avenue de Lavaur, 81500 Labastide Saint Georges","cat":"O","email":"contact@rougeindigo.com"}
,{"lat":43.438863,"lng":2.065974,"name":"CRYS PARKER CREATIONS","web":"http://www.boutique-cuir.fr","txt":" Maroquinier","wiki":null,"tel":"0563741952","postCode":81540,"city":"Durfort","addr":"11 le Plo, ","cat":"O","email":"boutique-cuir@orange.fr"}
,{"lat":43.469596,"lng":2.07884,"name":"L'ART DU BOIS","web":"http://lauragais-habitat.com/artdubois","txt":"Restaurateur de meubles","wiki":null,"tel":"0686984009","postCode":81540,"city":"Cahuzac","addr":"La Planquo, ","cat":"O","email":"sebrouanet@orange.fr"}
,{"lat":43.945874,"lng":1.89329,"name":"jean-luc vezinet","web":"","txt":"L'exploitation agricole de Broze propose des légumineuses, divers boissons, vins et spiritueux.","wiki":null,"tel":"0563332515","postCode":81600,"city":"Broze","addr":" Paragne Chemin de la Forêt ","cat":"AB","email":""}
,{"lat":43.902941,"lng":1.899245,"name":"LANGLOIS RESTAURATION D'OEUVRES D'ART","web":"http://www.hervelanglois.fr","txt":" Peintre en décor","wiki":null,"tel":"0685520048","postCode":81600,"city":"Gaillac","addr":"15, rue Aristide Briand, ","cat":"O","email":"herve-langlois@wanadoo.fr"}
,{"lat":43.914923,"lng":1.64921,"name":"jean-michel castiello","web":"","txt":"nous produisons des pommes de terre et des oignons en agriculture raisonnée","wiki":null,"tel":"","postCode":81630,"city":"Salvagnac","addr":" 697 Chemin de louvigne","cat":"AC","email":"jmcbtp81@live.com"}
,{"lat":44.073713,"lng":2.140515,"name":"FRANÇOIS GRIMAUX","web":"http://www.archetier-luthier.fr","txt":"Luthier en guitare","wiki":null,"tel":"0563766783","postCode":81640,"city":"Monestiés","addr":"20, chemin des bouscaillades Canitrot, 81640 Monesties","cat":"O","email":"grimaux@archetier-luthier.fr"}
,{"lat":43.59184,"lng":1.966868,"name":"michel et annie valette","web":"","txt":"Cultivateurs de céréales et légumineuses, ils produisent également viandes, charcuteries et produits dérivés.","wiki":null,"tel":"0563702083","postCode":81700,"city":"Puylaurens","addr":" En Banquet","cat":"AV","email":""}
,{"lat":43.566741,"lng":2.223646,"name":"CHANTALSOIE","web":"http://www.lart-et-la-matiere.org","txt":" Peintre décorateur sur tissu","wiki":null,"tel":"0614639908","postCode":81710,"city":"Navès","addr":"N°8, lotissement Foncouverte, ","cat":"O","email":"creatarn@hotmail.com"}
,{"lat":43.832467,"lng":1.739417,"name":"verger de foncoussières","web":"https://www.vergerdefoncoussieres.com","txt":"- Producteurs de fruits et légumes à Rabastens dans le Tarn (pommes, cerises, abricots, pêches, prunes, raisins, tomates, courgettes, aubergines, poivrons, salades)\n- Cueillette de fruits dès juin (cerises, abricots), puis août (prunes, pommes)\n- Magasin fermier de producteurs locaux (viandes, poissons, fromages, produits laitiers, vins, bières, fruits et légumes, jus, féculents, pain, conserves, gâteaux salés, gâteaux sucrés, miels, chocolat, glaces, confitures, tartinades, pâtes à tartiner, huiles, condiments, cosmétiques...)","wiki":null,"tel":"0563406964","postCode":81800,"city":"Rabastens","addr":" 857 route de foncoussières ","cat":"AV","email":"info@vergerdefoncoussieres.com"}
,{"lat":43.852649,"lng":1.738699,"name":"le potager de saint martin","web":"","txt":"Maraîchage biologique diversifié toute l'année\nAMAP et vente directe le Vendredi de 16h30 à 18h30\nMarché de Rabastens le Samedi matin\nMarché de Balma le Mercredi matin","wiki":null,"tel":"0664365547","postCode":81800,"city":"Rabastens","addr":" 3153 route de Saurs","cat":"AM","email":""}
,{"lat":43.822579,"lng":1.726357,"name":"L'Ecrin Bohème","web":"http://ecrinboheme.blogspot.fr/","txt":" Peintre en décor","wiki":null,"tel":"0611755586","postCode":81800,"city":"Rabastens","addr":"4 rue des Tisserands, ","cat":"O","email":"ecrinboheme@gmail.com"}
,{"lat":43.823762,"lng":1.725392,"name":"LM Atelier Mosaïque ","web":"http://www.lmateliermosaique.com","txt":" Mosaïste","wiki":null,"tel":"0636598213","postCode":81800,"city":"Rabastens","addr":"11 rue du Four del Rey, ","cat":"O","email":"contact@lmateliermosaique.com"}
,{"lat":43.91636,"lng":2.112378,"name":"Ebénisterie menuiserie VIALA","web":"http://www.ebenisterie-jerome-viala.fr/","txt":"Vernisseur finisseur","wiki":null,"tel":"0613835984","postCode":81990,"city":"Le Sequestre","addr":"5 ter rue mélaudie Z.A la baute, ","cat":"O","email":"ebenisterie.viala@laposte.net"}
,{"lat":43.902453,"lng":2.167174,"name":"Les sens du bois","web":"http://www.les-sens-du-bois-ebenisterie.com","txt":"Restaurateur de meubles","wiki":null,"tel":"0652575304","postCode":81990,"city":"Puygouzon","addr":"10 chemin de Bellevue, ","cat":"O","email":"thierryfougere@gmail.com"}
]}