{"id":28,"producers":[
{"lat":48.445223,"lng":1.488925,"name":"AK VITRAIL","web":"http://ak-vitrail.fr","txt":" Maître-verrier (ou Vitrailliste)","wiki":null,"tel":"0683425899","postCode":28000,"city":"Chartres","addr":"29 rue de la clouterie, ","cat":"O","email":"ak-vitrail@liver.fr"}
,{"lat":48.448642,"lng":1.491061,"name":"ATELIER LORIN-G. HERMET-M. JUTEAU","web":"http://www.lorin-hermet-juteau.com","txt":" Maître-verrier (ou Vitrailliste)","wiki":null,"tel":"0237340042","postCode":28000,"city":"Chartres","addr":"46 rue de la Tannerie, ","cat":"O","email":"lorin.hermet.juteau@wanadoo.fr"}
,{"lat":48.448199,"lng":1.496342,"name":"PRENDS TES PALMES & TON TUBA","web":"http://www.prendstespalmes.com","txt":" Graphiste","wiki":null,"tel":"0679326366","postCode":28000,"city":"Chartres","addr":"10, avenue Texier Gallas, ","cat":"O","email":"sarahjarnoux@prendstespalmes.com"}
,{"lat":48.244964,"lng":1.220523,"name":"ATELIER DEROUBAIX","web":"http://joellederoubaix.com","txt":" Céramiste","wiki":null,"tel":"0681102025","postCode":28120,"city":"Vieuvicq","addr":"2, rue Jutigny, ","cat":"O","email":"deroubaix.joelle@laposte.net"}
,{"lat":48.5904,"lng":1.568122,"name":"Odile Moulin Sculptures","web":"http://www.odilemoulin.com","txt":" Céramiste","wiki":null,"tel":"0603030625","postCode":28130,"city":"Pierres","addr":"2 Place Saint Gilles, ","cat":"O","email":"odile.moulin@laposte.net"}
,{"lat":48.133544,"lng":1.653912,"name":"la ferme des bleuets","web":"http://www.fermedesbleuets.org/","txt":"La Ferme des Bleuets est spécialisée dans la production d’œufs et lentilles.","wiki":null,"tel":"0237998617","postCode":28140,"city":"Courbehaye","addr":" 16 LD Villepéreux ","cat":"A","email":"fermedesbleuets@orange.fr"}
,{"lat":48.169145,"lng":1.666142,"name":"Lefebvre Horticulture","web":"","txt":"Horticulteur","wiki":null,"tel":"0625898057","postCode":28140,"city":"Fontenay-sur-Conie","addr":"Route de Voves ","cat":"A","email":""}
,{"lat":48.32627,"lng":1.786348,"name":"Fabien Varet","web":"","txt":"Maraîcher","wiki":null,"tel":"0658171064","postCode":28150,"city":"Louville-la-Chenard","addr":"8 rue des Quatre Ormes 28150 Louville-laChenard","cat":"A","email":""}
,{"lat":48.3328,"lng":1.654335,"name":"Atelier de mécanique d'art en horlogerie","web":"http://www.horlogeriemarcelboulanger.fr","txt":" Fabricant et restaurateur d'horloges, carillons, pendules, aiguilles, balanciers","wiki":null,"tel":"0607520305","postCode":28150,"city":"Allonnes","addr":"27, rue Maurice Viollette, ","cat":"O","email":"boulangermarcel@wanadoo.fr"}
,{"lat":48.197841,"lng":1.29069,"name":"espace gazon","web":"https://www.espacegazon.fr/","txt":"Vente en direct de Gazon Naturel en Rouleau pour végétaliser rapidement votre jardin. Sur commande uniquement pour vous garantir la fraîcheur de notre produit.","wiki":null,"tel":"0237967272","postCode":28160,"city":"Dangeau","addr":" Grissay","cat":"A","email":""}
,{"lat":48.588794,"lng":1.453111,"name":"Les Volailles de la Garenne","web":"","txt":"volaillère","wiki":null,"tel":"0650169493","postCode":28170,"city":"Serazereux","addr":"La Garenne ","cat":"A","email":""}
,{"lat":48.034969,"lng":1.50971,"name":"L'ATELIER D'ENNJI","web":"http://www.ennji-broderiedart.com","txt":" Brodeur","wiki":null,"tel":"0666940467","postCode":28200,"city":"Villampuy","addr":"N°39, Le Bourg, ","cat":"O","email":"ennji@wanadoo.fr"}
,{"lat":48.623884,"lng":1.532536,"name":"ysamea création","web":"https://www.ysameacreation.com/","txt":"Créatrice d'objets et vêtements bien-être et confort dans l'esprit cocooning.","wiki":null,"tel":"0684277552","postCode":28210,"city":"Nogent-le-Roi","addr":" 14 Grande rue, Vacheresses les Basses, 28210 Nogent le roi","cat":"A","email":"ysamea@gmail.com"}
,{"lat":48.651934,"lng":1.54513,"name":"FABRIQUE DE MEUBLES DE COULOMBS","web":"http://www.philippe-hurel.com","txt":"Vernisseur finisseur","wiki":null,"tel":"330687707431","postCode":28210,"city":"Coulombs","addr":"16 rue de Chandelles, ","cat":"O","email":"philippe.hurel@philippe-hurel.com"}
,{"lat":48.617807,"lng":1.677094,"name":"Atelier du Clos des Moines","web":"http://www.rpcom.com","txt":" Fabricant et restaurateur d'automates","wiki":null,"tel":"0688002731","postCode":28230,"city":"Épernon","addr":"62 route de Boulard, 28230 Epernon","cat":"O","email":"creation@rpcom.com"}
,{"lat":48.472835,"lng":1.016405,"name":"LOÏC CHEVREAU","web":"","txt":" Couvreur : fabricant et restaurateur de toitures spéciales","wiki":null,"tel":"0686992634","postCode":28240,"city":"La Loupe","addr":"rue Paul Deschanel, ","cat":"O","email":"chevreau4@aol.com"}
,{"lat":48.852774,"lng":1.461969,"name":"SCEA DEKIEN GAILLARD","web":"","txt":"Eleveur","wiki":null,"tel":"0698869352","postCode":28260,"city":"Boncourt","addr":"ROUTE D'OULINS, LA VENTROUILLERIE 28260 BONCOURT","cat":"A","email":""}
,{"lat":48.14628,"lng":1.097167,"name":"GAEC DU MOUSSEAU","web":"","txt":"Agriculteur","wiki":null,"tel":"0625281245","postCode":28290,"city":"Vald'Yerre","addr":"Le Mousseau 28290 Arrou","cat":"A","email":""}
,{"lat":48.454228,"lng":1.471173,"name":"EARL Les jardins de Chartres","web":"","txt":"Agriculteur - Distributeur de produits alimentaires","wiki":null,"tel":"0237214240","postCode":28300,"city":"Mainvilliers","addr":"Entre Mainvilliers et Seresville ","cat":"A","email":""}
,{"lat":48.477792,"lng":1.49246,"name":"CICCHERO FACTURE INSTRUMENTALE","web":"","txt":" Facteur et restaurateur d'orgues","wiki":null,"tel":"0614345196","postCode":28300,"city":"Saint-Prest","addr":"12, sente des Ronces Z.A. Le Gorget, 28300 Saint Prest","cat":"O","email":"infoline@obcd-visuel.com"}
,{"lat":48.34474,"lng":1.842405,"name":"La Ferme de Beauce","web":"","txt":"Eleveur de volailles bio","wiki":null,"tel":"0750433033","postCode":28310,"city":"Gouillons","addr":"Route de Léthuin ","cat":"A","email":""}
,{"lat":48.519572,"lng":1.714862,"name":"L'Atelier du Bout d'A Haut","web":"http://latelierduboutdahaut.fr","txt":"Tapissier d'ameublement/tapissier décorateur","wiki":null,"tel":"0663700915","postCode":28320,"city":"Gallardon","addr":"33 rue du Bout d'A Haut Montlouet, ","cat":"O","email":"latelierduboutdahaut@gmail.com"}
,{"lat":48.207424,"lng":0.91166,"name":"la ferme des bonshommes","web":"http://www.lesbonshommes.fr","txt":"Eleveur","wiki":null,"tel":"0237499226","postCode":28330,"city":"Authon-du-Perche","addr":" les bonshommes","cat":"AV","email":"les-bonshommes@wanadoo.fr"}
,{"lat":48.345093,"lng":1.55992,"name":"SCEA Bigot-Vovette","web":"","txt":"Producteur de légumes secs","wiki":null,"tel":"0237260087","postCode":28360,"city":"Theuville","addr":"22 rue de Mathoré Vovette ","cat":"A","email":""}
,{"lat":48.34249,"lng":1.42562,"name":"CLAIRE BABET VITRAUX SARL","web":"http://www.claire-babet-vitraux.fr","txt":"Restaurateur de vitraux","wiki":null,"tel":"0237263970","postCode":28360,"city":"La Bourdinière-Saint-Loup","addr":"17 ter rue du Château, 28360 Chenonville","cat":"O","email":"claire-babet@orange.fr"}
,{"lat":48.810692,"lng":1.561408,"name":"pâtes'atras","web":"","txt":"Agriculteur et producteur de pâtes fermière semis complètes.\nDu champs à l'assiette avec le propre blé dur de l exploitation, transformé en pâtes puis séché.","wiki":null,"tel":"0671119684","postCode":28410,"city":"Saint-Lubin-de-la-Haye","addr":" 10 rue du Châtelet ","cat":"AO","email":"Patesatras@gmail.com"}
,{"lat":48.739605,"lng":1.584214,"name":"Hautbois et bassons Cottet","web":"","txt":" Facteur et restaurateur d'instruments à vent en bois","wiki":null,"tel":"0675382687","postCode":28410,"city":"Boutigny-Prouais","addr":"le Bois des Prés, ","cat":"O","email":"chevechette@free.fr"}
,{"lat":48.263943,"lng":0.952106,"name":"Ferme des Vitriers","web":"","txt":"Eleveur","wiki":null,"tel":"","postCode":28480,"city":"Argenvilliers","addr":"Gaël CHABOCHE","cat":"A","email":""}
,{"lat":48.744711,"lng":1.422156,"name":"Ferme Benoist Distribution","web":"","txt":"Agriculteur","wiki":null,"tel":"0659949970","postCode":28500,"city":"Cherisy","addr":"2 rue de la régie 28500  MARSAUCEUX","cat":"A","email":""}
,{"lat":48.658281,"lng":1.275294,"name":"LOU MORIN VITRAIL","web":"http://www.lou-morin-vitrail.com","txt":"Restaurateur de vitraux","wiki":null,"tel":"0672001821","postCode":28500,"city":"Saulnières","addr":"1 rue de la Ferme, ","cat":"O","email":"contact@lou-morin-vitrail.com"}
,{"lat":48.43543,"lng":1.526993,"name":"exquis punch","web":"https://exquispunch.com/","txt":"À base de rhum, de fruits Premium,  et d'épices qui viennent sublimer le tout, EXQUIS est la nouvelle star de l'apéro. Fraîcheur, douceur, saveur, le tout y 'est afin de vous faire passer un excellent moment , direction les tropiques. Confectionnée prêt de Chartres en Eure et Loir (28) notre production reste artisanale.","wiki":null,"tel":"0781907361","postCode":28630,"city":"Gellainville","addr":" 20 Av. Gustave Eiffel, 28630 Gellainville","cat":"AO","email":"contact@exquispunch.com"}
,{"lat":48.378086,"lng":1.443684,"name":"STEPHANE PETIT","web":"http://www.lagalerieartway.eu","txt":"Verrier","wiki":null,"tel":"0607451245","postCode":28630,"city":"Thivars","addr":"47, rue de Spoir, ","cat":"O","email":"stephanepetit@lagalerieartway.eu"}
,{"lat":48.448915,"lng":1.686745,"name":"VOLTAIRE AND CO","web":"http://www.voltaireandco-tapissier.fr","txt":" Tapissier d'ameublement/tapissier décorateur","wiki":null,"tel":"0684051566","postCode":28700,"city":"Béville-le-Comte","addr":"5 RUE DU BOIS BLANC LE LUET, ","cat":"O","email":"contact@voltaireandco.fr"}
,{"lat":48.172846,"lng":1.410841,"name":"Microbrasserie du Glandin","web":"","txt":"Agriculteur/ Brasseur","wiki":null,"tel":"0632364756","postCode":28800,"city":"Bonneval","addr":"Le Glandin ","cat":"A","email":""}
,{"lat":48.190094,"lng":1.574543,"name":"EARL LAVO","web":"","txt":"AGRICULTEUR","wiki":null,"tel":"0237440153","postCode":28800,"city":"Sancheville","addr":"adresse non fournie 28800 SANCHEVILLE","cat":"A","email":""}
]}