{"id":64,"producers":[
{"lat":43.30268,"lng":-0.353369,"name":"Atelier L.Enard Luthier","web":"http://www.atelier-l-enard.fr","txt":" Luthier","wiki":null,"tel":"0662127855","postCode":64000,"city":"Pau","addr":"76 allée de Morlaàs, ","cat":"O","email":"lionel.enard@gmail.com"}
,{"lat":43.297944,"lng":-0.367406,"name":"GLORIEUX PHOTOGRAPHIE","web":"http://www.glorieux.fr","txt":" Photographe illustrateur","wiki":null,"tel":"0687603613","postCode":64000,"city":"Pau","addr":"19 bis rue Samonzet, ","cat":"O","email":"studio@glorieux.fr"}
,{"lat":43.294735,"lng":-0.372326,"name":"Photo DUBOURG","web":"http://www.photodubourg.com","txt":"Photographe illustrateur","wiki":null,"tel":"0607996512","postCode":64000,"city":"Pau","addr":"12 rue Henri IV, ","cat":"O","email":"marieclairedubourg@sfr.fr"}
,{"lat":43.316802,"lng":-0.345702,"name":"Sylvain Gardères","web":"http://www.sylvaingarderes.fr","txt":" Photographe illustrateur","wiki":null,"tel":"0687360372","postCode":64000,"city":"Pau","addr":"55, rue Berlioz entrée A, ","cat":"O","email":"contact@sylvaingarderes.fr"}
,{"lat":43.486199,"lng":-1.467112,"name":"ATELIER DE RESTAURATION DE TAPIS ANNE CAUDERLIER","web":"","txt":" Rentrayeur (restaurateur de tapis et tapisseries)","wiki":null,"tel":"0664247765","postCode":64100,"city":"Bayonne","addr":"Allée de Ligny, ","cat":"O","email":"anne.cauderlier@numericable.fr"}
,{"lat":43.512748,"lng":-1.433927,"name":"Atelier Passion Bois","web":"http://www.atelierpassionbois.com","txt":"Vernisseur finisseur","wiki":null,"tel":"0559500783","postCode":64100,"city":"Bayonne","addr":"6 Rue Fontaine de Guimbalet  ZI St Etienn, ","cat":"O","email":"contact@atelierpassionbois.com"}
,{"lat":43.492126,"lng":-1.474988,"name":"BENJAMIN VAL","web":"","txt":"Tailleur de pierre","wiki":null,"tel":"0671223792","postCode":64100,"city":"Bayonne","addr":"4, rue lormand, ","cat":"O","email":"atelier@benjamin-val.fr"}
,{"lat":43.488126,"lng":-1.450784,"name":"CRÉATION DESMARCHELIER","web":"http://www.creation-desmarchelier.com","txt":" Ebéniste","wiki":null,"tel":"0689333387","postCode":64100,"city":"Bayonne","addr":"19, rue du Chalibardon ZA St Frédéric II, ","cat":"O","email":"creation.desmarchelier@wanadoo.fr"}
,{"lat":43.489067,"lng":-1.478319,"name":"KAT'DECO","web":"http://www.katdeco.com","txt":" Peintre en décor","wiki":null,"tel":"0611886490","postCode":64100,"city":"Bayonne","addr":"15, rue vieille Boucherie place MONTAUT, 64100 BAYONNE","cat":"O","email":"katdeco@wanadoo.fr"}
,{"lat":43.490925,"lng":-1.475532,"name":"L'ATELIER DE CAROLINE","web":"","txt":" Bijoutier en métaux précieux","wiki":null,"tel":"0687363992","postCode":64100,"city":"Bayonne","addr":"11, rue Port de Castets, 64100 BAYONNE","cat":"O","email":"karo.crochet@laposte.net"}
,{"lat":43.49044,"lng":-1.478658,"name":"LE LIGATOR","web":"http://www.le-ligator.com","txt":"Restaurateur de reliures","wiki":null,"tel":"0622420383","postCode":64100,"city":"Bayonne","addr":"30, rue des faures, ","cat":"O","email":"leligator@wanadoo.fr"}
,{"lat":43.485005,"lng":-1.495482,"name":"MADILAR","web":"http://www.madilar.com","txt":"Polisseur","wiki":null,"tel":"0559633818","postCode":64100,"city":"Bayonne","addr":"58, avenue du Maréchal Soult, ","cat":"O","email":"info@madilar.com"}
,{"lat":43.494663,"lng":-1.466367,"name":"VITRAUX & SABLAGE DÉCORATIF SUR VERRE GÉRALD FRANZETTI","web":"http://www.vitraux-franzetti.com","txt":"Restaurateur de vitraux","wiki":null,"tel":"0681862185","postCode":64100,"city":"Bayonne","addr":"17, petite rue de l'Esté Passage Jules Mauméjean, ","cat":"O","email":"gerald.franzetti@numericable.fr"}
,{"lat":43.267996,"lng":-0.389192,"name":"ATELIER STRAUSS","web":"","txt":"Restaurateur de vitraux","wiki":null,"tel":"0670853485","postCode":64110,"city":"Jurançon","addr":"Rauski   6, ","cat":"O","email":"sam_blandine@hotmail.fr"}
,{"lat":43.274359,"lng":-0.343917,"name":"KLS MENUISERIE ","web":"http://www.klsmenuiseire.fr","txt":" Menuisier ","wiki":null,"tel":"0632606154","postCode":64110,"city":"Uzos","addr":"6 PARC DES ARTISANS, 64110 UZOS","cat":"O","email":"contact@klsmenuiserie.fr"}
,{"lat":43.306049,"lng":-0.441869,"name":"L'ATELIER DU TAPISSIER","web":"","txt":" Tapissier d'ameublement/tapissier décorateur","wiki":null,"tel":"0618469161","postCode":64110,"city":"Laroin","addr":"Chemin des écoles, 64110 LAROIN","cat":"O","email":"girol.xavier@aliceadsl.fr"}
,{"lat":43.291647,"lng":-0.375624,"name":"LAURENT FENNETEAU","web":"http://www.fenneteau.com","txt":" Restaurateur de meubles","wiki":null,"tel":"0559068487","postCode":64110,"city":"Gelos","addr":"10, impasse Henri IV, ","cat":"O","email":"laurent@fenneteau.com"}
,{"lat":43.364248,"lng":-1.11257,"name":"ferme larraldia","web":"","txt":"ferme en AB, vente directe légumes bio de saison ainsi que veau et boeuf AB en caissette, nous proposons des plats cuisinés : AXOA, massalé de boeuf, cari de boeuf, achard de légumes et de courgette, pate de piment fort etc...","wiki":null,"tel":"0559658079","postCode":64120,"city":"Amorots-Succos","addr":" lattaldia","cat":"AM","email":"larraldia@orange.fr"}
,{"lat":43.351582,"lng":-1.087295,"name":"elichiry","web":"","txt":"Producteur de fromage de chèvre fermier(crottin,buche,tome) à béguios","wiki":null,"tel":"0676492025","postCode":64120,"city":"Béguios","addr":" Maison isakenia","cat":"AF","email":"erramun.elichiry@wanadoo.fr"}
,{"lat":43.393008,"lng":-1.030737,"name":"ATELIER ARTEA, AGENCEUR & EBENISTERIE","web":"http://www.artea-paris.com","txt":"Menuisier ","wiki":null,"tel":"0607314675","postCode":64120,"city":"Ilharre","addr":"Elizaldea, ","cat":"O","email":"henri.mogaburu@free.fr"}
,{"lat":43.316316,"lng":-1.027358,"name":"JEAN-CLAUDE AYÇAGUER","web":"http://www..ebeniste-pro.fr","txt":"Restaurateur de meubles","wiki":null,"tel":"0676880286","postCode":64120,"city":"Saint-Palais","addr":"7, route de Sardasse, 64120 Saint Palais","cat":"O","email":"jc.aycaguer@wanadoo.fr"}
,{"lat":43.231117,"lng":-0.803182,"name":"earl la ferme d'ambeltze","web":"","txt":"La Ferme D'Ambeltze élève des brebis laitières et des vaches à viande pour produire du fromage pur brebis, de la viande de boeuf, veau, mouton, agneau de lait ainsi que des plats cuisinés et conserves maison.","wiki":null,"tel":"0633397603","postCode":64130,"city":"Chéraute","addr":" maison Mosso, quartier Arambeaux, 64130 Chéraute ","cat":"AV","email":"pinque.fabrice@orange.fr"}
,{"lat":43.198028,"lng":-0.783441,"name":"Ferme Uhartia","web":"","txt":"Eleveur, gaveur et transformateur de canards","wiki":null,"tel":"0559289209","postCode":64130,"city":"Barcus","addr":"Quartier Ahargo Pea ","cat":"AV","email":""}
,{"lat":43.192122,"lng":-0.766372,"name":"Les jardins d'Ama Lurra","web":"","txt":"paysan herboriste","wiki":null,"tel":"0644908878","postCode":64130,"city":"Barcus","addr":"120 ROUTE PRINCIPALE 64130 BARCUS","cat":"AO","email":""}
,{"lat":43.31324,"lng":-0.406017,"name":"EARL LAUSI","web":"","txt":"Eleveur race Bazadaise","wiki":null,"tel":"","postCode":64140,"city":"Lons","addr":"52 chemin des Vignes ","cat":"AV","email":""}
,{"lat":43.315757,"lng":-0.383071,"name":"LartBois","web":"http://www.lartbois.com","txt":"Marqueteur","wiki":null,"tel":"0650942982","postCode":64140,"city":"Billère","addr":"12 rue des Pyrénées, ","cat":"O","email":"contact@lartbois.com"}
,{"lat":43.322125,"lng":-0.291372,"name":"MANUFACTURE PYRENEENNE","web":"http://www.marbore-pyrenees.com","txt":"Tisserand","wiki":null,"tel":"0559063688","postCode":64160,"city":"Morlaàs","addr":"11, rue Pierre Bourdieu, 64160 MORLAAS","cat":"O","email":"manufacture-pyreneenne@orange.fr"}
,{"lat":43.416885,"lng":-0.511854,"name":"cidrerie béarnaise","web":"http://www.cidrerie-bearnaise.fr","txt":"Fabrication de Cidre Bearnais (Brute et demi-sec), jus de pomme, vinaigre de cidre, gelée de cidre et l'Apéritiu (apéritif à base de moût de pomme et de miel).\nFabrication de Pain d'épices et de miels","wiki":null,"tel":"0633865371","postCode":64170,"city":"Casteide-Cami","addr":" chemin de lalanne","cat":"AA","email":"cidreriebearnaise@gmail.com"}
,{"lat":43.482619,"lng":-1.558706,"name":"AMESTOY","web":"http://www.amestoy.fr","txt":"Sertisseur","wiki":null,"tel":"0559220033","postCode":64200,"city":"Biarritz","addr":"8 avenue Edouard VII, ","cat":"O","email":"contact@amestoy.fr"}
,{"lat":43.474947,"lng":-1.54219,"name":"LES ATELIERS DE CLAUDINE","web":"","txt":"Tapissier d'ameublement/tapissier décorateur","wiki":null,"tel":"0678367934","postCode":64200,"city":"Biarritz","addr":"12, rue de la Barthe Résidence de la Barthe, ","cat":"O","email":"lesateliersdeclaudine@hotmail.fr"}
,{"lat":43.44418,"lng":-1.574205,"name":"MOTUS & BOUCHE COUSUE","web":"http://www.motus-bouche-cousue.com","txt":"Fabricant d'accessoires de mode","wiki":null,"tel":"0629505976","postCode":64210,"city":"Bidart","addr":"Clos Etcheberri - Apt C9, ","cat":"O","email":"laure.dallerba@orange.fr"}
,{"lat":43.417415,"lng":-0.392605,"name":"Francelyne Empeyrou-Arruhat","web":"","txt":"Maraîchère","wiki":null,"tel":"0637363614","postCode":64230,"city":"Caubios-Loos","addr":"Route de Sainte-Quitterie ","cat":"AM","email":""}
,{"lat":43.382552,"lng":-1.256113,"name":"earl artilea","web":"","txt":"AGRICULTEUR","wiki":null,"tel":"0673430243","postCode":64240,"city":"Ayherre","addr":"MAISON BIDARTIA 64240 AYHERRE","cat":"AV","email":"dioy_64@hotmail.fr"}
,{"lat":43.376617,"lng":-1.28369,"name":"ferme etxartia","web":"https://www.facebook.com/ferme.etxartia/","txt":"exploitation agricole sous la charte et les cahier des charges IDOKI, production d'œufs, de brebis laitières avec transformation fromagère, caillé au lait de brebis, breuil .En saison d'agnelage vente d'agneau de lait et une fois par ans poule prête à cuire pour poule au pot ou autres .","wiki":null,"tel":"0621503540","postCode":64240,"city":"Hasparren","addr":" maison etxartia quartier larrarte","cat":"AF","email":"ferme.etxartia@orange.fr"}
,{"lat":43.456174,"lng":-1.342346,"name":"earl gauella","web":"","txt":"Miel et ses dérivés(pain d'épices maison, gateaux de miel ,bonbons..)","wiki":null,"tel":"0685562247","postCode":64240,"city":"Briscous","addr":" MAISON BAKEA CHEMIN DONAMARTINIA","cat":"AA","email":"bernard.hondarrague@sfr.fr"}
,{"lat":43.442459,"lng":-1.297714,"name":"ESTIENNE","web":"","txt":" Doreur-ornemaniste","wiki":null,"tel":"0678070207","postCode":64240,"city":"Briscous","addr":"Residence Iguzkiarekin  quartier le Bourg, ","cat":"O","email":"maitenaestienne@sfr.fr"}
,{"lat":43.429987,"lng":-1.256313,"name":"PINEAU JACQUES","web":"http://www.pineau-artverrier.com","txt":"Verrier","wiki":null,"tel":"0559294905","postCode":64240,"city":"La Bastide-Clairence","addr":"Rue Notre-Dame, ","cat":"O","email":"jfpineauverrier@gmail.com"}
,{"lat":43.424379,"lng":-1.259608,"name":"Soinuka lutherie","web":"http://www.soinuka-lutherie.com","txt":" Luthier en guitare","wiki":null,"tel":"0672316106","postCode":64240,"city":"La Bastide-Clairence","addr":"Grange Darrieux, 1er étage Route d'Hasparren, ","cat":"O","email":"soinuka-lutherie@orange.fr"}
,{"lat":43.428618,"lng":-1.255093,"name":"TISSAGE DE LA BASTIDE","web":"http://www.godignon.net","txt":"Tisserand","wiki":null,"tel":"0559295343","postCode":64240,"city":"La Bastide-Clairence","addr":"Place de l'Eglise, 64240 La Bastide Clairence","cat":"O","email":"godignon@neuf.fr"}
,{"lat":43.360475,"lng":-1.395815,"name":"ANNE-CECILE CHIPPIER ARCHETIERE","web":"http://www.archetiere.fr","txt":" Archetier","wiki":null,"tel":"0785381250","postCode":64250,"city":"Cambo-les-Bains","addr":"15 route du Bas Cambo Maison Michel Enia, ","cat":"O","email":"archetiere@archetiere.fr"}
,{"lat":43.334296,"lng":-1.412168,"name":"Atelier LIVRELIURE","web":"http://www.livreliure.com","txt":" Relieur","wiki":null,"tel":"0633986863","postCode":64250,"city":"Itxassou","addr":"Maison Xirula Route d'Esplette, ","cat":"O","email":"atelier.livreliure@gmail.com"}
,{"lat":43.362033,"lng":-1.398692,"name":"PECHMEJA","web":"","txt":"Joaillier","wiki":null,"tel":"0649048428","postCode":64250,"city":"Cambo-les-Bains","addr":"11 rue Chiquito, 64250 Cambo-Les-Bains","cat":"O","email":"serge.pechmeja@wanadoo.fr"}
,{"lat":43.088087,"lng":-0.332645,"name":"Romain Véau","web":"","txt":"Pisciculteur","wiki":null,"tel":"0564110758","postCode":64260,"city":"Louvie-Juzon","addr":"Chemin de Durieu ","cat":"AP","email":""}
,{"lat":43.472006,"lng":-0.924591,"name":"ATELIER KATY","web":"","txt":" Tisserand","wiki":null,"tel":"0559382397","postCode":64270,"city":"Salies-de-Béarn","addr":"7, rue Saint Vincent, 64270 Salies de Béarn","cat":"O","email":"atelier.katy@wanadoo.fr"}
,{"lat":43.530427,"lng":-0.922047,"name":"ATELIER M.BRETHES","web":"http://www.atelier-martine-brethes.com","txt":" Restaurateur de tableaux","wiki":null,"tel":"0611657927","postCode":64270,"city":"Puyoô","addr":"687 RN 117, 64270 Puyoo","cat":"O","email":"Mabrethes@yahoo.fr"}
,{"lat":43.222724,"lng":-0.545382,"name":"ATELIER GIUSEPPI","web":"http://www.atelier-giuseppi.com","txt":"Sculpteur sur bois","wiki":null,"tel":"0674351567","postCode":64290,"city":"Estialescq","addr":"55, chemin Milord, ","cat":"O","email":"contact@atelier-giuseppi.com"}
,{"lat":43.217831,"lng":-0.36496,"name":"robert moignard","web":"http://sculpteur-designer-peintre-vitraux.fr","txt":"Maître-verrier (ou Vitrailliste)","wiki":null,"tel":"0612904935","postCode":64290,"city":"Bosdarros","addr":"112 chemin serrot, ","cat":"O","email":"robert.moignard@gmail.com"}
,{"lat":43.558606,"lng":-0.829802,"name":"GAEC PIROUAS","web":"","txt":"AGRICULTEUR","wiki":null,"tel":"0670089784","postCode":64300,"city":"Saint-Girons-en-Béarn","addr":"691 CHEMIN DE LARTIGUE 64300 SAINT GIRONS EN BEARN","cat":"AV","email":""}
,{"lat":43.44204,"lng":-0.820704,"name":"ENTREPRISE INDIVIDUELLE LAURENT FRONTÈRE","web":"http://www.laurent.frontere.net ","txt":"Modeleur-Mouleur","wiki":null,"tel":"0559692044","postCode":64300,"city":"Ozenx-Montestrucq","addr":"Maison Larroque 3, chemin Larroque, 64300 Montestrucq","cat":"O","email":"l.frontere@wanadoo.fr"}
,{"lat":43.463401,"lng":-0.735253,"name":"TISSAGE MOUTET S.A.","web":"http://www.tissage-moutet.com","txt":" Fabricant d'objets décoratifs en tissus (patchworks, tissus appliqués, coussins, drapeaux.)","wiki":null,"tel":"0559691433","postCode":64300,"city":"Biron","addr":"Route de Biron - Z.A. des Saligues, 64300 Orthez","cat":"O","email":"contact@tissage-moutet.com"}
,{"lat":43.312919,"lng":-1.53099,"name":"La Ferme aux Piments","web":"","txt":"Producteur de piment d'Espelette","wiki":null,"tel":"0660101874","postCode":64310,"city":"Saint-Pée-sur-Nivelle","addr":" rte de dancharia quartier cherchebruit","cat":"AF","email":"fermeitsasmendi@gmail.com"}
,{"lat":43.338916,"lng":-1.549621,"name":"ZORZABALBERE JEAN-LUC","web":"http://www.jlz-creation-bois.com","txt":" Ebéniste","wiki":null,"tel":"0622850754","postCode":64310,"city":"Saint-Pée-sur-Nivelle","addr":"Chemin Larraldea, 64310 Sare","cat":"O","email":"j-luc.zorzabalbere@wanadoo.fr"}
,{"lat":43.526042,"lng":-1.489356,"name":"Atelier du Piquessary","web":"http://www.ateliersolognot.fr","txt":" Coutelier","wiki":null,"tel":"0612761120","postCode":64340,"city":"Boucau","addr":"22bis Chemin Du Pitarré, ","cat":"O","email":"bignonfrancois@orange.fr"}
,{"lat":43.310244,"lng":-0.608347,"name":"la régalade","web":"https://www.facebook.com/laregalademonein","txt":"Ferme Bio & Vivante cultivant des légumes et des fruits","wiki":null,"tel":"0642847588","postCode":64360,"city":"Monein","addr":" 6 Chemin de la Bieille","cat":"AM","email":"laregalademonein@gmail.com"}
,{"lat":43.338708,"lng":-0.678627,"name":"epice rouge safran","web":"https://epicerougesafran.fr","txt":"Productrice de safran","wiki":null,"tel":"0633250967","postCode":64360,"city":"Lucq-de-Béarn","addr":" quartier Bernateix","cat":"AA","email":"epicerougesafran@gmail.com"}
,{"lat":43.459337,"lng":-0.597025,"name":"earl de caubin","web":"","txt":"Vente directe Boeuf Blond d'Aquitaine\nTroupeau labellisé Label Rouge\nBovins nés et élevés sur l'exploitation","wiki":null,"tel":"0679964234","postCode":64370,"city":"Arthez-de-Béarn","addr":" 3 Chemin de Benicet","cat":"AV","email":"claudelartigue64@gmail.com"}
,{"lat":43.462405,"lng":-0.572591,"name":"PEREZ-FERRON","web":"http://www.jossscuplture.free.fr","txt":"Tailleur de pierre","wiki":null,"tel":"0681299299","postCode":64370,"city":"Castillon (Canton d'Arthez-de-Béarn)","addr":"Route de Doazon, 64370 Castillon d'Arthez","cat":"O","email":"J.perezferron@orange.fr"}
,{"lat":43.414509,"lng":-0.911469,"name":"aromanature","web":"http://www.aromanature.com","txt":"Pionnière de la savonnerie à froid en France, l'entreprise familiale aromaNature fabrique une gamme exclusive de savons naturels à froid que plusieurs milliers de client(e)s fidèles et enthousiastes utilisent avec bonheur depuis près de 18 ans aujourd'hui.\nFondée par Leanne & Sylvain Chevallier en 2000, aromaNature a aussi été la toute première savonnerie à proposer des stages de fabrication de savon à froid en France en 2004.","wiki":null,"tel":"","postCode":64390,"city":"Burgaronne","addr":" 370 chemin lajusa 64390 Burgaronne","cat":"P","email":""}
,{"lat":43.427112,"lng":-0.963734,"name":"POTERIE PARABIS","web":"http://poterieparabis.fr","txt":"Potier de grès","wiki":null,"tel":"0559385481","postCode":64390,"city":"Oraàs","addr":"lieu dit Parabis, 64390 ORAAS","cat":"O","email":"poterieparabis.gilles@neuf.fr"}
,{"lat":43.189802,"lng":-0.672596,"name":"SARL OHIKO","web":"","txt":"Fromagerie","wiki":null,"tel":"0673734850","postCode":64400,"city":"Esquiule","addr":"365 route d'Oloron  ","cat":"AF","email":""}
,{"lat":43.191511,"lng":-0.607604,"name":"SARL IMAGIN' ET VOUS","web":"http://imaginetvous.com","txt":"Tailleur-couturier","wiki":null,"tel":"0559394636","postCode":64400,"city":"Oloron-Sainte-Marie","addr":"10  rue Louis Barthou, 64400 Oloron ste Marie","cat":"O","email":"ievous@bbox.fr"}
,{"lat":43.571356,"lng":-0.473039,"name":"earl lalebe","web":"","txt":"Éleveuses de veau sous la mère, nous vous proposons des caissettes de 5 ou 10 kg à 11€ le kg, veau nourris uniquement au lait des vaches et un peu de foin en complément qui donne une couleur rosée à la viande. Veaux nés à la ferme, vaches dans les prés et nourries au maïs local","wiki":null,"tel":"0643701379","postCode":64410,"city":"Malaussanne","addr":" Quartier l'Afrique","cat":"AV","email":""}
,{"lat":43.493988,"lng":-0.408816,"name":"LARMANDIEU","web":"","txt":" Maçon","wiki":null,"tel":"0682382803","postCode":64410,"city":"Mialos","addr":"Z.A d'Arzacq, 64410 Arzacq","cat":"O","email":"gilbert.larmandieu@wanadoo.fr"}
,{"lat":43.309986,"lng":-0.159517,"name":"Atelier de Reliure Dorure","web":"http://www.depagesenlivres.fr","txt":" Relieur","wiki":null,"tel":"0669458544","postCode":64420,"city":"Arrien","addr":"9 chemin du Presbytère, ","cat":"O","email":"contact@depagesenlivres.fr"}
,{"lat":42.953499,"lng":-0.439503,"name":"savonnerie des eaux chaudes","web":"http://www.savonnerie-des-eaux-chaudes.com/index.php?","txt":"La Savonnerie des Eaux Chaudes propose une gamme de savons naturels et biologiques aux senteurs différentes.","wiki":null,"tel":"0662105598","postCode":64440,"city":"Laruns","addr":" Eaux Chaudes Place de l'Eglise","cat":"P","email":"savonneriedeseauxchaudes@gmail.com"}
,{"lat":43.483589,"lng":-0.313458,"name":"ranch eps","web":"","txt":"Petit producteur de poulets fermier et de bœufs en vente directe. Tous mes animaux sont élevé en liberté. Retrouvez-moi sur mon site rancheps.civam.fr pour plus de renseignements.","wiki":null,"tel":"0640450019","postCode":64450,"city":"Lalonquette","addr":" 28 chemin bordenave","cat":"AV","email":""}
,{"lat":43.381076,"lng":-0.127613,"name":"la ferme des 3 poulets","web":"","txt":"La ferme des 3 poulets est une exploitation agricole familiale située à Anoye entre Morlaàs et Lembeye.\n\nÉlevage de poulets, canettes à rôtir, canards gras, lapins, oies et prochainement escargots.\nNous privilégions le bien être animal en élevant que de petites quantités d animaux en liberté sur un hectare de terrain.\n\nVente directe à la ferme d animaux prêt à cuire ou vivants. Livraison possible autour de Pau.\n\nPensez à commander à l avance.","wiki":null,"tel":"0667304553","postCode":64460,"city":"Baleix","addr":" Route de Baleix 64350 Anoye ","cat":"AV","email":"les3poulets@hotmail.com"}
,{"lat":43.369773,"lng":-0.059535,"name":"Anthony Clouté","web":"","txt":"Eleveur de volailles","wiki":null,"tel":"0665485591","postCode":64460,"city":"Pontiacq-Viellepinte","addr":"chemin des embarrats ","cat":"AV","email":""}
,{"lat":43.423574,"lng":-1.480649,"name":"RedPepper64","web":"","txt":"Productrice de piment d'Espelette","wiki":null,"tel":"0688589466","postCode":64480,"city":"Ustaritz","addr":"516 Route du fronton Quartier Arruntz ","cat":"A","email":""}
,{"lat":43.368586,"lng":-1.440608,"name":"BiPiA","web":"","txt":"Conserverie artisanale","wiki":null,"tel":"0559932186","postCode":64480,"city":"Larressore","addr":"Route d'Halsou ","cat":"AO","email":""}
,{"lat":43.368923,"lng":-1.441074,"name":"ATELIER AINCIART BERGARA","web":"http://www.makhila.com","txt":" Fabricant de cannes","wiki":null,"tel":"0559930305","postCode":64480,"city":"Larressore","addr":"Fronton, ","cat":"O","email":"bergara@makhila.com"}
,{"lat":43.372475,"lng":-1.438697,"name":"PIANOS NESPRIAS","web":"","txt":" Facteur et restaurateur de pianos","wiki":null,"tel":"0607106086","postCode":64480,"city":"Larressore","addr":"Espace Errepira, ","cat":"O","email":"nesprias.michel@wanadoo.fr"}
,{"lat":43.388768,"lng":-1.651667,"name":"ARKATZA","web":"http://www.arkatza.fr","txt":"Sculpteur sur bois","wiki":null,"tel":"0674652150","postCode":64500,"city":"Saint-Jean-de-Luz","addr":"5, rue de Olazabal, 64500 Saint Jean de Luz","cat":"O","email":"etienne.bigot@arkatza.fr"}
,{"lat":43.397452,"lng":-1.650486,"name":"ART DE LA MOSAÏQUE","web":"http://www.mosaique-pays-basque.com","txt":" Mosaïste","wiki":null,"tel":"0633413479","postCode":64500,"city":"Saint-Jean-de-Luz","addr":"Allée Baratzeder, 64500 Saint-Jean-de-luz","cat":"O","email":"mosaique.celine@yahoo.fr"}
,{"lat":43.384086,"lng":-1.668377,"name":"EUSKALDECO","web":"","txt":"Staffeur-stucateur","wiki":null,"tel":"0678810370","postCode":64500,"city":"Ciboure","addr":"5, rue de la Fontaine  Quartier historique, ","cat":"O","email":""}
,{"lat":43.40359,"lng":-1.627277,"name":"SARL PUNPA","web":"","txt":" Gantier","wiki":null,"tel":"0559541204","postCode":64500,"city":"Saint-Jean-de-Luz","addr":"103 avenue de Jaldai, 64500 Saint Jean de Luz","cat":"O","email":"ander.ugarte@wanadoo.fr"}
,{"lat":43.243121,"lng":-0.294897,"name":"ferme larqué","web":"https://fermelarque.fr/","txt":"Des légumes frais, bio, locaux, de saison et vendus en circuit court dans le Béarn (64)\nPour le trouver :\n- Vente à la ferme à Assat (64)\n- Marchés des halles de Pau, Nay et Serres-Castet.\n- AMAP","wiki":null,"tel":"0782676612","postCode":64510,"city":"Assat","addr":" 32 chemin Vignau","cat":"AM","email":"contact@fermelarque.fr"}
,{"lat":43.244103,"lng":-0.296225,"name":"","web":"","txt":"","wiki":null,"tel":"0782676612","postCode":64510,"city":"Assat","addr":"chemin Vignau 64510 ASSAT","cat":"A","email":""}
,{"lat":43.524615,"lng":-1.166597,"name":"Sandra Clément Photographe","web":"","txt":" Photographe illustrateur","wiki":null,"tel":"0788228156","postCode":64520,"city":"Sames","addr":"111 Chemin du vergé Le Bousquet, ","cat":"O","email":"lepetitoiseau@hotmail.com"}
,{"lat":43.466742,"lng":-1.111206,"name":"SARL MALOU MICHEL","web":"http://www.michel-malou.com","txt":"Restaurateur de meubles","wiki":null,"tel":"0608789955","postCode":64520,"city":"Came","addr":"Chemin du moulin Maison Labache, ","cat":"O","email":"contact@michel-malou.com"}
,{"lat":43.485753,"lng":-1.089759,"name":"SIÈGES ROGER GESTAS SARL","web":"http://www.gestas-roger.com","txt":"Vernisseur finisseur","wiki":null,"tel":"0559560271","postCode":64520,"city":"Came","addr":"Quartier Cinq Cantons Les Pins, 64520 CAME","cat":"O","email":"gestas.roger@wanadoo.fr"}
,{"lat":43.488545,"lng":-1.096686,"name":"VITRAUX D'ART DAZELLE","web":"http://www.vitrauxdartdazelle.fr","txt":"Restaurateur de vitraux","wiki":null,"tel":"0662661533","postCode":64520,"city":"Came","addr":"long, 64520 came","cat":"O","email":"vitrauxdartdazelle@gmail.com"}
,{"lat":43.262987,"lng":-0.040202,"name":"au petit jardin saint joseph","web":"http://app.cagette.net/group/2615","txt":"Producteur bio de légumes de saison ainsi que de Kiwis et Kakis.\nMaraichage sur petite surface (0,5 ha) selon techniques inspirées de permaculture.","wiki":null,"tel":"0611363868","postCode":64530,"city":"Ger","addr":" 755 chemin marque débat ","cat":"AM","email":"mxgabaix@orange.fr"}
,{"lat":43.24753,"lng":-0.051124,"name":"pépinière du menhir","web":"http://pepinieredumenhir-fr64.wifeo.com/","txt":"Production et vente de cactus, caudex et autres succulentes ainsi que plantes d'ornements divers","wiki":null,"tel":"0608899046","postCode":64530,"city":"Ger","addr":" 515 route de Tarbes 64530 Ger","cat":"A","email":"pepinieredumenhir-64@outlook.com"}
,{"lat":43.488719,"lng":-1.522358,"name":"ATELIER SORGINA","web":"http://ateliersorgina.jimdo.com","txt":"Tailleur-couturier","wiki":null,"tel":"0682349780","postCode":64600,"city":"Anglet","addr":"52 rue des 5 cantons 2éme maison à gauche, ","cat":"O","email":"ateliersorgina@yahoo.fr"}
,{"lat":43.493475,"lng":-1.505244,"name":"Christine Vielle","web":"","txt":" Céramiste","wiki":null,"tel":"0671932938","postCode":64600,"city":"Anglet","addr":"3 allée des mille Fleurs, 64600 ANGLET","cat":"O","email":"christine.vielle@wanadoo.fr"}
,{"lat":43.493276,"lng":-1.51547,"name":"JEAN-LUC TAUZIEDE","web":"http://www.archetier.com","txt":" Archetier","wiki":null,"tel":"0559032223","postCode":64600,"city":"Anglet","addr":"67, rue du Bois-Belin, ","cat":"O","email":"jean-luc.tauziede@archetier.com"}
,{"lat":43.519367,"lng":-1.500025,"name":"Palmyre Paris","web":"http://www.palmyreparis.com","txt":" Brodeur","wiki":null,"tel":"0626063828","postCode":64600,"city":"Anglet","addr":"12 allée Mouesca, 64600 ANGLET","cat":"O","email":"palmyreparis@gmail.com"}
,{"lat":43.33052,"lng":-1.175228,"name":"EARL Agerria","web":"","txt":"Paysan","wiki":null,"tel":"0559294539","postCode":64640,"city":"Saint-Martin-d'Arberoue","addr":"Ferme Agerria Quartier Kolorotz 64640 Saint-Martin-d'Arbéroue","cat":"AV","email":""}
,{"lat":43.302893,"lng":-1.174386,"name":"TANNERIE GARAT & FILS","web":"http://www.tannerie-garat.com","txt":" Tanneur","wiki":null,"tel":"0559376157","postCode":64640,"city":"Armendarits","addr":"Donamaria, 64640 ARMENDARITZ","cat":"O","email":"tannerie.garat@wanadoo.fr"}
,{"lat":43.358079,"lng":-1.774458,"name":"Laurence Garcia","web":"","txt":"Brodeur","wiki":null,"tel":"0685940787","postCode":64700,"city":"Hendaye","addr":"12 rue de l'Eglise, ","cat":"O","email":"laurencegarcia64@hotmail.com"}
,{"lat":43.258377,"lng":-1.246386,"name":"POTERIE GOICOECHEA","web":"http://www.poterie-goicoechea.com","txt":"Potier de terre cuite","wiki":null,"tel":"0559377130","postCode":64780,"city":"Irissarry","addr":"RD 918 Village des Artisans, 64780 Ossès","cat":"O","email":"contact@poterie-goicoechea.com"}
,{"lat":43.107571,"lng":-0.211984,"name":"champinette & aromates","web":"https://champinette.wixsite.com/champinetteetaromate","txt":"Production de pleurotes et shiitakes BIO ,frais ,déshydratés, transformés.","wiki":null,"tel":"0615193813","postCode":64800,"city":"Lestelle-Bétharram","addr":" 1 chem marty debat 64800","cat":"A","email":"champinette@gmail.com"}
,{"lat":43.154585,"lng":-0.178836,"name":"Microbrasserie La Fûtée","web":"","txt":"brasseur","wiki":null,"tel":"0782586766","postCode":64800,"city":"Saint-Vincent","addr":"4 chemin du bois 64800 Saint Vincent","cat":"AB","email":""}
,{"lat":43.200621,"lng":-0.256507,"name":"BLANCQ-OLIBET","web":"http://www.pipolaki.com   www.redeye.fr","txt":" Chapelier - Modiste","wiki":null,"tel":"0618084864","postCode":64800,"city":"Baudreix","addr":"Rue du Lac  BP 49, ","cat":"O","email":"a.zachar@blancq-olibet.com"}
,{"lat":43.210274,"lng":-0.227527,"name":"MEUBLES ET CUISINES MARTINEZ","web":"","txt":" Ebéniste","wiki":null,"tel":"0607135263","postCode":64800,"city":"Lagos","addr":"21, avenue du Pic du Midi, ","cat":"O","email":"mjacinto64@aol.com"}
,{"lat":43.197844,"lng":-0.536741,"name":"Ferme Peyrecor","web":"","txt":"Producteur laitier","wiki":null,"tel":"0645789106","postCode":64870,"city":"Escout","addr":"19 chemin des Serres ","cat":"AF","email":""}
,{"lat":43.456771,"lng":-1.437186,"name":"Créagencement","web":"http://www.crea64.com","txt":"Sculpteur sur bois","wiki":null,"tel":"0603755495","postCode":64990,"city":"Saint-Pierre-d'Irube","addr":"118, chemin Mispiracoitz, 64990 St Pierre d'Irube","cat":"O","email":"pat.ht@free.fr"}
]}