{"id":22,"producers":[
{"lat":48.40386,"lng":-2.71079,"name":"EARL FRANCK PERRIGOUE","web":"https://www.tifanchmflo.jimdofree.com","txt":"Producteur en agriculture raisonnée,  notre éthique est axée sur la haute qualité et le goût","wiki":null,"tel":"0682093236","postCode":22,"city":"La Ville Neuve","addr":"La Ville Neuve d'en Haut - 22150 Hénon","cat":"ACM","email":"earlfp@gmail.com","suspect":0}
,{"lat":48.45335,"lng":-2.38926,"name":"Jardin de la Pérrière","web":"http://jardindelaperriere.com","txt":"Production maraichère biologique diversifiée","wiki":null,"tel":"0642844601","postCode":22,"city":"Launay Chauvin","addr":"Launay Chauvin","cat":"AM","email":"jonathan.chabert2@gmail.com","suspect":0}
,{"lat":48.404782,"lng":-2.199265,"name":"La ferme Kabocha","web":"https://www.lafermekabocha.bzh/","txt":"Maraîcher.","wiki":"La_ferme_Kabocha","tel":null,"postCode":22,"city":null,"addr":null,"cat":"AM","email":null,"suspect":0}
,{"lat":48.423019,"lng":-2.143056,"name":"La ferme de Saint-Daniel","web":"https://lafermedesaintdaniel.com/","txt":"Herbes et Epices.","wiki":"Ferme_de_Saint-Daniel","tel":"0613110431","postCode":22,"city":null,"addr":null,"cat":"P","email":null,"suspect":0}
,{"lat":48.424933,"lng":-2.312123,"name":"Les Lames De K","web":"","txt":"Coutelier","wiki":"Lames_De_K","tel":null,"postCode":22,"city":null,"addr":null,"cat":"OC","email":null,"suspect":0}
,{"lat":48.553282,"lng":-2.554756,"name":"Cidrerie de La Baie","web":"","txt":"Producteur-récoltant de cidre, jus de pomme, apéritif, digestif, gelées et vinaigre","wiki":null,"tel":null,"postCode":22,"city":null,"addr":null,"cat":"AB","email":null,"suspect":0}
,{"lat":48.630847,"lng":-2.321451,"name":"Huîtres Brassées Mer ","web":"","txt":"Producteur d'huîtres creuses de Fréhel","wiki":null,"tel":null,"postCode":22,"city":null,"addr":null,"cat":"AP","email":null,"suspect":0}
,{"lat":48.619587,"lng":-2.435773,"name":"Nicolas Nonnet","web":"","txt":"producteur d’huîtres de Fréhel médaillé d’or","wiki":null,"tel":null,"postCode":22,"city":null,"addr":null,"cat":"AP","email":null,"suspect":0}
,{"lat":48.619301,"lng":-2.439249,"name":"ARMEMENT NAZADO","web":"","txt":"Vente en direct du poisson dès le retour de peche","wiki":null,"tel":null,"postCode":22,"city":null,"addr":null,"cat":"AP","email":null,"suspect":0}
,{"lat":48.636422,"lng":-2.469508,"name":"Bateau l’intrepide ","web":"","txt":"vente de coquillages et crustacés en direct","wiki":null,"tel":null,"postCode":22,"city":null,"addr":null,"cat":"AP","email":null,"suspect":0}
,{"lat":48.619252,"lng":-2.438679,"name":"Entreprise Erhel","web":"","txt":"poissons, coquillages et crustacés en direct du pêcheur","wiki":null,"tel":null,"postCode":22,"city":null,"addr":null,"cat":"AP","email":null,"suspect":0}
,{"lat":48.439629,"lng":-2.459969,"name":"CIDRERIE KERLOICK","web":"","txt":"cidres & jus de pomme biologiques, Producteur-Récoltant","wiki":null,"tel":null,"postCode":22,"city":null,"addr":null,"cat":"AB","email":null,"suspect":0}
,{"lat":48.53102,"lng":-2.530076,"name":"Cidrerie Benoit","web":"","txt":"cidres, eaux de vie, jus de pomme","wiki":null,"tel":null,"postCode":22,"city":null,"addr":null,"cat":"AB","email":null,"suspect":0}
,{"lat":48.576916,"lng":-2.566682,"name":"Melle Sophie ","web":"","txt":"vin immergé en eau de mer","wiki":null,"tel":null,"postCode":22,"city":null,"addr":null,"cat":"AB","email":null,"suspect":0}
,{"lat":48.445568,"lng":-2.643872,"name":"Microbrasserie Dimezell","web":"","txt":"Bière artisanale sur place ou à offrir","wiki":null,"tel":null,"postCode":22,"city":null,"addr":null,"cat":"AB","email":null,"suspect":0}
,{"lat":48.326864,"lng":-2.441623,"name":"MicroBrasserie LA FRINGALE","web":"","txt":"Bière artisanale","wiki":null,"tel":null,"postCode":22,"city":null,"addr":null,"cat":"AB","email":null,"suspect":0}
,{"lat":48.445589,"lng":-2.643936,"name":"Microbrasserie Dimezell","web":"","txt":"Bière artisanale sur place ou à offrir. Ateliers brassage pour faire sa bière.","wiki":null,"tel":null,"postCode":22,"city":null,"addr":null,"cat":"AB","email":null,"suspect":0}
,{"lat":48.566299,"lng":-2.546811,"name":"Biscuiterie de la Côte d’Émeraude","web":"","txt":" Caramel au beurre salé, gavottes et autres kouign amann ","wiki":null,"tel":null,"postCode":22,"city":null,"addr":null,"cat":"AO","email":null,"suspect":0}
,{"lat":48.473132,"lng":-2.456269,"name":"Ferme de la Mare","web":"","txt":"Élevage de porcs sur paille. Viandes et charcuteries ainsi que fromages, produits laitiers, légumes,","wiki":null,"tel":null,"postCode":22,"city":null,"addr":null,"cat":"AV","email":null,"suspect":0}
,{"lat":48.569754,"lng":-2.548849,"name":"Fromagerie du Vaumadeuc","web":"","txt":"Tomme de vache et autres spécialités fromagères","wiki":null,"tel":null,"postCode":22,"city":null,"addr":null,"cat":"AF","email":null,"suspect":0}
,{"lat":48.479905,"lng":-2.526231,"name":"La Ferme de Marie-Jeanne","web":"","txt":"Volailles fermières et produits locaux","wiki":null,"tel":null,"postCode":22,"city":null,"addr":null,"cat":"AV","email":null,"suspect":0}
,{"lat":48.397262,"lng":-2.627774,"name":"Spiruline d'Armor","web":"","txt":"Production locale de spiruline","wiki":null,"tel":null,"postCode":22,"city":null,"addr":null,"cat":"AO","email":null,"suspect":0}
,{"lat":48.611961,"lng":-2.468702,"name":"Fertile Fungi","web":"","txt":"Productrice de champignons frais et séchés biologique","wiki":null,"tel":null,"postCode":22,"city":null,"addr":null,"cat":"AO","email":null,"suspect":0}
,{"lat":48.615793,"lng":-2.438529,"name":"Côté légumes nicolas","web":"","txt":"Légumes bio","wiki":null,"tel":null,"postCode":22,"city":null,"addr":null,"cat":"AM","email":null,"suspect":0}
,{"lat":48.558122,"lng":-2.533943,"name":"Bee'Flora","web":"","txt":"Apiculteur récoltant","wiki":null,"tel":null,"postCode":22,"city":null,"addr":null,"cat":"AA","email":null,"suspect":0}
,{"lat":48.516604,"lng":-2.759478,"name":"Biscuiterie Bieuc","web":"","txt":"Biscuiterie Caramèlerie Confiturerie","wiki":null,"tel":null,"postCode":22,"city":null,"addr":null,"cat":"AO","email":null,"suspect":0}
,{"lat":48.484755,"lng":-2.67605,"name":"Biscuiterie Bieuc","web":"","txt":"Biscuiterie Caramèlerie Confiturerie","wiki":null,"tel":null,"postCode":22,"city":null,"addr":null,"cat":"AO","email":null,"suspect":0}
,{"lat":48.498943,"lng":-2.599485,"name":"Leveque Jean Baptiste","web":"","txt":"Fabricant de couteaux","wiki":null,"tel":null,"postCode":22,"city":null,"addr":null,"cat":"OC","email":null,"suspect":0}
,{"lat":48.33012,"lng":-1.769228,"name":"Karel Janik","web":"","txt":"Fabricant de couteaux","wiki":null,"tel":null,"postCode":22,"city":null,"addr":null,"cat":"OC","email":null,"suspect":0}
,{"lat":48.64884483,"lng":-2.02603114,"name":"Eustache Saint-Malo","web":"","txt":"Fabricant de couteaux","wiki":null,"tel":null,"postCode":22,"city":null,"addr":null,"cat":"OC","email":null,"suspect":0}
,{"lat":48.62332,"lng":-1.569433,"name":"Embruns d'osier","web":"","txt":"Vannerie","wiki":null,"tel":null,"postCode":22,"city":null,"addr":null,"cat":"OV","email":null,"suspect":0}
,{"lat":48.49776,"lng":-2.74677,"name":"SARL LES DEUX LAUNAY","web":"","txt":"Charcuterie artisanale\r\nViande de porc, de bœuf, de veau, de volaille et d'agneau\r\nTraiteur","wiki":null,"tel":"0296783208","postCode":22000,"city":"Saint-Brieuc","addr":"35, rue Becquerel - La Croix Lambert ","cat":"AV","email":"des.deux.launay.sarl@wanadoo.fr","suspect":0}
,{"lat":48.51858,"lng":-2.79675,"name":"Brasserie la Guernouillette","web":"http://la-guernouillette.com/","txt":"Depuis septembre 2011, nous brassons plus de 30 recettes de bières traditionnelles toutes aussi originales les unes que les autres.\r\nBlanches, blondes, dorées, ambrées, rousses, brunes, noires... subtilité des arômes et originalité en tous genres s'allient avec passion et certainement un (gros) brin de folie","wiki":null,"tel":"","postCode":22000,"city":"Saint-Brieuc","addr":"120 Boulevard de l'Atlantique -","cat":"AB","email":"florence.gouriou@numericable.fr","suspect":0}
,{"lat":48.45027,"lng":-2.08278,"name":"ARMELLE MANIVEL","web":"","txt":"","wiki":null,"tel":"0608375524","postCode":22100,"city":"Quévert","addr":"","cat":"A","email":"armelle.manivel@orange.fr","suspect":0}
,{"lat":48.45544,"lng":-2.06683,"name":"SOCIETE BETAIL VIANDE","web":"","txt":"Entreprise de commerce, négoce et production.\r\nNous travaillons avec les professionnels","wiki":null,"tel":"0296394185","postCode":22100,"city":"Dinan","addr":"","cat":"AG","email":"betailviande22@orange.fr","suspect":0}
,{"lat":48.454413,"lng":-2.04316,"name":"ADRIAN COLIN VERRERIE D'ART","web":"","txt":"Verrier au chalumeau ","wiki":null,"tel":"0670654677","postCode":22100,"city":"Dinan","addr":"1 rue du Jerzual, 22100 DINAN","cat":"OR","email":"adrian.colin@wanadoo.fr","suspect":0}
,{"lat":48.452729,"lng":-2.023493,"name":"Atelier des Métaux","web":"http://www.serrure.fr","txt":"Métallier - Serrurrier","wiki":null,"tel":"0607307292","postCode":22100,"city":"Lanvallay","addr":"za du Clos des Landes 8 rue des Ajoncs, ","cat":"OM","email":"atelierdesmetaux@serrure.fr","suspect":0}
,{"lat":48.454302,"lng":-2.044152,"name":"ATELIER HORLOGERIE CLASSIQUE","web":"http://www.pendulerie.com","txt":" Fabricant et restaurateur d'horloges, carillons, pendules, aiguilles, balanciers","wiki":null,"tel":"0627545138","postCode":22100,"city":"Dinan","addr":"11, rue de la lainerie, ","cat":"OB","email":"horloger@pendulerie.com","suspect":0}
,{"lat":48.454367,"lng":-2.042986,"name":"Katell Jewels","web":"http://www.Katell-Leclaire.fr","txt":" Bijoutier en métaux précieux","wiki":null,"tel":"0601592182","postCode":22100,"city":"Dinan","addr":"10 du Jerzual, 22100 DINAN","cat":"OB","email":"katell@katell-leclaire.fr","suspect":0}
,{"lat":48.454692,"lng":-2.042028,"name":"PATRICK CHUPIN","web":"http://www.patrick-chupin.fr","txt":"Emailleur","wiki":null,"tel":"0625262306","postCode":22100,"city":"Dinan","addr":"29, rue du Jerzual, ","cat":"OP","email":"patrick.chupin@free.fr","suspect":0}
,{"lat":48.222528,"lng":-3.284525,"name":"FERME DE KERINGANT","web":"https://www.facebook.com/profile.php?id=100063702665648","txt":"la Ferme est en Agriculture Biologique depuis sa création.\r\nC'est là que pâturent dès que la météo le permet le petit troupeau de vaches HEREFORD et de Brebis SOLONOTES de Pascal et Pascale. \r\nCes races ont été choisies pour la tendreté et le goût de leur viande ainsi que leur rusticité. \r\nNourris à l'herbe et au foin, sans céréales ni ensilage, nos vaches et nos brebis y élèvent paisiblement leur veaux et leur agneaux. \r\nNous vous accueillons à la ferme pour le retrait des colis de viande de bœuf et d'agneau, Sur RESERVATION UNIQUEMENT.\r\nPour le bœuf : par 3kg, 5 kg ou 10 kg selon le type de colis.\r\nPour l'agneau : entier (entre 15 et 18 kg), en demi ou quart. \r\nL'été, nous proposons saucisses de brebis et merguez de brebis, saucisses de boeuf et merguez de boeuf.","wiki":null,"tel":"0652443270","postCode":22110,"city":"Rostrenen","addr":"","cat":"AV","email":"fermedekeringant@gmail.com","suspect":0}
,{"lat":48.234407,"lng":-3.275033,"name":"Le Buis Sonnant","web":"http://lebuissonnant.org/","txt":"","wiki":null,"tel":"0781312528","postCode":22110,"city":"Plouguernével","addr":"","cat":"A","email":"contact@lebuissonnant.org","suspect":0}
,{"lat":48.21762,"lng":-3.30692,"name":"GAEC LA RAINETTE","web":"https://www.gaeclarainette.wixsite.com/fromagefermierbio","txt":"Produits laitiers transformés : fromages","wiki":null,"tel":"0674101535","postCode":22110,"city":"Kerbraz","addr":"Kerbraz - 22110 Rostrenen","cat":"AF","email":"gaeclarainette@yahoo.fr","suspect":0}
,{"lat":48.18087,"lng":-3.39701,"name":"GAEC DE LA LAITERIE DE TREGORN","web":"","txt":"Exploitation agricole familiale en conversion bio installée dans le Centre Bretagne depuis une trentaine d'années.\r\nL'exploitation dispose d'un magasin de vente sur place de ses propres produits mais aussi en dépôt vente de producteurs locaux (oeufs, cidre, miel)","wiki":null,"tel":"0296298366","postCode":22110,"city":"Glomel","addr":"Crazius ","cat":"AA","email":"ds.mestric@gmail.com","suspect":0}
,{"lat":48.335667,"lng":-3.250043,"name":"ATELIER KOAD BRAS","web":"http://www.koadbras.com","txt":" Ebéniste","wiki":null,"tel":"0296365640","postCode":22110,"city":"Trémargat","addr":"Coat Braz, ","cat":"OO","email":"info-koadbras@orange.fr","suspect":0}
,{"lat":48.300314,"lng":-3.239953,"name":"Véronique Belleret","web":"http://www.bijoux-lm.fr","txt":" Joaillier","wiki":null,"tel":"0680136365","postCode":22110,"city":"Plounévez-Quintin","addr":"24 Kerhir, 22110 PLOUVENEZ-QUINTIN","cat":"OB","email":"nathalie@bijoux-lm.fr","suspect":0}
,{"lat":48.46682,"lng":-2.60562,"name":"VADAINE ISABELLE","web":"https://www.facebook.com/Plantes-Fleurs-109243464079391/","txt":"Je propose la vente en drive de mes plants de fleurs : géraniums (zonal, lierre double, lierre simple), bégonias (feuille rouge et verte), verveine, bacopas, dipladénias, lobélias, hortensias, agapanthes, muguets, et en plants de légumes, quelques courgettes, tomates. Une livraison est possible selon le périmètre.","wiki":null,"tel":"0682934044","postCode":22120,"city":"Pommeret","addr":"","cat":"P","email":"renault.isabelle.22@gmail.com","suspect":0}
,{"lat":48.52428,"lng":-2.65277,"name":"GAEC MYTILICOLE BAILLY","web":"","txt":"Le GAEC Mytilicole Bailly est une entreprise familiale très ancienne composée des 3 frères et du père ainsi que de 2 salariés.\r\nProduction de moules de bouchot","wiki":null,"tel":"0296322429","postCode":22120,"city":"Hillion","addr":"Zone Mytyliocole de Bon Abri ","cat":"AP","email":"gaec-mytilicole-bailly@orange.fr","suspect":0}
,{"lat":48.51452,"lng":-2.66714,"name":"GUERNION FRERES DES VILLES MAROTTES","web":"","txt":"Producteur de porc sur paille sans OGM et sans antibiotique.\r\nCollaboration avec Elie Guernion à Ploufragan pour la vente de volailles bio\r\net avec le Verger Fleuri à Plestan pour la vente de jus de pomme.\r\nNous proposons également des pommes de terre et des oeufs","wiki":null,"tel":"0296322248","postCode":22120,"city":"Hillion","addr":"Les Villes Marottes ","cat":"AV","email":"","suspect":0}
,{"lat":48.48196,"lng":-2.64367,"name":"Poissonnerie La Marée","web":"http://www.poissonnerielamareehillion.ollca.com/","txt":"Poissonnerie - traiteur de la mer\r\nProducteur de moules de bouchot en baie de Saint-Brieuc ","wiki":null,"tel":"0296625902","postCode":22120,"city":"Hillion","addr":"ZA des Grands Champs ","cat":"AP","email":"lamaree-boutique@hotmail.com","suspect":0}
,{"lat":48.514908,"lng":-2.216233,"name":"DR Orfèvre","web":"","txt":" Orfèvre","wiki":null,"tel":"0614536117","postCode":22130,"city":"Plancoët","addr":"6 Rue de Penthièvre ZA de Nazareth, ","cat":"OB","email":"contact@dr-orfevre.fr","suspect":0}
,{"lat":48.652587,"lng":-3.21187,"name":"Bergerie de Penn Krec'h","web":"http://lespaniersdubocage.com","txt":"Elevage de brebis laitière","wiki":null,"tel":"0672549537","postCode":22140,"city":"Landebaëron","addr":"Penn Krec'h 22140 Landébaëron","cat":"AL","email":"cels.thomas@gmail.com","suspect":0}
,{"lat":48.66667,"lng":-3.23993,"name":"GAEC HENRY","web":"","txt":"Viande bovine et viande de veau","wiki":null,"tel":"0296470150","postCode":22140,"city":"Coatascorn","addr":"Baltazar ","cat":null,"email":"isabelle.henry22@orange.fr","suspect":0}
,{"lat":48.63126,"lng":-3.3095,"name":"Boucherie Erwan & Nathalie MAZEVET","web":"","txt":"Boucherie, charcuterie, traiteur ","wiki":null,"tel":"0296452114","postCode":22140,"city":"Bégard","addr":"","cat":"AG","email":"mazevet.erwan@gmail.com","suspect":0}
,{"lat":48.403878,"lng":-2.710802,"name":"TIFAÑCHMFLO","web":"","txt":"","wiki":null,"tel":"0682093236","postCode":22150,"city":"Hénon","addr":"","cat":"A","email":"earlfp98@gmail.com","suspect":0}
,{"lat":48.33481,"lng":-2.68155,"name":"EARL DE LA PETITE CROIX","web":"https://www.fermedelapetitecroix","txt":"Exploitation de 46 hectares avec 50 vaches laitières race Normande.\r\nVente directe de lait cru en bidon de 5 à 10 litres","wiki":null,"tel":"0296602143","postCode":22150,"city":"Plémy","addr":"2, Avaleuc ","cat":"AF","email":"getesse@club-internet.fr","suspect":0}
,{"lat":48.33359,"lng":-2.74345,"name":"EARL DU CHESNAYE D'EN HAUT","web":"","txt":"Exploitation agricole de 90 hectares dont 5 hectares pour les pommes de terre","wiki":null,"tel":"0296334610","postCode":22150,"city":"Plœuc-L'Hermitage","addr":"Le Chesnay Ploeuc sur Lié -","cat":"AC","email":"allodiss@orange.fr","suspect":0}
,{"lat":48.33523,"lng":-2.785,"name":"FERME DU CEDRE BLEU","web":"","txt":"Le GAEC FERME DU CEDRE BLEU est une exploitation agricole gérée par 2 associés exploitants. Nous produisons du lait, de la volaille, des céréales et des pommes de terre. Ce sont ces pommes de terre que nous vendons en direct aux professionnels et aux particuliers.","wiki":null,"tel":"0683319016","postCode":22150,"city":"Plœuc-L'Hermitage","addr":"4, Le Berlugeon ","cat":"AF","email":"fermeducedrebleu@gmail.com","suspect":0}
,{"lat":48.28867,"lng":-2.6922,"name":"GAEC MA VALLEE","web":"https://www.mavallee.com","txt":"Fabrique de fromage de chèvre\r\nFerme de 60 hectares avec 10 travailleurs sur l'exploitation\r\nNous alimentons nos 280 chèvres avec l'herbe et les céréales bio que nous produisons sur notre ferme mais notre fromage n'a pas le label bio\r\n","wiki":null,"tel":"0296287489","postCode":22150,"city":"Plouguenast-Langast","addr":"11, la Vallée -","cat":"AF","email":"gaec.mavallee@orange.fr","suspect":0}
,{"lat":48.28096,"lng":-2.6998,"name":"GAEC DU VALLET","web":"https://www.levallet-gourmand.fr","txt":"Le Gaëc Le Vallet est une exploitation agricole familiale.\r\nProduction laitière, vache allaitante et élevage de porc\r\nAtelier de transformation crèmes glacées et sorbets \"Le Vallet Gourmand\"\r\nColis de viande de bœuf également","wiki":null,"tel":"0296268708","postCode":22150,"city":"Plouguenast-Langast","addr":"Le Vallet ","cat":"AVL","email":"c.pellan@orange.fr","suspect":0}
,{"lat":48.33845,"lng":-2.78503,"name":"LA FERME DU MILLET","web":"","txt":"Vente de pommes de terre de différentes variétés","wiki":null,"tel":"","postCode":22150,"city":"Plœuc-L'Hermitage","addr":"Le Millet ","cat":"AC","email":"lafermedumillet@orange.fr","suspect":0}
,{"lat":48.33043,"lng":-2.82739,"name":"SARL CHOUPEAUX","web":"https://www.le-vieux-bourg.com/","txt":"Nous fabriquons du beurre de baratte depuis 1956 en lien avec un groupement d'éleveur de Côtes-d'Armor.\r\nNous sommes 10 au total et avons depuis quelques mois lancé une fromagerie sur Moncontour pour utiliser les co-produits du beurre.","wiki":null,"tel":"0296421364","postCode":22150,"city":"Plœuc-L'Hermitage","addr":"14 Chemin des Loges ","cat":"AF","email":"contact@le-vieux-bourg.fr","suspect":0}
,{"lat":48.397642,"lng":-2.624859,"name":"spiruline d'armor","web":"https://www.spiruline-armor.fr","txt":"Spiruline d'Armor est une ferme aquacole basée à Hénon dans les Côtes d'Armor, entre Saint-Brieuc et Moncontour. Elle est à échelle humaine, respectueuse de l’environnement et s’inscrit dans une logique de développement durable, respectueuse de notre environnement : serre non chauffée, bassin d’eau en circuit fermé, souche naturelle, en conversion vers l'agriculture biologique. \nNous commercialisons notre spiruline paysanne et locale sous différentes formes : brindilles, micro-paillettes et comprimés.\nNous privilégions la distribution de notre spiruline en vente directe et circuits courts ainsi que sur notre site internet www.spiruline-armor.fr","wiki":null,"tel":"0682354777","postCode":22150,"city":"Hénon","addr":" La Ville Robert","cat":"AO","email":"contact@spiruline-armor.fr","suspect":0}
,{"lat":48.355044,"lng":-2.784717,"name":"GAEC FERME DU CEDRE BLEU","web":"","txt":"Agriculteur","wiki":null,"tel":"0683470777","postCode":22150,"city":"Plœuc-L'Hermitage","addr":"4 Berlugeon 22150 PLOEUC L'HERMITAGE","cat":"AC","email":"","suspect":0}
,{"lat":48.40444,"lng":-3.42586,"name":"BOULANGERIE TI KOZH","web":"","txt":"Notre boulangerie pâtisserie artisanale vous propose toute une gamme de pains traditionnels ou spéciaux.\r\nPour accompagner vos pauses gourmandes, nous mettons aussi à votre disposition un large choix de viennoiseries, des brioches, mais aussi de délicieuses pâtisseries.","wiki":null,"tel":"0296455166","postCode":22160,"city":"Callac","addr":"34, place du 9 Avril 1944 ","cat":"AO","email":"ludovic.ledu@wanadoo.fr","suspect":0}
,{"lat":48.478385,"lng":-3.455805,"name":"breizh sève","web":"https://www.breizhseve.com","txt":"Récoltant professionnel de sève de bouleau depuis 2014, le lieu de récolte se trouve à l'orée de la forêt départementale de Beffou, un massif forestier de plus de 630 hectares.\nNotre sève de bouleau est ultra fraîche et 100% naturelle.","wiki":null,"tel":"0782525637","postCode":22160,"city":"La Chapelle-Neuve","addr":" 1 Guern An Leyour","cat":"A","email":"","suspect":0}
,{"lat":48.57769,"lng":-2.91581,"name":"Métayer régis","web":"","txt":"","wiki":null,"tel":"0688305101","postCode":22170,"city":"Plélo","addr":"","cat":"A","email":"regis.metayer@wanadoo.fr","suspect":0}
,{"lat":48.51604,"lng":-3.06539,"name":"FERME AVICOLE DE BEAUPRE","web":"","txt":"Commerçant ambulant de vente de volailles pour élevage au bout de 3 à 4 semaines. Nous avons repris l'activité de l'élevage avicole de Leurmin.\r\nVolailles démarrées (3 races), poules pondeuses (5 races), pintades, cailles, canards, oies\r\nVente également de matériel avicole","wiki":null,"tel":"0296326279","postCode":22170,"city":"Lanrodec","addr":"Parc Corn ","cat":"AV","email":"ferme.de.beaupre22@gmail.com","suspect":0}
,{"lat":48.54518,"lng":-2.7812,"name":"SARL PBA","web":"https://typasta.fr","txt":"Nous sommes fabricants de pâtes aux œufs bio à Plérin. Nos matières premières sont d'origine locale pour la majeure partie. La production est axée à ce jour sur de la pâte sèche (DLUO 18 à 24 mois) à destination de la restauration collective, magasins spécialisés et grandes surfaces.","wiki":null,"tel":"0986180711","postCode":22190,"city":"Plérin","addr":"29 bis, rue Hélène Boucher -  ","cat":"AO","email":"typasta@orange.fr","suspect":0}
,{"lat":48.533979,"lng":-2.752213,"name":"ATELIER JAOUEN","web":"http://www.atelier-jaouen.com","txt":" Sellier","wiki":null,"tel":"0684421511","postCode":22190,"city":"Plérin","addr":"2 RUE PAUL GAUGUIN, 22190 PLERIN","cat":"OT","email":"contact@atelier-jaouen.com","suspect":0}
,{"lat":48.55797,"lng":-3.12043,"name":"BIO ARTISANAL","web":"https://www.bioartisanal.com/","txt":"Boucherie charcuterie traditionnelle en viandes biologiques ","wiki":null,"tel":"0963413069","postCode":22200,"city":"Saint-Agathon","addr":"Zone de Kerhollo - 3 Rue de l'Argoat","cat":"AV","email":"contact@bioartisanal.com","suspect":0}
,{"lat":48.64367,"lng":-3.08805,"name":"BONNE ESPERANCE","web":"","txt":"Exploitation caprine en transformation fromagère","wiki":null,"tel":"0296914905","postCode":22200,"city":"Pommerit-le-Vicomte","addr":"9 Kersimon","cat":"AF","email":"","suspect":1}
,{"lat":48.51734,"lng":-3.23919,"name":"TY LIPOUS","web":"https://ferme.tylipous.bzh","txt":"Ty Lipous est une exploitation familiale avec 40 vaches laitières\r\nTransformation du lait en yaourt, crème dessert et riz au lait ","wiki":null,"tel":"0296132559","postCode":22200,"city":"Moustéru","addr":"Groesquer Bras ","cat":"AF","email":"","suspect":0}
,{"lat":48.5658,"lng":-3.17446,"name":"LA CHAROLAISE","web":"https://lacharolaisebzh22","txt":"Nous travaillons en association avec des producteurs de viandes et vous proposons une multitude de produits de boucherie, de charcuterie et des plats traiteurs.\r\nUne très grande diversité d'entrées, viandes, poissons à commander pour vos réceptions, repas de famille... mais aussi des plateaux repas, chauds ou froids, destinés aux entreprises","wiki":null,"tel":"0296119881","postCode":22200,"city":"Grâces","addr":"","cat":"AV","email":"jeanmichel.hillion@gmail.com","suspect":0}
,{"lat":48.533348,"lng":-3.206224,"name":"ty local","web":"https://www.tylocal.bzh","txt":"Nous sommes 17 producteurs locaux à vous proposer ensemble nos produits en panier, en commande sur internet. Chaque semaine, commandez ce que vous souhaitez, quand vous le souhaitez, et venez retirer votre panier dans l'un de nos 6 dépôts autour de Guingamp.\n\nAvec Ty Local, on redonne du sens : les consommateurs retournent dans les fermes, qui deviennent de véritables lieux de rencontre entre voisins ; des lieux de découverte pour les enfants, des lieux d’échanges. En consommant local, on favorise les emplois locaux et une rémunération juste des producteurs : l’économie devient circulaire.","wiki":null,"tel":"0296132559","postCode":22200,"city":"Moustéru","addr":" Groesquer Bras","cat":"A","email":"contact@tylocal.bzh","suspect":0}
,{"lat":48.623542,"lng":-3.099677,"name":"Aberdeen Angus Kergouezou","web":"","txt":"Eleveur producteur","wiki":null,"tel":"0784061801","postCode":22200,"city":"Pommerit-le-Vicomte","addr":"KERGOUEZOU 22200 POMMERIT LE VICOMTE","cat":"AV","email":"","suspect":0}
,{"lat":48.20044,"lng":-2.57962,"name":"GAEC DES CAS CHAMPS","web":"","txt":"Exploitation familiale, située sur la Commune de Plémet (22).\r\nNous pratiquons une agriculture raisonnée, pour un modèle durable !\r\nNous élevons nos porcs (issus de race DUROC, reconnue pour sa viande persillée) avec des aliments de qualité à partir du maïs et du blé produits sur l'exploitation.","wiki":null,"tel":"0296663327","postCode":22210,"city":"Plémet","addr":"Les Cas Champs ","cat":"AV","email":"mpbru@wanadoo.fr","suspect":0}
,{"lat":48.199968,"lng":-2.581109,"name":"le cochon des cas champs","web":"","txt":"Vente de viande fraîche et charcuterie artisanale (fraîche), conserverie (terrines et plats cuisinés).","wiki":null,"tel":"0661123327","postCode":22210,"city":"Plémet","addr":" Les Cas Champs","cat":"AV","email":"mpbru@wanadoo.fr","suspect":0}
,{"lat":48.77288,"lng":-3.19634,"name":"EARL DE KEREDERN","web":"https://www.mangeons-local.bzh/producteurs/la-ferme-de-keredern/","txt":"Légumes en production biologique.","wiki":null,"tel":"0698495785","postCode":22220,"city":"Trédarzec","addr":"14, Keredern - 22220 TREDARZEC","cat":"AM","email":"lafermedekeredern@hotmail.com","suspect":0}
,{"lat":48.208514,"lng":-2.538243,"name":"le fournil de quévran","web":"https://fournildequevran.fr/","txt":"Fournil Bio de pains au levain, cuisson bois. Farines Locales Laurenan et Saint Gonnery. Pains de campagne, pains de seigle, pains de petit Epeautre et de grand Epeautre, pain de sarrasin. Pain de blés anciens. Nombreuses recettes gourmandes de saison: tarte aux pommes, chaussons aux pommes, pain d'épices, biscuits...","wiki":null,"tel":"0632801224","postCode":22230,"city":"Laurenan","addr":" 35 Quévran ","cat":"AO","email":"fournildequevran@gmail.com","suspect":0}
,{"lat":48.177554,"lng":-2.422158,"name":"la ferme du b","web":"https://fermedub.fr/","txt":"Ferme maraîchere produisant plus de 50 légumes sur l'année, ainsi que des herbes aromatiques et quelques fruits. Vente aux particuliers via notre site (commande du samedi au mercredi pour une livraison de paniers le vendredi). Vente aux magasins/restaurateurs ...","wiki":null,"tel":"0632715684","postCode":22230,"city":"Merdrignac","addr":" 19 la ville es coupeaux","cat":"AM","email":"fermedub22@gmail.com","suspect":0}
,{"lat":48.190052,"lng":-2.426592,"name":"Serres du Mené","web":"","txt":"Horticulteur","wiki":null,"tel":"0296284995","postCode":22230,"city":"Merdrignac","addr":"6 rue du Porohet ","cat":"AM","email":"","suspect":0}
,{"lat":48.62791,"lng":-2.36055,"name":"LA FREHELOISE","web":"","txt":"Brasserie artisanale : propose 2 gammes de bières : conventionnelle et bio","wiki":null,"tel":"0981885756","postCode":22240,"city":"Fréhel","addr":"Rue de la Pièce Monsieur,","cat":"AB","email":"","suspect":0}
,{"lat":48.60564,"lng":-2.37347,"name":"La Ferme des Templiers","web":"","txt":"Viande de porc et charcuterie\r\nCochons nourris avec les céréales de la ferme et graine de lin, enrichis en Oméga3 (Bleu Blanc Cœur), sans OGM, sans anti-bio. \r\nDifférents colis entre 3 kg et 38 kg ","wiki":null,"tel":"0296720819","postCode":22240,"city":"Plurien","addr":"21, La Haute Caillibotière -","cat":"AV","email":"contact@fermedestempliers.fr","suspect":0}
,{"lat":48.25562,"lng":-2.23348,"name":"Rucher des Lauriers","web":"https://rucherdeslauriers.wixsite.com/miel","txt":"Apiculteur récoltant de miel et produits de la ruche en Bretagne.\r\nMiel local (100% Breton) et de qualité, récolté et mis en pot par votre apiculteur.\r\n","wiki":null,"tel":"0296847944","postCode":22250,"city":"Plumaugat","addr":"","cat":"AA","email":"rucherdeslauriers@yahoo.com","suspect":0}
,{"lat":48.33192,"lng":-2.33961,"name":"DRONIOU","web":"","txt":"Boulangerie-Pâtisserie","wiki":null,"tel":"0296849310","postCode":22250,"city":"Sévignac","addr":"1 Rue du Fournil","cat":"AO","email":"lcyrille61@sfr.fr","suspect":0}
,{"lat":48.35479,"lng":-2.25768,"name":"Les Brassins du Lion d'Or","web":"","txt":"Fabrication et vente de bières artisanales","wiki":null,"tel":"","postCode":22250,"city":"Trémeur","addr":"Le Lion d'Or ","cat":"AB","email":"brassinsduliondor@orange.fr","suspect":0}
,{"lat":48.69029,"lng":-3.10101,"name":"EARL LE SAINT HORTICULTURE","web":"https://www.artisanduvegetal-quemper-guezennec.fr","txt":"Maraîchage (plein champs et tunel) - Environ 52 légumes","wiki":null,"tel":"0296950772","postCode":22260,"city":"Quemper-Guézennec","addr":"1 Allée Junter -","cat":"AM","email":"lesainthorticulture@orange.fr","suspect":0}
,{"lat":48.70791,"lng":-3.095896,"name":"mes trésors verts","web":"http://www.mestresorsverts.com","txt":"Mes Trésors Verts vous propose des bouquets et compositions de fleurs fraîches 100% françaises qui respectent l'environnement (pas d'avion réfrigéré, pas de pesticides ni de serres surchauffées et éclairées). \nJe travaille au maximum avec des horticulteurs locaux pour soutenir l'économie locale.\nAfin d'éviter de gaspiller de jolies fleurs, je n'ai pas de stock de fleurs dans mon atelier et travaille uniquement sur commande. N'hésitez pas à me contacter pour toute demande !\nA bientôt et belle journée fleurie !\nJennifer","wiki":null,"tel":"0689139211","postCode":22260,"city":"Quemper-Guézennec","addr":" 5 Kertanguy","cat":"A","email":"mestresorsverts@gmail.com","suspect":0}
,{"lat":48.697205,"lng":-3.057398,"name":"ATELIER DES GOBLINS","web":"http://www.atelier-des-goblins.com","txt":" Tisserand","wiki":null,"tel":"0681893792","postCode":22260,"city":"Quemper-Guézennec","addr":"N° 4 Le Cirque, 22260 Quemper-Guezennec","cat":"HT","email":"chenu.francois@orange.fr","suspect":0}
,{"lat":48.45335,"lng":-2.38927,"name":"CHABERT","web":"https://jardindeperriere.com/","txt":"Ferme maraichère biologique employant 3 personnes.\r\nNous cultivons une trentaine de légumes sur 200 variétés annuelles","wiki":null,"tel":"","postCode":22270,"city":"Plédéliac","addr":"Launay Chauvin ","cat":"AM","email":"jonathan.chabert2@gmail.com","suspect":0}
,{"lat":48.44353,"lng":-2.41787,"name":"GAEC DES GABORIAUX","web":"https://saintrieulait.com","txt":"Vaches laitières. Atelier de transformation à la ferme depuis 206 (yaourts, fromage blanc, lait ribot et lait pasteurisé)\r\nPorcs naisseurs engraisseurs\r\n5 associés + 4 salariés","wiki":null,"tel":"0296313312","postCode":22270,"city":"Saint-Rieul","addr":"Les Gaboriaux ","cat":"AV","email":"saintrieulait@yahoo.fr","suspect":0}
,{"lat":48.40504,"lng":-2.32515,"name":"HAMON Yves-Marie","web":"","txt":"Producteur de légumes et de volailles","wiki":null,"tel":"","postCode":22270,"city":"Jugon-les-Lacs Commune nouvelle","addr":"Impasse de la Mare ","cat":"AMV","email":"yvesmariehamon@yahoo.fr","suspect":0}
,{"lat":48.4403,"lng":-2.40725,"name":"FERME VACHE MEUHG LAIT","web":"","txt":"Producteurs de lait cru et fromages : camembert au lait cru, tomme, crème crue fermière, beurre, fromage blanc, fromage frais","wiki":null,"tel":"0296317653","postCode":22270,"city":"Saint-Rieul","addr":"5, La Haute Ville ","cat":"AF","email":"fermevachemeuhglait@gmail.com","suspect":0}
,{"lat":48.44792,"lng":-2.341513,"name":"EARL Le Jardin de l'Arguenon","web":"","txt":"Maraîchage biologique diversifié","wiki":null,"tel":"0616227132","postCode":22270,"city":"Plédéliac","addr":"29 Le Plessix Camet ","cat":"AM","email":"","suspect":0}
,{"lat":48.45022,"lng":-2.328909,"name":"Christelle Horvais","web":"","txt":"Confiturière","wiki":null,"tel":"0663744974","postCode":22270,"city":"Plédéliac","addr":"Saint-Maleu-du-Val ","cat":"AO","email":"","suspect":0}
,{"lat":48.454585,"lng":-2.39101,"name":"Jardin de la Perrière","web":"","txt":"Maraîcher bio","wiki":null,"tel":"","postCode":22270,"city":"Plédéliac","addr":"Launay Chauvin ","cat":"AM","email":"","suspect":0}
,{"lat":48.64535,"lng":-3.05849,"name":"EARL DES AUBRACS","web":"https://fermedesaubrac.fr","txt":"Producteur de viande d'Aubrac","wiki":null,"tel":"0296523211","postCode":22290,"city":"Gommenec'h","addr":"La Ville Basse ","cat":"AV","email":"manu.aubergeaubrac@gmail.com","suspect":0}
,{"lat":48.63193,"lng":-2.98623,"name":"PECHEUR D'ARMOR","web":"","txt":"SARL Pêcheurs d'Armor achète et transforme vos poissons locaux (criées de Saint-Quay et d'Erquy) pour les collectivités, les ventes en magasin et sur les marchés.","wiki":null,"tel":"0296641078","postCode":22290,"city":"Lanvollon","addr":"Zone des Fontaines ","cat":"AP","email":"sciportmoliere@orange.fr","suspect":0}
,{"lat":48.745327,"lng":-3.503047,"name":"La Terre Des Fées","web":"https://www.facebook.com/LaTerreDesFees","txt":"Producteur de plantes annuelles, vivaces  aromatiques, plants potagers et petits fruits ","wiki":null,"tel":"0625045120","postCode":22300,"city":"Lannion","addr":"","cat":"P","email":"etsleguilcher@hotmail.com","suspect":0}
,{"lat":48.74067,"lng":-3.44626,"name":"SOCIETE DES ETABLISSEMENTS TALHOUET","web":"","txt":"Distributeur boucherie charcuterie négociant de volaille","wiki":null,"tel":"0296370026","postCode":22300,"city":"Lannion","addr":"6 rue Hélène Boucher - ","cat":"AG","email":"jmtalhouet@orange.fr","suspect":0}
,{"lat":48.74153,"lng":-3.40342,"name":"Le Rucher des Cosniers","web":"https://rucherdescosniers.fr/","txt":"Production de miel par une apiculture douce, respectueuse des abeilles et des consommateurs.\r\nOrganisation de visites \"de la ruche au pot de miel\" : 7j/7 à 10 h 30 ou 14 h 30 (sur réservation).","wiki":null,"tel":"0973513006","postCode":22300,"city":"Rospez","addr":"16, route de Kergolvezen, 22300 Lannion","cat":"AA","email":"rucherdescosniers@gmail.com","suspect":0}
,{"lat":48.70773,"lng":-3.48911,"name":"Le Potager de Kergistalen","web":"http:/www.potager-kergistalen.bzh","txt":"Producteur de légumes et fruits rouges bio \r\nVente en direct à la ferme, ainsi que des produits locaux en direct des producteurs","wiki":null,"tel":"","postCode":22300,"city":"Ploulec'h","addr":"","cat":"AMF","email":"quentin.lejan@gmail.com","suspect":0}
,{"lat":48.751702,"lng":-3.499486,"name":"plants b","web":"","txt":"Production de plants de légumes, aromatiques et petits fruits certifiés AB.","wiki":null,"tel":"0620214997","postCode":22300,"city":"Lannion","addr":" Cosquerou Servel","cat":"AM","email":"","suspect":0}
,{"lat":48.732205,"lng":-3.406298,"name":"berezai christophe","web":"","txt":"Eleveur de porc","wiki":null,"tel":"0658886164","postCode":22300,"city":"Rospez","addr":"3 impasse de brozos ","cat":"AV","email":"","suspect":0}
,{"lat":48.74145,"lng":-3.35289,"name":"Daniel Tudoret","web":"","txt":"Maraîcher","wiki":null,"tel":"0673022796","postCode":22300,"city":"Lanmérin","addr":"8 rue Charles Bougot ","cat":"AM","email":"","suspect":0}
,{"lat":48.704565,"lng":-3.448445,"name":"Armorique Vitrail","web":"http://https://armoriquevitrail.fr","txt":"Restaurateur de vitraux","wiki":null,"tel":"0783472861","postCode":22300,"city":"Ploubezre","addr":"3 rue Paul Salaün, 22 300 Ploubezre","cat":"OR","email":"atelier@armoriquevitrail.fr","suspect":0}
,{"lat":48.60385,"lng":-3.61126,"name":"Ti Ma Zud Kozh","web":"","txt":"Exploitation en agriculture biologique, nous sommes soucieux de l’environnement et du bien manger dans nos assiettes. La vente directe à la ferme et les produits proposés répondent à ses valeurs. \r\nSur nos étalages, vous trouverez de la viande de bœuf, de veau et de porc, du lait et des légumes de saison et de qualité\r\n","wiki":null,"tel":"","postCode":22310,"city":"Trémel","addr":"2, Kervidonnée -","cat":"AVLM","email":"lebonniec.clement22@gmail.com","suspect":0}
,{"lat":48.31997,"lng":-3.05547,"name":"MARTELL DEULOFEU","web":"","txt":"Fabrication de charcuterie 100 % maison et vente de viande 100 % bretonne.","wiki":null,"tel":"0256259003","postCode":22320,"city":"Le Haut-Corlay","addr":"2 Impasse des Lauriers ","cat":"AV","email":"","suspect":0}
,{"lat":48.25736,"lng":-3.00441,"name":"EARL LA FERME D'AUTREFOIS","web":"","txt":"Nous élevons nos volailles en liberté et aux céréales bio de notre ferme.\r\nNous abattons nous même dans notre structure agréée.","wiki":null,"tel":"0296263053","postCode":22320,"city":"Saint-Mayeux","addr":"Le Clos ","cat":"AV","email":"lafermedautrefois@orange.fr","suspect":0}
,{"lat":48.28376,"lng":-2.50212,"name":"EARL DE KERTITI","web":"","txt":"Naisseur/engraisseur de cochons bio. \r\nMon exploitation compte 20 truies \r\n100 % de l'alimentation est produit à la ferme","wiki":null,"tel":"","postCode":22330,"city":"Le Mené","addr":"Kermaria Plessal","cat":"AV","email":"steevenrouille@gmail.com","suspect":0}
,{"lat":48.27633,"lng":-2.61749,"name":"GAEC DES GRANDS PRES","web":"https://lafermedesgrandspres","txt":"Produits laitiers fermiers ultra frais\r\nLe Gaec compte 3 associés et 3 salariés\r\n","wiki":null,"tel":"0296261865","postCode":22330,"city":"Le Mené","addr":"La Brousse Plessala ","cat":"AF","email":"gaec@lafermedesgrandspres.com","suspect":0}
,{"lat":48.224807,"lng":-2.568974,"name":"Légumes et Fruits du Mené","web":"","txt":"Maraicher","wiki":null,"tel":"0780357498","postCode":22330,"city":"Le Mené","addr":"La Vieille Lande 22330 Saint Gilles du Mené","cat":"AM","email":"","suspect":0}
,{"lat":48.188288,"lng":-3.508149,"name":"la ferme de kernon","web":"","txt":"éleveur de brebis laitière en agriculture biologique, producteur de fromage au lait cru, tomme.\nLes Brebis sont élevés sur 35 hectares en systeme herbagé.","wiki":null,"tel":"0663042285","postCode":22340,"city":"Tréogan","addr":" KERNON","cat":"AF","email":"morgron22@gmail.com","suspect":0}
,{"lat":48.222227,"lng":-3.514493,"name":"Ferme de Coat-Laëz-Ar-Hou","web":"","txt":"Agriculteur","wiki":null,"tel":"0650702437","postCode":22340,"city":"Plévin","addr":"Coat-Laëz-Ar-Hou ","cat":"AV","email":"","suspect":0}
,{"lat":48.236013,"lng":-3.438678,"name":"Jean-François Bernard","web":"","txt":"Agriculteur","wiki":null,"tel":"0687390878","postCode":22340,"city":"Paule","addr":"Ilot de Kerhuel  ","cat":"AV","email":"","suspect":0}
,{"lat":48.292654,"lng":-3.3695,"name":"GRANITS ANCIENS ET CONTEMPORAINS","web":"http://www.granit-deco-jardin.levillage.org","txt":" Sculpteur sur pierre","wiki":null,"tel":"0296246535","postCode":22340,"city":"Maël-Carhaix","addr":"Kergikel-Hamon, 22340 MAEL-CARHAIX","cat":"OZ","email":"pikmein@yahoo.fr","suspect":0}
,{"lat":48.499215,"lng":-2.697204,"name":"le Rucher de la Baie","web":"","txt":"Le rucher de la baie est implanté sur la commune de Langueux (22360).\r\nLe Miel produit est récoltés en baie de Saint Brieuc  pour partie mais aussi sur le secteur de Lamballe et Quintin pour bénéficier des végétations variées des campagnes, de la ville et du littoral. \r\n Ce qui donne un miel à cristallisation fine, parfumé bénéficiant des avantages et de la richesse des différentes fleurs butinées","wiki":null,"tel":"0677291598","postCode":22360,"city":"Langueux","addr":"","cat":"AA","email":"apisami22@laposte.net","suspect":0}
,{"lat":48.49421,"lng":-2.7135,"name":"CREPERIE YOUENN ALLANO","web":"hhps://www.lacreperiedeyouenn.fr","txt":"Entreprise artisanale de  9 personnes\r\nFabrication de crêpes et galettes avec des produits locaux","wiki":null,"tel":"0296338577","postCode":22360,"city":"Langueux","addr":"29, rue de Rennes ","cat":"AO","email":"lacreperiedeyouenn@yahoo.fr","suspect":0}
,{"lat":48.49501,"lng":-2.688253,"name":"MILON BAUDET","web":"","txt":"Maraîcher","wiki":null,"tel":"0648292256","postCode":22360,"city":"Langueux","addr":"1 rue de la marne 22360 langueux","cat":"AM","email":"","suspect":0}
,{"lat":48.5761,"lng":-2.5036,"name":"AU JARDIN DE JULIEN","web":"https://legumes-bio-au-jardin-de-julien-pleneuf-val-andre-producteur.eatbu.com/?lang=fr","txt":"Maraîcher en agriculture biologique, tournée vers la permaculture et l'agroforesterie.\r\nFruits et légumes mais découvrez aussi notre caviar d'aubergine, confit d'oignon, tomate provençale, purée de fruits, compote de pommes et gelée d'hiver","wiki":null,"tel":"0658417452","postCode":22370,"city":"Pléneuf-Val-André","addr":"Les Landes ","cat":"AM","email":"aujardindejulien@gmail.com","suspect":0}
,{"lat":48.578293,"lng":-2.566275,"name":"Le Local","web":"","txt":"Produits : Rayon bio","wiki":null,"tel":"0604172733","postCode":22370,"city":"Pléneuf-Val-André","addr":"Quai des Terre-Neuvas ","cat":"AG","email":"","suspect":0}
,{"lat":48.472919,"lng":-2.456188,"name":"Ferme de la Mare","web":"http://www.fermedelamare.fr","txt":"Installés depuis 1987 à la Ferme de la Mare à la Poterie, commune de Lamballe, nous sommes éleveurs engraisseurs de porcs sur paille et nous avons notre atelier de transformation à la ferme. Nous vendons également différents produits issus de l'agriculture bio et durable.","wiki":null,"tel":"0296347230","postCode":22400,"city":"Lamballe-Armor","addr":"","cat":"AV","email":"fermedelamare@gmail.com","suspect":0}
,{"lat":48.56832,"lng":-2.56237,"name":"LA FERME DU POURPRAY","web":"https://www.bienvenue-a-la-ferme.com/cotes-d-armor/st-alban/ferme/ferme-du-pourpray/86663","txt":"Porcs, volailles et agneaux\r\nAgriculture raisonnée\r\n","wiki":null,"tel":"0296630862","postCode":22400,"city":"Saint-Alban","addr":"Le Pourpray ","cat":"AV","email":"lafermedupourpray22400@gmail.com","suspect":0}
,{"lat":48.51962,"lng":-2.53657,"name":"GAEC PAMPILLES ET CABRIOLES","web":"https://www.pampillesetcabrioles.fr","txt":"Nous sommes éleveurs de chèvres et fromagers, en conversion à l'agriculture biologique. ","wiki":null,"tel":"0637159366","postCode":22400,"city":"Lamballe-Armor","addr":"La Croix Trinchant - 22400 PLANGUENOUAL","cat":"AF","email":"raison.benjamin@hotmail.fr","suspect":0}
,{"lat":48.46882,"lng":-2.51707,"name":"MEHEUST","web":"","txt":"Exploitation en agriculture biologique depuis 1998.\r\nVente de Pommes de Terre","wiki":null,"tel":"0296311063","postCode":22400,"city":"Lamballe-Armor","addr":"5 l'Hôpital Staaron -","cat":"AC","email":"michel.meheust@wanadoo.fr","suspect":0}
,{"lat":48.47946,"lng":-2.52612,"name":"LE FERME DE MARIE-JEANNE","web":"","txt":"Vente de volailles (poulet, pintade, dinde), produits laitiers, crème et beurre, fromage, épicerie salée/sucrée et boissons","wiki":null,"tel":"0649768626","postCode":22400,"city":"Andel","addr":"1, Lourmel ","cat":"AF","email":"lafermedemariejeanne@gmail.com","suspect":0}
,{"lat":48.47512,"lng":-2.47107,"name":"SCEA FERME DE LA MARE","web":"htpps://fermedelamare.fr","txt":"Installés depuis 1987 à la Ferme de la Mare à la Poterie, commune de Lamballe, nous sommes éleveurs engraisseurs de porcs sur paille et nous avons notre atelier de transformation à la ferme. ","wiki":null,"tel":"0296347230","postCode":22400,"city":"La Poterie","addr":"La Poterie - 22400 Lamballe","cat":"AV","email":"fermedelamare@gmail.com","suspect":0}
,{"lat":48.518472,"lng":-2.530132,"name":"anik crèmerie paysanne","web":"http://www.anik.bzh","txt":"Vincent PHILIPPE et Aziliz LE GALL, paysans bio transforment leur lait en délices pour vos papilles !!\nGlaces, Skyr, Beurre, Riz au Lait, Chocolat Chaud, Affogato.... Régalez-vous !","wiki":null,"tel":"0695628978","postCode":22400,"city":"Lamballe-Armor","addr":" Ferme Les Noës - 204 les Noës - MAROUE - 22400 LAMBALLE ARMOR 22400 Lamballe ","cat":"AF","email":"contact@anik.bzh","suspect":0}
,{"lat":48.545277,"lng":-2.599721,"name":"Le panier iodé","web":"","txt":"vente au détail","wiki":null,"tel":"0672625178","postCode":22400,"city":"Lamballe-Armor","addr":"zone mytilicole de Jospinet 22400 Planguenoual","cat":"AP","email":"","suspect":0}
,{"lat":48.55282,"lng":-2.555295,"name":"Cidrerie de la Baie","web":"","txt":"Cidrier","wiki":null,"tel":"0671193529","postCode":22400,"city":"Lamballe-Armor","addr":"16 Saint-Plestan 22400 Planguenoual","cat":"ABF","email":"","suspect":0}
,{"lat":48.488748,"lng":-2.488572,"name":"chapelain avril","web":"","txt":"eleveur","wiki":null,"tel":"0632581217","postCode":22400,"city":"Lamballe-Armor","addr":"rimo 22400 lamballe","cat":"AV","email":"","suspect":0}
,{"lat":48.416359,"lng":-2.482145,"name":"Jacques Meslay","web":"","txt":"Charcutier, traiteur","wiki":null,"tel":"0296347230","postCode":22400,"city":"Lamballe-Armor","addr":"La Mare - La Poterie 22400 Lamballe","cat":"AV","email":"","suspect":0}
,{"lat":48.47105,"lng":-2.517206,"name":"SELLERIE LEFEUVRE","web":"","txt":" Sellier","wiki":null,"tel":"046262385","postCode":22400,"city":"Lamballe-Armor","addr":"Place du Champ de Foire, 22400 Lamballe","cat":"OT","email":"sellerielefeuvre@gmail.com","suspect":0}
,{"lat":48.60626,"lng":-2.8827,"name":"GAEC DE SOUS LA VILLE","web":"https://fermedesouslavillelantic22.drive-fermier.fr/nos-producteurs/","txt":"Boucherie à la ferme : viande de bœuf, de porc, d'agneau et de volaille.\r\nNous sommes 3 associés et 3 salariés","wiki":null,"tel":"0296719712","postCode":22410,"city":"Lantic","addr":"3, rue de Sous la Ville ","cat":null,"email":"","suspect":0}
,{"lat":48.65796,"lng":-2.85242,"name":"SARL LES VIVIERS DE ST MARC","web":"hhps://www.viviers-sy-marc.com/","txt":"Société familiale de Mareyeurs créée en 1996, nous possédons une usine dernière génération de transformation de poissons et de coquilles Saint-Jacques en frais et surgelés basée à Saint-Quay-Portrieux.\r\nNous possédons un deuxième site basé à Tréveneuc où nous pratiquons une activité viviers. ","wiki":null,"tel":"0296705630","postCode":22410,"city":"Saint-Quay-Portrieux","addr":"","cat":"AP","email":"vanessa@viviers-st-marc.com","suspect":0}
,{"lat":48.61019,"lng":-2.87981,"name":"LES VOLAILLES D'ARMOR","web":"https://www.lesvolaillesdarmor.fr/","txt":"Élevage et vente aux particuliers de volailles vivantes pour la basse-cour (pondeuses, poulets, pintades, dindes, canards, oies, cailles) et nourriture sans ogm (aliment pour volailles et céréales)","wiki":null,"tel":"0296719490","postCode":22410,"city":"Plourhan","addr":"Les Madrettes ","cat":"AV","email":"","suspect":0}
,{"lat":48.635864,"lng":-2.885816,"name":"EARL Volailles d'Armor","web":"","txt":"Agriculteur","wiki":null,"tel":"0296719490","postCode":22410,"city":"Plourhan","addr":"Les Madrettes ","cat":"AVC","email":"","suspect":0}
,{"lat":48.58842,"lng":-3.49268,"name":"FROMAGERIE BERJELENNIG","web":"","txt":"Fabrication artisanale de fromages bio de vache :\r\npalets frais : nature , origan, mexicain, poivre, ail et fines herbes","wiki":null,"tel":"0296467124","postCode":22420,"city":"Plouaret","addr":"6, Saint-Julien ","cat":"AF","email":"","suspect":0}
,{"lat":48.62865,"lng":-2.46423,"name":"MICHIELS Nicolas","web":"","txt":"Maraichage et vente de pommes biologiques","wiki":null,"tel":"0646341368","postCode":22430,"city":"Erquy","addr":"","cat":"AF","email":"cote.legume22@hotmail.com","suspect":0}
,{"lat":48.47283,"lng":-2.79726,"name":"GUERNION ELIE","web":"","txt":"Élevage de volailles biologiques avec une alimentation produite à la ferme.\r\nPorc sans antibiotique\r\nProduction de pommes de terre, vente d'oeufs et collaboration étroite avec le Verger Fleuri de Plestan pour la vente de jus de pomme","wiki":null,"tel":"","postCode":22440,"city":"Ploufragan","addr":"Impasse du Cloet ","cat":"AV","email":"guernionventedirecte@gmail.com","suspect":0}
,{"lat":48.481,"lng":-2.81829,"name":"LE PANIER DE LA LANDE","web":"https://lepanierdelalande","txt":"Le Panier de la Lande propose des produits locaux et de saison : fruits et légumes ainsi qu'œufs bio et plein air","wiki":null,"tel":"0296940202","postCode":22440,"city":"Ploufragan","addr":"Rue des Mottes ","cat":"AM","email":"jego_pascal@orange.fr","suspect":0}
,{"lat":48.461226,"lng":-2.816953,"name":"Toutipousse","web":"","txt":"maraicher","wiki":null,"tel":"0624305796","postCode":22440,"city":"Ploufragan","addr":"19 rue des grinsailles 22440 PLOUFRAGAN","cat":"AM","email":"","suspect":0}
,{"lat":48.489364,"lng":-2.782111,"name":"L'ATELIER DE LILA","web":"http://www.premiumorange.com/atelierdelila","txt":" Tapissier d'ameublement/tapissier décorateur","wiki":null,"tel":"0670375436","postCode":22440,"city":"Ploufragan","addr":"4, rue de Tréfois, ","cat":"OE","email":"barraudlila@gmail.com","suspect":0}
,{"lat":48.523284,"lng":-2.867025,"name":"MICHEL LE FAUCHEUR","web":"http://www.atelierdessiecles.com","txt":"Peintre en décor","wiki":null,"tel":"0670698007","postCode":22440,"city":"Trémuson","addr":"25,rue du commandant Hamon ATELIER DES SIECLES, 22440 TREMUSON","cat":"OD","email":"atelierdessiecles@gmail.com","suspect":0}
,{"lat":48.77332,"lng":-3.37908,"name":"SARL PORS BODIOU","web":"","txt":"Oeufs plein air, sol et biologique sur deux sites Lannion et Ruca ","wiki":null,"tel":"029664410519","postCode":22450,"city":"Kermaria-Sulard","addr":"14 Pors Bodiou ","cat":"AV","email":"oeufskeryann@gmail.com","suspect":0}
,{"lat":48.74607,"lng":-3.2611,"name":"Armement Deroff","web":"","txt":"Vente de poissons et crustacés péchés sur la Côte de granit rose. Arrivage en fonction de la pêche et de la météo.","wiki":null,"tel":"","postCode":22450,"city":"La Roche-Jaudy","addr":"11, la Villeneuve ","cat":"AP","email":"","suspect":0}
,{"lat":48.702514,"lng":-3.250964,"name":"viva cité la pépinière des petits fruitiers","web":"https://www.facebook.com/profile.php?id=100088788782970","txt":"Du 15 décembre 2023 au 31 Mars 2024 ; Vente de buissons fruitiers produits en plein champ et sans arrosage à Pommerit-Jaudy. En conversion biologique depuis Juin 2023.\nVenez choisir des variétés de caseilliers, cassissiers, framboisiers remontant ou non remontant, groseilliers à grappes ou à maquereau, sureau... de quoi agrémenter votre jardin de douceurs culinaires à la portée de la main !","wiki":null,"tel":"0765744937","postCode":22450,"city":"La Roche-Jaudy","addr":" Kerverzot 22450 Pommerit-Jaudy ","cat":"AO","email":"pepiniere-viva-cite@francemel.fr","suspect":0}
,{"lat":48.311018,"lng":-3.191688,"name":"arc'had","web":"http://www.archad22.com","txt":"Tailleur de pierre","wiki":null,"tel":"0632505673","postCode":22480,"city":"Saint-Nicolas-du-Pélem","addr":"saint eusebe, ","cat":"OE","email":"archad22@gmail.com","suspect":0}
,{"lat":48.51357,"lng":-2.0742,"name":"LA FERME DE LA PAUMERAIS","web":"","txt":"Principalement producteur de volailles : poulet pintade canard et poule plein air nous vous proposerons de nombreux autres produits : charcuterie, produits laitiers, crème et beurre, fromage, œufs etc...","wiki":null,"tel":"0631993211","postCode":22490,"city":"Pleslin-Trigavou","addr":"Le Bois Seigneur ","cat":"AF","email":"antoine.heuze369@orange.fr","suspect":0}
,{"lat":48.74379,"lng":-3.02761,"name":"Comptoir Italien","web":"","txt":"Production de pâtes fraiches, lasagnes et raviolis","wiki":null,"tel":"0296204548","postCode":22500,"city":"Kerfot","addr":"26 rue Lan Hamon","cat":"AO","email":"jbdenis22@orange.fr","suspect":0}
,{"lat":48.80372,"lng":-3.08587,"name":"FERME MARINE DU TRIEUX","web":"http://www.fermemarinedutrieux.fr/","txt":"Nous élevons des truites arc-en-ciel en mer depuis 1986, et nous avons à la ferme un atelier de fumaison pour fumer nos truites. Nous vous les proposons en tranches et pavés sous-vide ou mousses de truites en conserves.\r\n","wiki":null,"tel":"0296204207","postCode":22500,"city":"Paimpol","addr":"12 Route de Coz Castel ","cat":"AP","email":"fermemarinedutrieux@gmail.com","suspect":0}
,{"lat":48.786002,"lng":-3.050007,"name":"ARIN La ferme Paimpolaise","web":"","txt":"Ostréiculteur","wiki":null,"tel":"0646311418","postCode":22500,"city":"Paimpol","addr":"KERITY KERARZIC ","cat":"AP","email":"","suspect":0}
,{"lat":48.34619,"lng":-2.54827,"name":"LA FERME DES VILLES","web":"http://lafermedesvilles.fr","txt":"Maraîchage biologique diversifié","wiki":null,"tel":"0984014872","postCode":22510,"city":"Trébry","addr":"9, la Plesse ","cat":"AM","email":"lafermedesvilles@gmail.com","suspect":0}
,{"lat":48.17387,"lng":-2.98175,"name":"GAEC VIDELO-LE DUAULT","web":"","txt":"Éleveur de cochons sur une exploitation familiale engagée dans une démarche qualité sans OGM et sans antibiotique, nos cochons sont nés et élevés dans notre ferme.\r\nViande de porc, saucisson appelé Saucibon, 3 sortes de terrines : campagne, rillettes, gourmande.\r\nSauté de porc maison réalisé avec le cidre que nous fabriquons et que nous vendons également.\r\nCidre fermier.","wiki":null,"tel":"0296285738","postCode":22530,"city":"Guerlédan","addr":"","cat":null,"email":"thierry.videlo@wanadoo.fr","suspect":0}
,{"lat":48.20517,"lng":-2.9415,"name":"LES SAVEURS DE HAUTE BRETAGNE","web":"hhps://creperiedeguerledan.com","txt":"La CRÊPERIE DE GUERLEDAN privilégie les produits locaux et fait le choix de valoriser les circuits courts.\r\nLa Crêperie s’est engagée depuis plusieurs années à travailler du blé noir et de froment 100% français moulus dans les moulins voisins, au cœur de notre pays du Centre Bretagne.","wiki":null,"tel":"0296263837","postCode":22530,"city":"Guerlédan","addr":"ZA de Guergadic ","cat":"AO","email":"commercial@crepes2guerledan.fr","suspect":0}
,{"lat":48.21352,"lng":-3.01325,"name":"LES VERGERS DE GUERLEDAN","web":"https://gite-guerledan-lesvergers.fr","txt":"Vente de poires et pommes de table (4 variétés de poires et 19 variétés de pommes)","wiki":null,"tel":"0296263218","postCode":22530,"city":"Guerlédan","addr":"","cat":"AF","email":"ratchristelle@yahoo.fr","suspect":0}
,{"lat":48.169167,"lng":-2.928096,"name":"ferme la doudoutière","web":"https://www.facebook.com/doudoutiere","txt":"Maraichers bio sur petite surface. Nous cultivons une quarantaine de légumes différents, nous élevons aussi une quarantaine de poules bio pour ainsi vous proposer des œufs par 6  et par 12. \nNous faisons également un peu de transfo avec nos légumes : coulis de tomates anciennes, confits d'oignons, confiture de tomates vertes, confitures de betteraves, confitures de courgettes\n\nplus tard quand notre verger sera suffisement productif nous pourrons vous proposer des fruits ( pommes, poires, peches, prunes, mirabelles, abricot, amandes, kaki, nashi, coing, et des petits fruits tels que framboises, cassis, caseile, groseilles)","wiki":null,"tel":"0650573267","postCode":22530,"city":"Saint-Connec","addr":" 2 kerlanduren Ferme La Doduoutière ","cat":"AM","email":"ferme-ladoudoutiere@outlook.fr","suspect":0}
,{"lat":48.56652,"lng":-3.34039,"name":"FOURNIL PINABEL","web":"","txt":"Boulangerie - Pâtisserie","wiki":null,"tel":"0296683910","postCode":22540,"city":"Louargat","addr":"1 rue le Fournil ","cat":null,"email":"lcyrille61@sfr.fr","suspect":0}
,{"lat":48.608182,"lng":-3.233964,"name":"BRIN D'ACIER","web":"http://www.brindacier1.free.fr","txt":" Ferronnier","wiki":null,"tel":"0672943998","postCode":22540,"city":"Pédernec","addr":"2, Roudougwin Izellan, ","cat":"OF","email":"brindacier1@free.fr","suspect":0}
,{"lat":48.56677,"lng":-2.33869,"name":"SARL PORS BODIOU","web":"","txt":"Oeufs plein air, sol et biologique sur deux sites Lannion et Ruca ","wiki":null,"tel":"0296410519","postCode":22550,"city":"Ruca","addr":"La Croix Verte ","cat":"AV","email":"commandes.porsbodiou@gmail.com","suspect":0}
,{"lat":48.759666,"lng":-3.5562,"name":"la fabrique du potager","web":"http://Lafabriquedupotager.bzh","txt":"Producteur de légumes bio. Vente de panier de fruits ou de légumes sur commande. Vente à la ferme le samedi matin de légumes et de fruits de saison.","wiki":null,"tel":"0604068949","postCode":22560,"city":"Trébeurden","addr":" 78 rue de kernevez","cat":"AM","email":"contact@lafabriquedupotager.bzh","suspect":0}
,{"lat":48.811045,"lng":-3.509324,"name":"POTERIE DE KERIANEGAN","web":"http://www.poterie-kerianegan.com","txt":"Potier de porcelaine","wiki":null,"tel":"0296159284","postCode":22560,"city":"Pleumeur-Bodou","addr":"Kerianegan Vraz, ","cat":"OP","email":"contact@poterie-kerianegan.com","suspect":0}
,{"lat":48.7146,"lng":-2.93301,"name":"le moine pascale","web":"http://pascalelemoine-viandecharolaise.fr","txt":"vente directe de viande bovine en caissettes de 12 ou 20 kg.\r\nGénisses de pure race charolaise nées et élevées sur l'exploitation garantissant qualité et traçabilité.\r\nLeur alimentation est principalement à base d'herbe","wiki":null,"tel":"0296226891","postCode":22580,"city":"Plouha","addr":"","cat":"AV","email":"pascaldenislemoine@orange.fr","suspect":0}
,{"lat":48.671034,"lng":-2.91667,"name":"JB CREATION CERAMIQUE","web":"http://babeyceramique.com","txt":"Modeleur-Mouleur","wiki":null,"tel":"0296203040","postCode":22580,"city":"Plouha","addr":"11 ROUTE DU PALUS, 22580 PLOUHA","cat":"OE","email":"joel.babey@worldonline.fr","suspect":0}
,{"lat":48.547152,"lng":-2.828354,"name":"EARL DEKERFRANCOIS","web":"","txt":"Maraîcher biologique","wiki":null,"tel":"0789365210","postCode":22590,"city":"Pordic","addr":"La ville Callé  ","cat":"AM","email":"","suspect":0}
,{"lat":48.21356,"lng":-2.73564,"name":"LA FERME DE LA DONAITERIE","web":"","txt":"Produits laitiers de vache transformés en production biologique :  lait, yaourt et fromage blanc, crème et beurre","wiki":null,"tel":"","postCode":22600,"city":"La Motte","addr":"12, La Donaiterie ","cat":"AF","email":"ladonaiterie@gmail.com","suspect":0}
,{"lat":48.178422,"lng":-2.687518,"name":"ATELIERS ALLOT FRÈRES","web":"http://www://freres-allot.com","txt":"Tapissier d'ameublement/tapissier décorateur","wiki":null,"tel":"0296281869","postCode":22600,"city":"Loudéac","addr":"Route de Rennes ZAC Les Parpareux, 22600 LOUDEAC","cat":"OE","email":"info@freres-allot.com","suspect":0}
,{"lat":48.81358,"lng":-3.19032,"name":"EARL LAUDREN KERLIJOUAN","web":"https://lesbonslegumesdekerlijouan","txt":"Producteur de fruits et légumes\r\nEnviron 4 variétés différentes","wiki":null,"tel":"","postCode":22610,"city":"Kerbors","addr":"","cat":"AM","email":"lesbonslegumesdekerlijouan@gmail.com","suspect":0}
,{"lat":48.84182,"lng":-3.1067,"name":"ETS OSTREICOLE DE MIN ER GOAS","web":"https://www.huitresbrehat.fr","txt":"Ostréiculteur. Captage des huîtres. Vente au bout de 3 à 4 ans.\r\n5 salariés","wiki":null,"tel":"0296165115","postCode":22610,"city":"Lanmodez","addr":"3, Zone Ostréicole -","cat":"AP","email":"bodinarnaud@hotmail.fr","suspect":0}
,{"lat":48.843506,"lng":-3.088577,"name":"EARL Le Guen Chaumard","web":"","txt":"Ostréiculteur","wiki":null,"tel":"0678416030","postCode":22610,"city":"Lanmodez","addr":"8, min er goas ","cat":"AP","email":"","suspect":0}
,{"lat":48.42779,"lng":-1.98995,"name":"EARL LA MOINERIE","web":"https://www.lafermeendirect.fr","txt":"Production de porcs sur paille sans OGM ni antibiotique.\r\nFerme certifiée Haute Valeur Environnementale de niveau 3.\r\nCharcuterie, viande de bœuf, porc, volaille, produits laitiers, crème et beurre, fromage, oeufs, boissons et fruits\r\n","wiki":null,"tel":"0296274855","postCode":22630,"city":"Les Champs-Géraux","addr":"","cat":"AV","email":"lamoinerie@lamoinerie.com","suspect":0}
,{"lat":48.362704,"lng":-1.952557,"name":"brasserie carabo","web":"","txt":"La Brasserie Carabo, installée depuis août 2021, propose une gamme de bières variées aux saveurs gourmandes, en 33 cl et 75 cl.\n•\tBière Blonde au corps équilibré, avec une légère amertume, accompagnée de houblons aux notes d'agrumes et de fruits tropicaux.\n•\tBière Ambrée avec toute la puissance du malt et des saveurs toastées.\n•\tBière Blanche aux fleurs de sureau, douce et rafraîchissante.\n•\tBière Noire au malt torréfié avec une douce amertume et des notes de cacao.\n•\tBières Spéciales à découvrir tout au long de l’année au fil des saisons.\n\nNous récupérons les bouteilles pour les réemployer, n'hésitez pas à les ramener. Merci!","wiki":null,"tel":"0661818008","postCode":22630,"city":"Saint-Judoce","addr":" 10 rue du Cordonnier","cat":"AB","email":"contact@brasseriecarabo.fr","suspect":0}
,{"lat":48.369454,"lng":-1.978078,"name":"le rucher des faluns","web":"","txt":"Découvrez nos différents miels: printemps, châtaignier ou encore blé noir (sarrasin) ! Miel cru : non chauffé et sans mélange d'autres miels.\nRucher familial travaillant avec de l'abeille noire.","wiki":null,"tel":"0685952005","postCode":22630,"city":"Évran","addr":" Bourg","cat":"AA","email":"","suspect":0}
,{"lat":48.363651,"lng":-1.993647,"name":"Domaine du triskell rouge","web":"","txt":"Safranier et transformateurs à la ferme.","wiki":null,"tel":"0296882081","postCode":22630,"city":"Évran","addr":"7 La Roseraie ","cat":"AO","email":"","suspect":0}
,{"lat":48.427845,"lng":-1.990808,"name":"Ferme de la Moinerie","web":"","txt":"Agriculteur - Eleveur","wiki":null,"tel":"0616661516","postCode":22630,"city":"Les Champs-Géraux","addr":"La Moinerie ","cat":"AV","email":"","suspect":0}
,{"lat":48.40459,"lng":-2.47003,"name":"LE VERGER FLEURI","web":"","txt":"Ferme fruitière en agriculture biologique.\r\nProduction de fruits : pommes, poires, coing, kiwi\r\nProduction de petits fruits : groseilles, framboises, rhubarbe\r\nProduction de jus : pomme, pomme-cassis, pomme-groseille,\r\npomme-sureau, pomme-framboise, pomme-coing, pomme-rhubarbe","wiki":null,"tel":"0296341356","postCode":22640,"city":"Plestan","addr":"Le Clos Brulé -","cat":"AF","email":"xavier.pascale.doussinault@wanadoo.fr","suspect":0}
,{"lat":48.393795,"lng":-2.449674,"name":"micro-ferme de carcouet","web":"https://www.facebook.com/MFCarcouet","txt":"La Micro-Ferme de Carcouet est une petite exploitation agricole situé sur la commune de Plestan en Cotes d'Armor (22).\nNous cultivons nos légumes et élevons nos animaux selon les modes de productions de l'agriculture biologique (certifié par Ecocert).","wiki":null,"tel":"0642560206","postCode":22640,"city":"Plestan","addr":" 3 le petit lescouet","cat":"AM","email":"micro-fermedecarcouet@laposte.net","suspect":0}
,{"lat":48.801434,"lng":-3.364616,"name":"EARL DE LANNO","web":"","txt":"Maraicher","wiki":null,"tel":"0644728165","postCode":22660,"city":"Trélévern","addr":"Lanno, route de kermaria 22660 Trelevern","cat":"AM","email":"","suspect":0}
,{"lat":48.774404,"lng":-3.421486,"name":"EARL LE BIDEAU","web":"","txt":"AGRICULTEUR","wiki":null,"tel":"0620956020","postCode":22700,"city":"Louannec","addr":"Pont Querhent 22700 louannec","cat":"AF","email":"","suspect":0}
,{"lat":48.42556,"lng":-3.06907,"name":"ELEVAGE AVICOLE DE LEURMIN","web":"","txt":"Producteur d'oeufs","wiki":null,"tel":"0296326279","postCode":22720,"city":"Senven-Léhart","addr":"Leurmin 22720 Senven-Lehart","cat":"AVG","email":"ferme.de.beaupre22@gmail.com","suspect":0}
,{"lat":48.7707,"lng":-3.16189,"name":"GAEC Bothorel","web":"http://www.agneaupresquile.com","txt":"L'élevage se situe à Pleudaniel, aux portes de la Presqu'île Sauvage. Territoire préservé, bordé par les estuaires du Trieux et du Jaudy.\r\nNos brebis consomment l'herbe, les fourrages et les céréales produits sur l'exploitation. Les agneaux élevés sous la mère jusqu'à l'âge de 2 mois 1/2 à 3 mois, reçoivent ensuite une alimentation traditionnelle (céréales de l'exploitation, foin et paille.\r\n- viande agneau, semi gros et détail, merguez véritables, saucisses agneau....\r\n- viande de bœuf de race Aubrac en colis\r\n","wiki":null,"tel":"0296201891","postCode":22740,"city":"Pleudaniel","addr":"Prat Collet ","cat":"AV","email":"bothorel.alain22@orange.fr","suspect":0}
,{"lat":48.789178,"lng":-3.101373,"name":"ATELIER DE TAPISSERIE IMPRESSIONS","web":"http://www.lacaze-robert.fr","txt":" Tapissier d'ameublement/tapissier décorateur","wiki":null,"tel":"0686446496","postCode":22740,"city":"Lézardrieux","addr":"75, le Port, 22740 LEZARDRIEUX","cat":"OE","email":"infos@lacaze-robert.fr","suspect":0}
,{"lat":48.558331,"lng":-3.550045,"name":"GAEC LE CHANT DU GRAIN","web":"","txt":"Paysan-Meunier-Boulanger","wiki":null,"tel":"","postCode":22780,"city":"Plounérin","addr":"","cat":"AC","email":"contact@lechantdugrain.fr","suspect":0}
,{"lat":48.46186,"lng":-2.95025,"name":"EARL LE NOUVEL","web":"","txt":"Producteur de pommes de terre sur 20 hectares","wiki":null,"tel":"0296738527","postCode":22800,"city":"Cohiniac","addr":"La Porte aux Maitres ","cat":"AC","email":"sylvin.le-nouvel@wanadoo.fr","suspect":0}
,{"lat":48.35245,"lng":-2.91365,"name":"GAEC FERME DE LA CRAULEE","web":"https://lecraulois.com","txt":"Production et transformation de lait","wiki":null,"tel":"0296748379","postCode":22800,"city":"Lanfains","addr":"La Craulée -","cat":"AF","email":"craulois@craulois.com","suspect":0}
,{"lat":48.47026,"lng":-2.88356,"name":"GAEC DE LA BLANDIRIE","web":"","txt":"L'exploitation est située à Saint-Donan, dans les Cotes d'Armor. Nous produisons du lait que nous transformons en lait frais, lait ribot, fromages frais à tartiner avec différents aromates (bruchetta, ail et fines herbes, pempa, échalotes, oignon poivre et nature) ainsi que de la tomme","wiki":null,"tel":"0296739470","postCode":22800,"city":"Saint-Donan","addr":"La Blandirie ","cat":"AF","email":"fermedelablandirie@orange.fr","suspect":0}
,{"lat":48.74512,"lng":-3.06553,"name":"ESATCO Paimpol","web":"http://www.esatco.fr","txt":"L'ESATCO Paimpol à Plourivo vous propose des légumes bio de saison à travers une formule de paniers et une vente directe le jeudi. Le maraichage BIO diversifié dispose de légumes ultra-frais tout au long de l'année.","wiki":null,"tel":"0296554130","postCode":22860,"city":"Plourivo","addr":"10 Chemin Louis Armez -","cat":"AM","email":"","suspect":0}
,{"lat":48.744843,"lng":-3.066242,"name":"Jardin de Paimpol","web":"https://esatco.cocagnebio.fr/","txt":"Agriculture biologique","wiki":null,"tel":"0296554130","postCode":22860,"city":"Plourivo","addr":" 10 Chemin Louis Armez","cat":"AM","email":"jardin.paimpol@esatco.fr","suspect":0}
,{"lat":48.853966,"lng":-3.00362,"name":"LES VERRERIES DE BREHAT","web":"http://www.verreriesdebrehat.com","txt":" Verrier à la main","wiki":null,"tel":"0686860909","postCode":22870,"city":"Île-de-Bréhat","addr":"Rue de la Citadelle - La Citadelle, 22870 Île de Bréhat","cat":"OR","email":"info@verreriesdebrehat.com","suspect":0}
,{"lat":48.44846,"lng":-2.80628,"name":"GAEC de La Chênaie","web":"","txt":"Producteur de lait de vache sans OGM","wiki":null,"tel":"","postCode":22940,"city":"Saint-Julien","addr":"Les Jards ","cat":"AF","email":"gaecdelachenaie@gmail.com","suspect":0}
,{"lat":48.376482,"lng":-2.817915,"name":"individuel","web":"","txt":"Producteurs de fromages fermiers Chèvres & Brebis","wiki":null,"tel":"0783793109","postCode":22940,"city":"Plaintel","addr":"la garenne 22940 plaintel","cat":"AF","email":"","suspect":0}
,{"lat":48.46162,"lng":-2.77741,"name":"EARL MICHELET BERNARD","web":"","txt":"Exploitation de volailles et cultures de céréales\r\nProduction de l'alimentation sur l'exploitation\r\nTransformation de notre volaille,  de porc (exploitant de Plélo) et de boeuf (exploitant de Lanfains).","wiki":null,"tel":"0296712469","postCode":22960,"city":"Plédran","addr":"La Croix Péran -","cat":"AV","email":"michelet.mb@wanadoo.fr","suspect":0}
,{"lat":48.46162,"lng":-2.7776,"name":"SARL LES DEUX LAUNAY","web":"","txt":"Charcuterie artisanale\r\nViande de porc, de bœuf, d'agneau, de volaille, de veau\r\nTraiteur","wiki":null,"tel":"0296324834","postCode":22960,"city":"Plédran","addr":"La Croix Denis ","cat":"AV","email":"des.deux.launay.sarl@wanadoo.fr","suspect":0}
,{"lat":48.55384,"lng":-3.11676,"name":"SARL DENOUAL ROLAND","web":"https://www.charcuteriedenoual.fr","txt":"Charcutier-Traiteur  : tous nos produits sont fabriqués maison et de façon artisanale","wiki":null,"tel":"0296924839","postCode":22970,"city":"Saint-Agathon","addr":"Zone Industrielle de Bellevue - 24 avenue de l'Hippodrome, 22200 Saint-Agathon","cat":"AG","email":"roland.denoual@orange.fr","suspect":0}
,{"lat":48.55454,"lng":-3.12423,"name":"LA CHAROLAISE","web":"https://lacharolaisebzh22","txt":"Nous travaillons en association avec des producteurs de viandes et vous proposons une multitude de produits de boucherie, de charcuterie et des plats traiteurs.\r\nUne très grande diversité d'entrées, viandes, poissons à commander pour vos réceptions, repas de famille... mais aussi des plateaux repas, chauds ou froids, destinés aux entreprises","wiki":null,"tel":"0296119881","postCode":22970,"city":"Ploumagoar","addr":"5, Avenue du Goëlo -","cat":"AV","email":"jeanmichel.hillion@gmail.com","suspect":0}
]}