{"id":46,"producers":[
{"lat":44.446879,"lng":1.442883,"name":"BIJOUTERIE HONVAULT","web":"http://www.honvault.com","txt":"Joaillier","wiki":null,"tel":"0656350142","postCode":46000,"city":"Cahors","addr":"19 place Chapou, 46000 CAHORS","cat":"O","email":"info@honvault.com"}
,{"lat":44.451209,"lng":1.440937,"name":"LES CéRAMIQUES DE GISèLE","web":"http://www.lesceramiquesdegisele.com","txt":" Céramiste","wiki":null,"tel":"0565246870","postCode":46000,"city":"Cahors","addr":"56, rue Marcel Pagnol, ","cat":"O","email":"les-ceramiques-de-gisele@orange.fr"}
,{"lat":44.457494,"lng":1.451662,"name":"PEREIRA DOS SANTOS","web":"","txt":"Sculpteur sur bois","wiki":null,"tel":"0671654540","postCode":46000,"city":"Cahors","addr":"124, avenue 8ème RI et FTPF, 46000 CAHORS","cat":"O","email":"manuel.pereira01@orange.fr"}
,{"lat":44.486374,"lng":1.394059,"name":"légumes martre","web":"","txt":"Le champ et les serres sont situés devant le magasin pour garantir une transparence absolu.\nTout les légumes sont récoltés le jour même . que des variétés anciennes.vente oeufs de poules en liberté nourrit au céréales et légumes. A partir d'avril vente de plants, beaucoup de variétés.","wiki":null,"tel":"0672684822","postCode":46090,"city":"Pradines","addr":" Chemin de pissobi aux serres","cat":"AM","email":"danielsoudant@yahoo.com"}
,{"lat":44.456846,"lng":1.525234,"name":"david miquel","web":"","txt":"L'exploitation agricole d'Arcambal est spécialisé dans la culture de fruits et légumes.","wiki":null,"tel":"0565232485","postCode":46090,"city":"Arcambal","addr":" Galessie Haut","cat":"AM","email":""}
,{"lat":44.402359,"lng":1.326793,"name":"LES MINIATURES DU PLATEAU","web":"http://perso.orange.fr/miniatures.plateau","txt":" Fabricant et restaurateur d'objets miniatures","wiki":null,"tel":"0565369814","postCode":46090,"city":"Villesèque","addr":"46090 VILLESEQUE","cat":"O","email":"miniart@voila.fr"}
,{"lat":44.529452,"lng":1.442917,"name":"MARTY","web":"","txt":"Tailleur de pierre","wiki":null,"tel":"0565368353","postCode":46090,"city":"Maxou","addr":"Moulin de Revel, ","cat":"O","email":"martyalain@hotmail.fr"}
,{"lat":44.609096,"lng":2.035863,"name":"ATELIER DE SCULPTURE","web":"","txt":" Sculpteur ornemaniste","wiki":null,"tel":"0609024970","postCode":46100,"city":"Figeac","addr":"41, rue Emile Zola, ","cat":"O","email":"ateliersculpture@hotmail.fr"}
,{"lat":44.608923,"lng":2.036268,"name":"BOOK AND ART","web":"","txt":"Restaurateur de reliures","wiki":null,"tel":"0607983621","postCode":46100,"city":"Figeac","addr":"35, rue Emile Zola, 46100 FIGEAC","cat":"O","email":"emarquet@bookandart.com"}
,{"lat":44.608429,"lng":2.032076,"name":"CHASSINT FERRONNERIE","web":"","txt":" Ferronnier","wiki":null,"tel":"0678695623","postCode":46100,"city":"Figeac","addr":"Le Cloup, ","cat":"O","email":"chassintferronnier@orange.fr"}
,{"lat":44.644179,"lng":2.012538,"name":"DANIEL BALAT","web":"","txt":" Tapissier d'ameublement/tapissier décorateur","wiki":null,"tel":"0565341264","postCode":46100,"city":"Camburat","addr":"Malmont, ","cat":"O","email":""}
,{"lat":44.586475,"lng":1.963132,"name":"DOMINIQUE LACAZE","web":"","txt":"Restaurateur de meubles","wiki":null,"tel":"0565400564","postCode":46100,"city":"Béduer","addr":"Le Mas d'Irenne, 46100 Beduer","cat":"O","email":"dominique.lacaze0450@orange.fr"}
,{"lat":44.57606,"lng":1.933467,"name":"La main d'effets","web":"","txt":" Peintre sur bois","wiki":null,"tel":"0682079387","postCode":46100,"city":"Béduer","addr":"457 rue de Pêcheret, 46100 BEDUER","cat":"O","email":"lamaindeffets@gmail.com"}
,{"lat":44.612683,"lng":2.034208,"name":"SARL TARDIEU","web":"http://www.tardieu.fr","txt":"Tailleur de pierre","wiki":null,"tel":"0614181852","postCode":46100,"city":"Figeac","addr":"2, rue du Grial, 46100 FIGEAC","cat":"O","email":"Contact@tardieu.fr"}
,{"lat":44.905532,"lng":1.740157,"name":"Xulokopos","web":"http://www.xulokopos.com","txt":" Marqueteur","wiki":null,"tel":"0565101257","postCode":46110,"city":"Carennac","addr":"Atelier Xulokopos, ","cat":"O","email":"xulokopos@wanadoo.fr"}
,{"lat":44.742858,"lng":1.983197,"name":"jean-marie lacaze","web":"","txt":"Cultivateur de fruits et céréales (blé, seigle, sarrasin), il propose aussi de la viandes et de la farine de châtaigne.","wiki":null,"tel":"0565409207","postCode":46120,"city":"Labathude","addr":" Moulin de Nadal","cat":"AV","email":""}
,{"lat":44.842973,"lng":1.807347,"name":"la ferme de siran","web":"http://aux2pigeonniers.net/siran/","txt":"La Ferme de Siran élève des chèvres angora et commercialise la laine mohair et des produits dérivés (Fils, plaids,...). Elle propose également des fraises, du miel et de l'huile essentielle de lavande.","wiki":null,"tel":"0565387440","postCode":46130,"city":"Loubressac","addr":" Siran","cat":"AA","email":"contact@fermedesiran.com"}
,{"lat":44.879173,"lng":1.856088,"name":"CHRISTIAN DE VERDAL","web":"","txt":"Doreur","wiki":null,"tel":"0565106261","postCode":46130,"city":"Saint-Michel-Loubéjou","addr":"PUYMULE, 46130 ST MICHEL LOUBEJOU","cat":"O","email":"christian.de.verdal@orange.fr"}
,{"lat":44.918904,"lng":1.784639,"name":"Louis Carton","web":"http://www.louis-carton.com","txt":" Peintre en décor","wiki":null,"tel":"0685082901","postCode":46130,"city":"Puybrun","addr":"127 rue Polaire, ","cat":"O","email":"contact@louis-carton.com"}
,{"lat":44.881588,"lng":1.844332,"name":"SARL MALLEMOUCHE OLIVIER & NATHALIE","web":"http://www.galerieartsetcreation.com","txt":" Verrier à la main","wiki":null,"tel":"0688020134","postCode":46130,"city":"Saint-Michel-Loubéjou","addr":"Route de Prudhomat, 46130 BRETENOUX","cat":"O","email":"mallemouche.olivier@bbox.fr"}
,{"lat":44.419946,"lng":1.315051,"name":"las perieres plantes aromatiques ab","web":"","txt":"PRODUCTEURS PLANTS AROMATIQUES ET CONDIMENTAIRES AB","wiki":null,"tel":"0565217107","postCode":46140,"city":"Cambayrac","addr":" LES GREZES","cat":"P","email":"lasperieres@laposte.net"}
,{"lat":44.480516,"lng":1.274196,"name":"savonille","web":"http://www.savonille.fr/","txt":"Savonille crée des savons et des cosmétiques naturels et biologiques.","wiki":null,"tel":"0951908394","postCode":46140,"city":"Luzech","addr":" Miran","cat":"P","email":"feesavonille@gmail.com"}
,{"lat":44.465597,"lng":1.299929,"name":"SELLERIE LACUCHE","web":"http://www.sellerie-lacuche.com","txt":" Sellier","wiki":null,"tel":"0565307397","postCode":46140,"city":"Saint-Vincent-Rive-d'Olt","addr":"Rue de la mairie Le bourg, 46140 Saint-Vincent Rive d'Olt","cat":"O","email":"lacuche.barragano@wanadoo.fr"}
,{"lat":44.567785,"lng":1.307027,"name":"les cochons de coco","web":"","txt":"Eleveur de porcs de race Cul Noir du Limousin dans le Lot. Elevés en plein air de 12 à 14 mois. Cette race de type ibérique est réputée pour sa viande persillée.\nElevage de petite taille afin de garantir une meilleure qualité de vie pour les cochons et à terme la meilleure qualité possible des produits.","wiki":null,"tel":"0680920197","postCode":46150,"city":"Montgesty","addr":" 17 chemin de la pierre levée ","cat":"AV","email":"eric.viaux1@gmail.com"}
,{"lat":44.584315,"lng":1.439077,"name":"leila bourad","web":"","txt":"Cultivatrice de fruits et légumes, elle confectionne grâce à ses récoltes des produits dérivés.","wiki":null,"tel":"0689922191","postCode":46150,"city":"Gigouzac","addr":" Le Bourg Logement Mairie","cat":"AM","email":""}
,{"lat":44.549921,"lng":1.750631,"name":"essentiel","web":"","txt":"Culture Cueillette Distillation Transformation\nde Plantes aromatiques et médicinales\nHuiles essentielles   Hydrolats\nTisanes","wiki":null,"tel":"0642754040","postCode":46160,"city":"Marcilhac-sur-Célé","addr":" Mas de Pichaudel","cat":"P","email":"sandrine.bauder@laposte.net"}
,{"lat":44.537491,"lng":1.758218,"name":"stéphane debiée","web":"","txt":"Maraîcher horticulteur spécialisé dans la culture des légumineuses.","wiki":null,"tel":"0565531809","postCode":46160,"city":"Marcilhac-sur-Célé","addr":" Doujac","cat":"AM","email":""}
,{"lat":44.8305,"lng":2.07148,"name":"Jérôme Montens","web":"http://jeromemontens.blogspot.fr/","txt":" Peintre en décor","wiki":null,"tel":"0631056698","postCode":46210,"city":"Sénaillac-Latronquière","addr":"Le bourg, 46210 sénaillac latronquière","cat":"O","email":"jeromemontens@gmail.com"}
,{"lat":44.524261,"lng":1.202252,"name":"Atelier Collot","web":"http://https://www.ateliercollot.com/","txt":"Tapissier d'ameublement/tapissier décorateur","wiki":null,"tel":"0606670935","postCode":46220,"city":"Prayssac","addr":"1420 Route de Niaudon, ","cat":"O","email":"ateliercollot@gmail.com"}
,{"lat":44.502021,"lng":1.192604,"name":"ATELIER GALERIE DUPONT","web":"","txt":"Verrier au chalumeau ","wiki":null,"tel":"0565308832","postCode":46220,"city":"Prayssac","addr":"34 avenue du Marechal Bessières, ","cat":"O","email":"herve.dupont21@orange.fr"}
,{"lat":44.2462,"lng":1.530388,"name":"karl martin hild","web":"","txt":"Cultivateur de céréales, fruits et légumes à Belfort-du-Quercy.","wiki":null,"tel":"0565316922","postCode":46230,"city":"Belfort-du-Quercy","addr":" Vicary","cat":"AM","email":""}
,{"lat":44.33874,"lng":1.545094,"name":"LAIR","web":"","txt":" Tapissier d'ameublement/tapissier décorateur","wiki":null,"tel":"0565317767","postCode":46230,"city":"Lalbenque","addr":"Place du barry haut, 46230 LALBENQUE","cat":"O","email":"herpat@wanadoo.fr"}
,{"lat":44.416079,"lng":1.833463,"name":"BODEWITZ","web":"http://bodewitz.web.officelive.com/default.aspx","txt":" Graveur Héraldiste","wiki":null,"tel":"0565401896","postCode":46260,"city":"Saint-Jean-de-Laur","addr":"Mas de Maral, ","cat":"O","email":"dennis.bodewitz@live.fr"}
,{"lat":44.807318,"lng":1.381091,"name":"le potager des chenaies","web":"","txt":"Le Potager des Chenaies cultive et cueille des fruits et légumes.","wiki":null,"tel":"0565272881","postCode":46300,"city":"Fajoles","addr":" A la Coste","cat":"AM","email":""}
,{"lat":44.733769,"lng":1.310573,"name":"ALMA KRINKE HAEGEMAN, ATELIER LA BORIE","web":"","txt":" Céramiste","wiki":null,"tel":"0648874564","postCode":46300,"city":"Léobard","addr":"la borie basse, 46300 LEOBARD","cat":"O","email":"almahaegeman@gmail.com"}
,{"lat":44.591618,"lng":1.395259,"name":"atelier 1 bis","web":"http://poterienicolini.wix.com/poterienicolini","txt":" Potier de grès","wiki":null,"tel":"0621159446","postCode":46310,"city":"Uzech","addr":"l'oulerie las nofios, ","cat":"O","email":"aurelia.nicolini@gmail.com"}
,{"lat":44.656634,"lng":1.772263,"name":"E.U.R.L. CAUSSANEL Vincent","web":"http://https://www.eurl-vincent-caussanel.fr/","txt":"Maçon","wiki":null,"tel":"0675373514","postCode":46320,"city":"Espédaillac","addr":"Mas d'Ourgnaguel, 46320 Espedaillac","cat":"O","email":"vincent.caussanel@orange.fr"}
,{"lat":44.657029,"lng":1.264808,"name":"jean-françois bouchy","web":"","txt":"L'exploitation agricole de Salviac cultive fruits et légumes et propose des plants à repiquer.","wiki":null,"tel":"0565415080","postCode":46340,"city":"Salviac","addr":" Pech Gaillard","cat":"AM","email":""}
,{"lat":44.653698,"lng":1.340069,"name":"LADEQ","web":"","txt":" Sculpteur sur bois","wiki":null,"tel":"0609781657","postCode":46340,"city":"Dégagnac","addr":"Pech Usclat, ","cat":"O","email":"ladeqloyer@laposte.net"}
,{"lat":44.859712,"lng":1.896057,"name":"L'ASSISE","web":"","txt":" Tapissier d'ameublement/tapissier décorateur","wiki":null,"tel":"0673171804","postCode":46400,"city":"Saint-Céré","addr":"32, rue du faubourg Lascabanes, 46400 ST-CERE","cat":"O","email":"marion.schneider46@gmail.com"}
,{"lat":44.837592,"lng":1.937849,"name":"LAVERNOULIE","web":"http://www.stephane.pratte.fr","txt":" Céramiste","wiki":null,"tel":"0565108574","postCode":46400,"city":"Saint-Paul-de-Vern","addr":"46400 Saint-Paul-De-Vern","cat":"O","email":"stephane@pratte.fr"}
,{"lat":44.9671,"lng":1.576554,"name":"brasserie de la cère","web":"http://www.lesbieresdejulien.fr/","txt":"La Brasserie de la Cère propose une gamme de bières artisanales.","wiki":null,"tel":"0565381550","postCode":46600,"city":"Martel","addr":" Layrac","cat":"AB","email":""}
,{"lat":44.909355,"lng":1.67856,"name":"EBENISTERIE I. ET B. BOLO","web":"http://www.ebenisterie-bolo.com","txt":"Restaurateur de meubles","wiki":null,"tel":"0680516476","postCode":46600,"city":"Floirac","addr":"MANEN SUD, ","cat":"O","email":"b.bolo@worldonline.fr"}
,{"lat":44.937834,"lng":1.606685,"name":"EMAUX D'ART","web":"http://emaux-d-art-martel.com","txt":" Emailleur","wiki":null,"tel":"0565373263","postCode":46600,"city":"Martel","addr":"Rue du Barri de Brive, 46600 MARTEL","cat":"O","email":"a.valadie@laposte.net"}
,{"lat":44.926428,"lng":1.632378,"name":"LEO AMERY VITRAIL","web":"http://www.leo-amery-vitrail.com","txt":" Maître-verrier (ou Vitrailliste)","wiki":null,"tel":"0565374007","postCode":46600,"city":"Martel","addr":"BAGADOU BAS, 46600 MARTEL","cat":"O","email":"leoamery.vitrail@wanadoo.fr"}
,{"lat":44.503777,"lng":1.138037,"name":"Margaux Hosteint - Tapisserie d'Ameublement","web":"","txt":" Tapissier d'ameublement/tapissier décorateur","wiki":null,"tel":"0684094327","postCode":46700,"city":"Puy-l'Évêque","addr":"20 Grand Rue, 46700 Puy-Levêque","cat":"O","email":"margaux.hosteint@hotmail.fr"}
,{"lat":44.332961,"lng":1.278913,"name":"patricia poizat","web":"","txt":"Productrice spécialisée dans la fabrication de céréales et l'horticulture maraîchère.","wiki":null,"tel":"0565217054","postCode":46800,"city":"Lendou-en-Quercy","addr":" Escayrac 46800 Lascabanes ","cat":"AM","email":""}
,{"lat":44.398768,"lng":1.18172,"name":"philippe hébert et odile marot","web":"","txt":"Producteurs de fruits et légumes, ils confectionnent également des produits dérivés (conserves, sauces,...)","wiki":null,"tel":"0565369300","postCode":46800,"city":"Porte-du-Quercy","addr":" La Combe de Joffre Bovila 46800 Fargues ","cat":"AM","email":""}
]}