{"id":88,"producers":[
{"lat":48.197224,"lng":6.451197,"name":"catherine et jean-françois apiculteurs","web":"https://miel-epinal.fr","txt":"Miel à Épinal : Apiculteurs à Épinal, vente de miel des Vosges et produits de la ruche issus de notre production artisanale. Véritable passion transmise à travers les générations, l'apiculture est une activité que nous pratiquons depuis plus de 20 ans.","wiki":null,"tel":"0616218682","postCode":88000,"city":"Épinal","addr":" 25 rue Louis Blériot ","cat":"AA","email":"","suspect":0}
,{"lat":48.174351,"lng":6.450549,"name":"ARTISAN ENCADREUR","web":"","txt":" Encadreur","wiki":null,"tel":"0614991164","postCode":88000,"city":"Épinal","addr":"8, rue de la Basilique, 88000 EPINAL","cat":"OO","email":"andree.thiebaut@orange.fr","suspect":0}
,{"lat":48.198492,"lng":6.522482,"name":"ATELIER DE RESTAURATION D'ART DUFALA","web":"","txt":"Tailleur de pierre","wiki":null,"tel":"0686711102","postCode":88000,"city":"Deyvillers","addr":"32, rue d'Alsace, 88000 DEYVILLERS","cat":"OE","email":"atelier.dufala@orange.fr","suspect":0}
,{"lat":48.166951,"lng":6.453042,"name":"Évelyne Thiéry Créations","web":"http://https://evelynethiery.com","txt":" Bijoutier en métaux précieux","wiki":null,"tel":"0642172722","postCode":88000,"city":"Épinal","addr":"20 rue Fusillés Résistance, 88000 EPINAL","cat":"OB","email":"contact@evelynethiery.com","suspect":0}
,{"lat":48.183906,"lng":6.446884,"name":"IMAGERIE D’ÉPINAL","web":"http://www.imagerie-epinal.com","txt":"Relieur","wiki":null,"tel":"0329342187","postCode":88000,"city":"Épinal","addr":"42 bis quai de Dogneville, ","cat":"OD","email":"contact@imagerie-epinal.com","suspect":0}
,{"lat":48.224174,"lng":6.463008,"name":"L'esprit du feutre","web":"http://www.lespritdufeutre.fr","txt":"Ennoblisseur textile","wiki":null,"tel":"0681571526","postCode":88000,"city":"Dogneville","addr":"128 Rue Abbé Poirot, 88000 DOGNEVILLE","cat":"OE","email":"lespritdufeutre@gmail.com","suspect":0}
,{"lat":48.157224,"lng":6.450487,"name":"M.V.BLOT GRAVEUR SUR CRISTAL VERRE MIROIR","web":"","txt":"Graveur","wiki":null,"tel":"0329829657","postCode":88000,"city":"Épinal","addr":"14, rue de Benaveau, 88000 EPINAL","cat":"OR","email":"mvblot@aol.com","suspect":0}
,{"lat":48.200689,"lng":6.480258,"name":"Escale Campagnarde","web":"","txt":"","wiki":null,"tel":"0329349921","postCode":88000,"city":"Jeuxey","addr":"25 Rue du Saut le Cerf ","cat":"AG","email":"","suspect":0}
,{"lat":48.285406,"lng":6.937009,"name":"AURIGANE CREATIONS","web":"http://www.prototypage-horlogerie-bijouterie.com ","txt":"Sertisseur","wiki":null,"tel":"0329563738","postCode":88100,"city":"Saint-Dié-des-Vosges","addr":"92-94 rue de la Bolle - Parc d'activités de la Grande Prairie, 88100 SAINT DIE DES VOSGES","cat":"OB","email":"contact@aurigane.fr","suspect":0}
,{"lat":48.001466,"lng":6.76851,"name":"gaec devant les roches","web":"https://gaec-devant-les-roches-73.webself.net/","txt":"Agriculteur de père en fils, la famille Etienne a développé sur la commune de GERBAMONT (88120) la fabrication de leurs fromages ainsi que la vente directe aux particuliers.\nVenez apprécier leurs munsters, tommes, et autres frais.\nPour les contacter:\nhttps://gaec-devant-les-roches-73.webself.net/","wiki":null,"tel":"","postCode":88120,"city":"Gerbamont","addr":" 5 Devant les Roches","cat":"AF","email":"","suspect":0}
,{"lat":47.989535,"lng":6.768511,"name":"ATELIER DE PLANOIS","web":"http://www.atelierdeplanois.fr","txt":" Fabricant et restaurateur de jeux et jouets","wiki":null,"tel":"0329248260","postCode":88120,"city":"Basse-sur-le-Rupt","addr":"24 CD 34 de Planois, ","cat":"J","email":"atelierdeplanois@orange.fr","suspect":0}
,{"lat":48.020017,"lng":6.784301,"name":"ATELIER DU VERGER","web":"http://www.atelierduverger.com","txt":"Vernisseur finisseur","wiki":null,"tel":"0681855938","postCode":88120,"city":"Rochesson","addr":"19, rue de l'Eglise, 88120 ROCHESSON","cat":"OO","email":"atelierduverger@wanadoo.fr","suspect":0}
,{"lat":48.202804,"lng":5.839962,"name":"AU CHÊNE LORRAIN","web":"","txt":" Ebéniste","wiki":null,"tel":"0688994255","postCode":88140,"city":"Bulgnéville","addr":"775, rue Sainte Anne, ","cat":"OO","email":"gerard-thouvenot@orange.fr","suspect":0}
,{"lat":48.205141,"lng":5.837089,"name":"ÉBÉNISTERIE BASTIEN ROBERT","web":"","txt":" Ebéniste","wiki":null,"tel":"0329072322","postCode":88140,"city":"Bulgnéville","addr":"384, rue Sainte Anne Boite Postale N°20, 88140 BULGNEVILLE","cat":"OO","email":"ebenisterie.bastien@orange.fr","suspect":0}
,{"lat":48.032443,"lng":6.557358,"name":"pascal rzadkiewa","web":"","txt":"L'exploitation agricole de Saint-Nabord est spécialisée dans l'apiculture.","wiki":null,"tel":"0329231175","postCode":88200,"city":"Saint-Nabord","addr":" 43 rue du Vieux Chaumont","cat":"AA","email":"","suspect":0}
,{"lat":47.998429,"lng":6.662894,"name":"les noces de k.na","web":"http://www.lesnocesdekna.com/","txt":"Les Noces de K.na propose une gamme de produits en chanvre (comme l’huile alimentaire) fabriqués et distribués par leurs soins.","wiki":null,"tel":"0620160280","postCode":88200,"city":"Dommartin-lès-Remiremont","addr":" 568 rue de Moyemont","cat":"A","email":"contact@lesnocesdekna.com","suspect":0}
,{"lat":48.014884,"lng":6.592032,"name":"Lucile Severac","web":"http://https://www.lucileseverac.fr/","txt":" Tapissier d'ameublement/tapissier décorateur","wiki":null,"tel":"0671514963","postCode":88200,"city":"Remiremont","addr":"35 Rue des Prêtres, ","cat":"OE","email":"severac.lucile@gmail.com","suspect":0}
,{"lat":48.01878,"lng":6.593752,"name":"Le Magasin","web":"","txt":"Produits : Rayon bio, Fruits, Légumes, Viandes, Traiteur et charcuterie, Volaille et lapin, Fromages, Oeufs et produits laitiers, Pain et patisseries, Miels et confitures, Huiles et vinaigres, Épicerie, Vins et alcools, Jus et sirops","wiki":null,"tel":"0329234496","postCode":88200,"city":"Remiremont","addr":"28 rue de la Joncherie ","cat":"AG","email":"","suspect":0}
,{"lat":48.421265,"lng":7.002755,"name":"ferme de capucine","web":"","txt":"La Ferme Capucine propose divers choix de viandes et charcuteries, de la volailles, des fruits et légumes ainsi que divers boissons.","wiki":null,"tel":"0329578186","postCode":88210,"city":"La Petite-Raon","addr":" Genaroy","cat":"AV","email":"","suspect":0}
,{"lat":48.420604,"lng":7.011139,"name":"la reine des vosges","web":"http://lerucherlareinedesvosges.fr","txt":"Mon exploitation créée en 2007 avec le soutien de mon mari ainsi que de notre fils de 14 ans se situe à Moussey, dans les Vosges, un petit village de 600 habitants, étendue sur 2950 ha dont 94 % de forêt de 360 à 940 m d'altitude, aux confins de deux départements Alsace et Meurthe-et-Moselle et à 1 heure de trois grandes villes Strasbourg, Épinal et Nancy.\n \nMa situation géographique me préserve de toutes pollutions, l’idéal pour produire du miel de fleurs de prairies sauvages, du miel de montagne, miel de forêt et si toutes les conditions sont requises 1 année sur 3 du miel de sapin et pour le miel de tilleul, miel d'acacia et miel de châtaignier, je transhume mes ruches dans les départements limitrophes.\n \nJe suis passée professionnelle en 2010, après trois années à créer mon cheptel et surtout à continuer à me former.\nJe dispose aujourd'hui de plus de 250 colonies axées sur l'élevage pour la production de reines, d'essaims et de miels.\nMon but est de fournir un service de qualité et de satisfaire mes clien","wiki":null,"tel":"0329413190","postCode":88210,"city":"Moussey","addr":" 7 vieille route de Moussey","cat":"AA","email":"contact@lerucherlareinedesvosges.fr","suspect":0}
,{"lat":48.347451,"lng":6.993932,"name":"PIERRAT","web":"http://www.ebenisterie-pierrat.com","txt":" Ebéniste","wiki":null,"tel":"0329589876","postCode":88210,"city":"Ban-de-Sapt","addr":"23, la Fontenelle, ","cat":"OO","email":"ep@ebenisterie-pierrat.com","suspect":0}
,{"lat":48.053152,"lng":6.367047,"name":"la ferme d'amerey","web":"https://www.lafermedamerey.fr/","txt":"Nous produisons des légumes diversifiés sur 2 hectares entre forêt et prairie. Nos cultures sont certifiées Agriculture Biologique. \nNous vendons nos légumes de saison en direct toute l'année :\n- à la ferme les mardis de 18h à 19h\n- à la ferme les samedis de 11h à 12h\n- au marché de Xertigny les jeudis de 9h à 12h\nNous sommes 2 producteurs, frère et sœur, à titre principal (GAEC des folles brindilles) et nous avons un salarié toute l'année.","wiki":null,"tel":"0000000000","postCode":88220,"city":"Xertigny","addr":" 911 grande rue d'Amerey","cat":"AM","email":"bonjour@lafermedamerey.fr","suspect":0}
,{"lat":48.139833,"lng":6.245522,"name":"le bœuf de la rue","web":"https://www.tourisme.vosges.fr/decouvrir/vente-de-produits-du-terroir/1297002469-ferme-le-boeuf-de-la-rue-harol","txt":"Viande bovine bio.\nBovins nés et élevés à la ferme à La Rue sous Harol.\nVente de steaks hachés surgelés.\nVente de morceaux de viande fraîche en  colis de 10 à 25 kg.","wiki":null,"tel":"0613760323","postCode":88270,"city":"Harol","addr":" 501 rue du Maquis","cat":"AV","email":"","suspect":0}
,{"lat":48.206642,"lng":6.157089,"name":"PATRICE CLAISSE","web":"","txt":"Sculpteur ornemaniste","wiki":null,"tel":"0329372378","postCode":88270,"city":"Begnécourt","addr":"3, route de Mirecourt, 88500 Begnecourt","cat":"OO","email":"patrice.claisse@orange.fr","suspect":0}
,{"lat":48.372113,"lng":5.710157,"name":"le jardin de la source","web":"https://fr-fr.facebook.com/lejardindelasource88/","txt":"Jardinier maraîcher en agriculture biologique, légumes et fruits de saison","wiki":null,"tel":"","postCode":88300,"city":"Neufchâteau","addr":" 1569, avenue de la division leclerc","cat":"AM","email":"Lejardindelasource88@gmail.com","suspect":0}
,{"lat":48.315588,"lng":5.585676,"name":"ATELIER SCULPTURE YVON HESSE","web":"","txt":"Sculpteur sur pierre","wiki":null,"tel":"0661829970","postCode":88350,"city":"Liffol-le-Grand","addr":"13 avenue de la Gare, ","cat":"OE","email":"atelier-art-hesse@wanadoo.fr","suspect":0}
,{"lat":48.321858,"lng":5.57762,"name":"HENRYOT & CIE","web":"","txt":"Menuisier en sièges","wiki":null,"tel":"0329066070","postCode":88350,"city":"Liffol-le-Grand","addr":"23, Rue du Gué, ","cat":"OO","email":"info@henryot-cie.fr","suspect":0}
,{"lat":48.315076,"lng":5.586197,"name":"HENRYOT ET POZZOLI","web":"","txt":" Menuisier en sièges","wiki":null,"tel":"0681226324","postCode":88350,"city":"Liffol-le-Grand","addr":"16, avenue de la Gare B.P. 29, 88350 LIFFOL-LE-GRAND","cat":"OO","email":"henryot.pozzoli@wanadoo.fr","suspect":0}
,{"lat":48.314752,"lng":5.58811,"name":"MEUBLES DUPONT-COLLIN","web":"http://www.meubles-dupont-collin.fr","txt":" Ebéniste","wiki":null,"tel":"0329066156","postCode":88350,"city":"Liffol-le-Grand","addr":"Chemin latéral, ","cat":"OO","email":"meubles-dupont-collin@wanadoo.fr","suspect":0}
,{"lat":48.330023,"lng":5.575653,"name":"SIÈGES DELAROUX","web":"","txt":"Restaurateur de meubles","wiki":null,"tel":"0329066027","postCode":88350,"city":"Liffol-le-Grand","addr":"ZA Route de Villouxel BP 15, 88350 Liffol le Grand","cat":"OO","email":"sieges-delaroux@wanadoo.fr","suspect":0}
,{"lat":47.965417,"lng":6.62869,"name":"la brasserie des buissons","web":"https://labrasseriedesbuissons.wordpress.com/","txt":"La microbrasserie des buissons vous propose des bières riches en goûts et notamment en houblons ; « je teste mes recettes depuis longtemps dans le but de conférer aux bières que je produis une saveur justement dosée entre les arômes et l’amertume ». « Matthias ». \nPossibilité de déguster, vente directe depuis la Brasserie","wiki":null,"tel":"0636823666","postCode":88360,"city":"Rupt-sur-Moselle","addr":" 1 rue des buissons","cat":"AB","email":"labrasseriedesbuissons@gmail.com","suspect":0}
,{"lat":48.126513,"lng":6.538209,"name":"ART DECO CERAM","web":"http://www.artdecoceram.com/","txt":"Peintre sur porcelaine","wiki":null,"tel":"0329640971","postCode":88380,"city":"Archettes","addr":"367, route de Mossoux, ","cat":"OD","email":"artdecoceram@gmail.com","suspect":0}
,{"lat":48.153918,"lng":6.314365,"name":"biovillemin","web":"http://biovillemin.fr/","txt":"Vente de viande de race limousine découpée et livrée en frais ou surgelée à votre domicile","wiki":null,"tel":"0329668714","postCode":88390,"city":"Girancourt","addr":" 174 Rue de Barbonfoing","cat":"AV","email":"sas.villemin@gmail.com","suspect":0}
,{"lat":48.148357,"lng":6.321836,"name":"earl coanet","web":"http://www.dupresalassiette.fr","txt":"Producteur de viande de boeuf et de veau bio en vente directe","wiki":null,"tel":"0329362592","postCode":88390,"city":"Girancourt","addr":" 2131 route de Xertigny","cat":"AV","email":"coanet.sylvain@orange.fr","suspect":0}
,{"lat":48.148024,"lng":6.341236,"name":"MEUBLES MAIRE OLIVIER","web":"http://meublesoliviermaire.com ","txt":"Restaurateur de meubles","wiki":null,"tel":"0329668357","postCode":88390,"city":"Girancourt","addr":"519, rue des étangs, 88390 GIRANCOURT","cat":"OO","email":"meublesmaireolivier@voila.fr","suspect":0}
,{"lat":48.178232,"lng":6.3869,"name":"A la Revoyotte","web":"www.alarevoyotte.com","txt":"Produits : Rayon bio, Fruits, Légumes, Poissons, Viandes, Traiteur et charcuterie, Volaille et lapin, Fromages, Oeufs et produits laitiers, Pain et patisseries, Miels et confitures, Huiles et vinaigres, Épicerie, Vins et alcools, Jus et sirops","wiki":null,"tel":"0960448997","postCode":88390,"city":"Les Forges","addr":"19 route de Mirecourt ","cat":"AG","email":"","suspect":0}
,{"lat":48.089987,"lng":6.889417,"name":"STG GARNIER THIEBAUT","web":"http://www.garnier-thieabut.fr","txt":"Ennoblisseur textile","wiki":null,"tel":"0329603030","postCode":88400,"city":"Gérardmer","addr":"11 boulevard de Granges  - BP 39, 88401 Gérardmer","cat":"HD","email":"contact@garnier-thiebaut.fr","suspect":0}
,{"lat":48.018741,"lng":5.939425,"name":"gaec de la charmine","web":"https://lacharmine.fr/","txt":"Producteur fromages fermier,chèvre,vache et brebis","wiki":null,"tel":"0686475064","postCode":88410,"city":"Monthureux-sur-Saône","addr":" 110 rue de la charrière ","cat":"AF","email":"johnnypetitcolin@gmail.com","suspect":0}
,{"lat":48.042914,"lng":6.038581,"name":"ATELIER L´OISEAU LIBRE","web":"http://www.mirjambijvank.com","txt":" Mosaïste","wiki":null,"tel":"0329070066","postCode":88410,"city":"Claudon","addr":"2 Chemin des Pins Droiteval, ","cat":"OE","email":"info@mirjambijvank.com","suspect":0}
,{"lat":48.184054,"lng":6.895307,"name":"ATELIER D'ARTS ","web":"http://www.daniel-koch.fr","txt":"Sertisseur","wiki":null,"tel":"0642497639","postCode":88430,"city":"Corcieux","addr":"11, champ d'Evraux, ","cat":"OB","email":"d.koch@calixo.net","suspect":0}
,{"lat":48.28487,"lng":6.36146,"name":"l oeuf a nathan","web":"http://l oeuf a nathan","txt":"bonjour \nje vends des œufs extra frais \n6 œufs:1.50 euros\n10 œufs :2.00 euros\n12 œufs:2.50euros","wiki":null,"tel":"0624312897","postCode":88440,"city":"Frizon","addr":" 41 rue de grands fontaine","cat":"AV","email":"nathan.bouton25@gmail.com","suspect":0}
,{"lat":48.346838,"lng":6.834245,"name":"gaec ferme de la valdange","web":"https://www.facebook.com/Ferme-de-la-Valdange-115531362402097/","txt":"Produits laitiers de chèvre \n- Fromage de chèvre frais nature et aromatisé \n- Tomme de chèvre \n- Fromage affiné \n- Yaourts de chèvre","wiki":null,"tel":"0649199244","postCode":88480,"city":"Saint-Remy","addr":" 260 rue du bas du village","cat":"AF","email":"fermedelavaldange@gmail.com","suspect":0}
,{"lat":48.360877,"lng":6.882463,"name":"mi ailes mi petales","web":"https://www.mi-ailes-mi-petales.fr/","txt":"VALERIE votre apicultrice à ETIVAL CLAIREFONTAINE dans les VOSGES, \nProduit et vend DU MIEL DE SAPIN DES VOSGES AOP, \nDU MIEL D'ACACIA,  CHÂTAIGNIER , FLEUR,  FORET,  MONTAGNE,  \nAinsi que du miel en rayon, du pollen frais et des produits dérivés de la ruche ( HYDROMEL,  SAVONS , CIRE).","wiki":null,"tel":"0614317846","postCode":88480,"city":"Étival-Clairefontaine","addr":" 20 voie du Himbeaumont","cat":"AA","email":"valerie.perrin@mi-ailes-mi-petales.fr","suspect":0}
,{"lat":48.300464,"lng":6.135756,"name":"ATELIER CATHERINE BAROIN","web":"","txt":"Luthier","wiki":null,"tel":"0675025238","postCode":88500,"city":"Mirecourt","addr":"5, rue Saint-Georges, ","cat":"OL","email":"cathy.baroin@free.fr","suspect":0}
,{"lat":48.300249,"lng":6.134212,"name":"COGNIER - TERRIER","web":"http://www.luthiers-mirecourt.com","txt":" Luthier","wiki":null,"tel":"0329373138","postCode":88500,"city":"Mirecourt","addr":"17, rue Chanzy, ","cat":"OL","email":"terrier.roland@wanadoo.fr","suspect":0}
,{"lat":48.298633,"lng":6.134047,"name":"JEAN-JACQUES PAGÈS","web":"http://www.pagesluthier.com","txt":" Luthier","wiki":null,"tel":"0607794289","postCode":88500,"city":"Mirecourt","addr":"70 rue Chanzy, 88500 MIRECOURT","cat":"OL","email":"pagesjj@free.fr","suspect":0}
,{"lat":48.305311,"lng":6.141405,"name":"Les Céramiques de Léa","web":"http://www.lesceramiquesdelea.com","txt":"Tourneur céramique","wiki":null,"tel":"0687611552","postCode":88500,"city":"Mirecourt","addr":"285 rue de Mazirot, ","cat":"OP","email":"contact@lesceramiquesdelea.com","suspect":0}
,{"lat":48.302772,"lng":6.134304,"name":"Verso Création","web":"","txt":" Costumier","wiki":null,"tel":"0787524890","postCode":88500,"city":"Mirecourt","addr":"55 rue du Général Leclerc, 88500 MIRECOURT","cat":"HT","email":"versocreation@gmail.com","suspect":0}
,{"lat":48.084884,"lng":6.719774,"name":"LE MERLE DU CAILLOU","web":"","txt":"Tourneur céramique","wiki":null,"tel":"0329618433","postCode":88530,"city":"Le Tholy","addr":"1, chemin du Faing Cresson, 88530 LE THOLY","cat":"OP","email":"fifan@orange.fr","suspect":0}
,{"lat":48.09071,"lng":6.72811,"name":"M.D CUIR","web":"","txt":"Sellier","wiki":null,"tel":"0329618713","postCode":88530,"city":"Le Tholy","addr":"30, chemin de l'Etang De Noirrupt, ","cat":"OT","email":"maud.dugelay@orange.fr","suspect":0}
,{"lat":48.21014,"lng":6.568172,"name":"GUY VUILLEMENOT","web":"","txt":" Céramiste","wiki":null,"tel":"0681808807","postCode":88600,"city":"Aydoilles","addr":"7, rue d'Epinal, ","cat":"OP","email":"guy.vuillemenot@orange.fr","suspect":0}
,{"lat":48.17514,"lng":6.686975,"name":"Vibrawell - Pré du Rein Percussion","web":"http://https://www.vibrawell.fr ;  www.predurein.com","txt":" Facteur et restaurateur de percussions","wiki":null,"tel":"0329368457","postCode":88600,"city":"Prey","addr":"8 Chemin de Stéaumont, 88600 PREY","cat":"OL","email":"mallets@vibrawell.fr","suspect":0}
,{"lat":48.42866,"lng":5.669217,"name":"EURL NEX","web":"http://www.fevesnex.fr","txt":" Santonnier","wiki":null,"tel":"0329069602","postCode":88630,"city":"Domrémy-la-Pucelle","addr":"8, Grande Rue, 88630 Domremy-la-Pucelle","cat":"OP","email":"info@fevesnex.fr","suspect":0}
]}