{"id":84,"producers":[
{"lat":43.929638,"lng":4.812487,"name":"PONTICELLO","web":"http://www.ponticello.art","txt":" Peintre en décor","wiki":null,"tel":"0672530430","postCode":84000,"city":"Avignon","addr":"16 AVENUE DE LA CABRIERE, 84000 AVIGNON","cat":"O","email":"ponticello@sfr.fr"}
,{"lat":43.944277,"lng":4.813579,"name":"ATELIER DU DECOR FEINT","web":"http://www.peintresdecorateurs.fr","txt":" Peintre en décor","wiki":null,"tel":"0622619082","postCode":84000,"city":"Avignon","addr":"18, rue de la Tarasque, ","cat":"O","email":"decorfeint@peintresdecorateurs.fr"}
,{"lat":43.950085,"lng":4.814194,"name":"ATELIER POINTELIN","web":"http://www.atelierpointelin.com","txt":"Restaurateur de meubles","wiki":null,"tel":"0490854768","postCode":84000,"city":"Avignon","addr":"7, rue Guillaume Puy, ","cat":"O","email":"atelier-pointelin@voila.fr"}
,{"lat":43.951391,"lng":4.804623,"name":"ATELIER RÉGIS BERMOND","web":"","txt":" Tapissier d'ameublement/tapissier décorateur","wiki":null,"tel":"0617965431","postCode":84000,"city":"Avignon","addr":"Grande Fusterie, ","cat":"O","email":"bermond.regis@9business.fr"}
,{"lat":43.944459,"lng":4.799374,"name":"L'ARBRE AUX FAUTEUILS","web":"","txt":" Tapissier d'ameublement/tapissier décorateur","wiki":null,"tel":"0687202299","postCode":84000,"city":"Avignon","addr":"22 bis, rue de la Velouterie, 84000 AVIGNON","cat":"O","email":"flower_riviere@yahoo.fr"}
,{"lat":43.932314,"lng":4.816901,"name":"L'ATELIER RELIURE RESTAURATION","web":"http://www.avignon-reliuregqn.fr","txt":"Restaurateur de reliures","wiki":null,"tel":"0612517706","postCode":84000,"city":"Avignon","addr":"12, rue Antoine Peyrol, 84000 AVIGNON","cat":"O","email":"gqn.ateliereliure@gmail.com"}
,{"lat":43.951302,"lng":4.828162,"name":"PHILIPPE GABRIEL ÉBÉNISTE","web":"","txt":"Vernisseur au tampon ","wiki":null,"tel":"0626925762","postCode":84000,"city":"Avignon","addr":"8, route de Morières, ","cat":"O","email":"contact@contact.Fr"}
,{"lat":44.238267,"lng":4.797887,"name":"bee by by apiculture","web":"https://beebyby.business.site","txt":"Amis gastronomes, vous êtes conviés à venir gouter nos miels du Massif d'Uchaux.\nMiels d'Abeilles sédentaires, extrait d'une manière artisanale dans notre miellerie des Farjons, commune d'UCHAUX (84100). \nEst-ce l’absence de transhumance qui évite de stresser les abeilles ou est-ce la qualité du biotope du Massif d’Uchaux ? Peut être les deux … Toujours est-il qu'une dégustation (Sans obligation d'achat) s'impose. Emotion gustative Garantie.","wiki":null,"tel":"0626938845","postCode":84100,"city":"Uchaux","addr":" 777, Route de Bollène ","cat":"AA","email":"beebyby@orange.fr"}
,{"lat":44.102495,"lng":4.808675,"name":"OUBRADOU","web":"","txt":" Tapissier d'ameublement/tapissier décorateur","wiki":null,"tel":"0678852579","postCode":84100,"city":"Orange","addr":"16 traverse de Clavin quartier le Grès, 84100 ORANGE","cat":"O","email":"oubradou@free.fr"}
,{"lat":44.241389,"lng":5.074738,"name":"AUX CLOUS DORÉS","web":"","txt":" Tapissier d'ameublement/tapissier décorateur","wiki":null,"tel":"0490363889","postCode":84110,"city":"Vaison-la-Romaine","addr":"27, rue Trogue Pompée, ","cat":"O","email":"contact@contact.fr"}
,{"lat":43.695249,"lng":5.502686,"name":"ATELIER LEZARDECLIC","web":"http://www.lezardeclic.fr","txt":"Mosaïste","wiki":null,"tel":"0664312388","postCode":84120,"city":"Pertuis","addr":"37, rue Galante, ","cat":"O","email":"contact@lezardeclic.fr"}
,{"lat":43.689792,"lng":5.497178,"name":"ATELIER PATRIMONIUM","web":"http://atelierpatrimonium.fr","txt":" Restaurateur de tableaux","wiki":null,"tel":"0650701378","postCode":84120,"city":"Pertuis","addr":"192 Chemin des moulins, ","cat":"O","email":"i.foriat@gmail.com"}
,{"lat":43.734446,"lng":5.37763,"name":"Atelier Second Jour","web":"http://https://ateliersecondjour.com","txt":" Peintre sur bois","wiki":null,"tel":"0673024955","postCode":84160,"city":"Cadenet","addr":"14D boulevard de la Liberté, ","cat":"O","email":"pascale@ateliersecondjour.com"}
,{"lat":43.762297,"lng":5.359321,"name":"Les Patines de Vaugines","web":"","txt":"Restaurateur de meubles","wiki":null,"tel":"0646473960","postCode":84160,"city":"Lourmarin","addr":"16 avenue Laurent Vibert, 84160 LOURMARIN","cat":"O","email":"contact@lespatines.fr"}
,{"lat":44.053295,"lng":4.979998,"name":"ludwig hauwelle safranier","web":"https://www.facebook.com/hauwelle.ppam","txt":"Safranier depuis 2009, mon exploitation est certifiée en Agriculture biologique depuis 2016. \nElle est située à Monteux dans le Vaucluse sur une superficie de 0.5ha, entourée des animaux de la maison et implantée sur une zone Natura 2000.","wiki":null,"tel":"0662190581","postCode":84170,"city":"Monteux","addr":" 2160 route de sarrians","cat":"AO","email":"ludwig.hauwelle@laposte.net"}
,{"lat":44.036753,"lng":4.993197,"name":"CHRISTIAN ARNOUX","web":"http://www.arnouxchristian.com","txt":" Ebéniste","wiki":null,"tel":"0613792535","postCode":84170,"city":"Monteux","addr":"6 rue du commandant Pellegrin, ","cat":"O","email":"christian.arnoux-ebeniste@laposte.net"}
,{"lat":44.119067,"lng":5.029514,"name":"domaine saint roch","web":"https://www.domaine-saintroch.fr/","txt":"Domaine viticole et oléicole, producteur notamment de Muscat de Beaumes de Venises, dans les 3 couleurs.","wiki":null,"tel":"0490658437","postCode":84190,"city":"Beaumes-de-Venise","addr":" 167 route d'Aubignan","cat":"AB","email":"contact@domaine-saintroch.fr"}
,{"lat":44.038297,"lng":5.068511,"name":"héliane & magali bertrand","web":"","txt":"Cultivatrices de raisins de table et abricots à Carpentras.","wiki":null,"tel":"0490600131","postCode":84200,"city":"Carpentras","addr":" La Villemiane 2483 route de Saint Didier","cat":"A","email":""}
,{"lat":44.051443,"lng":5.044474,"name":"Atelier So Creativ'","web":"http://www.so-creativ.fr","txt":" Peintre sur bois","wiki":null,"tel":"0688756792","postCode":84200,"city":"Carpentras","addr":"230, av Georges Clémenceau, 84200 CARPENTRAS","cat":"O","email":"s.rostaing@so-creativ.fr"}
,{"lat":44.05009,"lng":5.053156,"name":"AUJOURD'HIER","web":"http://www.aujourdhier.fr","txt":"Peintre en décor","wiki":null,"tel":"0679104195","postCode":84200,"city":"Carpentras","addr":"174, avenue Pierre de Coubertin, ","cat":"O","email":"aujourdhier@wanadoo.fr"}
,{"lat":44.005526,"lng":5.112134,"name":"nougats silvain","web":"http://www.nougats-silvain.fr","txt":"Nougatier, et spécialiste du fruit confit artisanal, produits notamment avec les amandes provençales de leurs propres vergers.","wiki":null,"tel":"0490660957","postCode":84210,"city":"Saint-Didier","addr":" 4 place neuve","cat":"A","email":""}
,{"lat":43.996769,"lng":5.14573,"name":"cerises2b & earl bezert","web":"https://cerises2b.fr","txt":"Cerises2B est une société de vente de fruits. Nous vendons des cerises et des raisins provenant de notre production à Venasque. Vous trouverez aussi de nombreux produit dérivée telle que des jus, de la confiture et bien plus.\nIl se peut que nous vendions parfois d'autres fruits de la région telle que des fraises, des pêches ou des melons.","wiki":null,"tel":"","postCode":84210,"city":"Venasque","addr":" 30 place de l'église ","cat":"AF","email":"contact@cerises2b.fr"}
,{"lat":43.987667,"lng":5.183851,"name":"catherine taillefer","web":"","txt":"Productrice de confitures et huiles d'olives à Venasque.","wiki":null,"tel":"0607411475","postCode":84210,"city":"Venasque","addr":" Chemin de Chinardon - Tour de Pinet","cat":"A","email":""}
,{"lat":43.992158,"lng":4.958966,"name":"EURL MARTINELLI","web":"","txt":" Ferronnier","wiki":null,"tel":"0621632845","postCode":84210,"city":"Althen-des-Paluds","addr":"807 avenue des valayans, 84210 Althen des Paluds","cat":"O","email":"ferronnerie.martinelli@gmail.com"}
,{"lat":43.998895,"lng":5.059871,"name":"Marqueterie Corentin Tavernier","web":"http://www.marqueterie-tavernier.com/","txt":" Marqueteur","wiki":null,"tel":"0630526231","postCode":84210,"city":"Pernes-les-Fontaines","addr":"3 rue Raspail, 84210 Pernes Les Fontaines","cat":"O","email":"corentintav@gmail.com"}
,{"lat":44.022145,"lng":5.107041,"name":"SAS ORGUES PASCAL QUOIRIN","web":"http://www.atelier-quoirin.com","txt":" Facteur et restaurateur d'orgues","wiki":null,"tel":"0607861473","postCode":84210,"city":"Saint-Didier","addr":"116, rue des Artisans, ","cat":"O","email":"pascalquoirin@free.fr"}
,{"lat":44.022594,"lng":5.049756,"name":"VINCENT LIEVORE","web":"","txt":" Sculpteur statuaire","wiki":null,"tel":"0673533546","postCode":84210,"city":"Pernes-les-Fontaines","addr":"138, allée de Provence, 84210 Pernes","cat":"O","email":"v.lievore@free.fr"}
,{"lat":43.864623,"lng":5.290829,"name":"le panier d’émilie","web":"https://www.lepanierdemilie.com/","txt":"Basé en Roussillon au cœur du Luberon en Provence, Le panier d’Emilie est certifié Fel Partenariat. Sur votre table, au quotidien, Le panier d'Emilie vous propose le meilleur de nos terroir. Nous proposons un service de drive et de livraison dans le Vaucluse. \n\nLe Panier d’Emilie est un des pionniers de l’économie locale, circuit court et circulaire en Luberon (depuis 2006), s’impliquant dans une démarche citoyenne éco-responsable, soucieuse de préserver et valoriser les ressources naturelles. \n\nChaque année, pour Vous, Le Panier d’Emilie entraîne de nouveaux agriculteurs dans cette politique éthique & solidaire : produire au quotidien des ingrédients aux qualités organoleptiques avérées, vierge de toute pollution:","wiki":null,"tel":"0490710898","postCode":84220,"city":"Roussillon","addr":" Zac du Pied Rousset","cat":"AV","email":"lepanierdemilie@orange.fr"}
,{"lat":43.872214,"lng":5.195136,"name":"miel les demoiselles","web":"","txt":"Producteurs de divers miels, notamment de lavandes et de chataingiers","wiki":null,"tel":"0490722415","postCode":84220,"city":"Gordes","addr":" HAMEAU LES MARTINS","cat":"AA","email":""}
,{"lat":43.860444,"lng":5.240426,"name":"EDITH MÉZARD","web":"","txt":" Brodeur","wiki":null,"tel":"0490723641","postCode":84220,"city":"Goult","addr":"Château de l'Ange, 84220 Lumières-Goult","cat":"O","email":"edithmezard@wanadoo.fr"}
,{"lat":43.862935,"lng":5.258023,"name":"YVES PHILIPPE","web":"","txt":"Sculpteur sur pierre","wiki":null,"tel":"0490723326","postCode":84220,"city":"Goult","addr":"Quartier Marican, ","cat":"O","email":"cadran.solaire.ph@orange.fr"}
,{"lat":43.746834,"lng":5.56091,"name":"le diamant noir","web":"https://www.facebook.com/Truffe-Le-diamant-noir-177744665907506/","txt":"Trufficulture et œufs plein air ; restaurant à la ferme, avec des produits maisons","wiki":null,"tel":"0618587888","postCode":84240,"city":"La Tour-d'Aigues","addr":" lieu dit la pourpette, Chemin de la lachaude","cat":"AVG","email":""}
,{"lat":43.745944,"lng":5.550494,"name":"GILLES PEREAU - LEROY","web":"http://www.ebenisteriedupaysdaigues.fr/","txt":"Restaurateur de meubles","wiki":null,"tel":"0490073971","postCode":84240,"city":"La Tour-d'Aigues","addr":"Quartier le Parc Route de Saint Martin de la Brasque, 84240 La Tour d'Aigues","cat":"O","email":"gilles.pereau-leroy@laposte.net"}
,{"lat":43.725146,"lng":5.547922,"name":"TESSITURES EN LUBERON","web":"http://www.tessitures.com","txt":"Tisserand","wiki":null,"tel":"0621622447","postCode":84240,"city":"La Tour-d'Aigues","addr":"81, rue Antoine de Tres, 84240 La Tour d'Aigues","cat":"O","email":"tessitures@tessitures.com"}
,{"lat":43.923096,"lng":5.018939,"name":"SOLAG","web":"http://www.solag-sols.com","txt":"Marbrier","wiki":null,"tel":"0490221831","postCode":84250,"city":"Le Thor","addr":"78 avenue de la Cigalière ZA La Cigalière, 84250 LE THOR","cat":"O","email":"contact@solag-sols.com"}
,{"lat":44.077036,"lng":4.951034,"name":"le jardin de masset","web":"","txt":"Le jardin de Masset est un producteur de plantes aromatiques et médicinales en bio, nous produisons plus d'une centaine de variétés en pot.","wiki":null,"tel":"0616776624","postCode":84260,"city":"Sarrians","addr":" Chemin de la Tasque","cat":"P","email":"lejardindemasset@gmail.com"}
,{"lat":44.080129,"lng":4.972691,"name":"ATELIER FERAUD","web":"http://www.atelierferaud.com","txt":" Ferronnier","wiki":null,"tel":"0490654137","postCode":84260,"city":"Sarrians","addr":"303 boulevard Marius Bastidon, ","cat":"O","email":"contact@atelierferaud.com"}
,{"lat":44.084363,"lng":4.970241,"name":"LE FLEURON DU CUIR","web":"http://www.fleuron-du-cuir.com","txt":"Gainier","wiki":null,"tel":"0490653447","postCode":84260,"city":"Sarrians","addr":"73, boulevard Albin Durand, ","cat":"O","email":"contact@fleuron-du-cuir.com"}
,{"lat":43.871443,"lng":5.003579,"name":"sarnette","web":"","txt":"Sarnette cultive des fruits et confectionne du jus de pommes.","wiki":null,"tel":"0490780813","postCode":84300,"city":"Cavaillon","addr":" 1100 Chemin du Grand Roulet Les Vignères ","cat":"AF","email":""}
,{"lat":43.829602,"lng":5.071309,"name":"MIROITERIE CAVAILLONNAISE","web":"","txt":"Miroitier d'art","wiki":null,"tel":"0490783331","postCode":84300,"city":"Cavaillon","addr":"BP 204 ZI Puits des Gavottes, 84306 CAVAILLON","cat":"O","email":"mircav@wanadoo.fr"}
,{"lat":43.930732,"lng":4.906849,"name":"ATELIER DU SAGITTAIRE","web":"","txt":"Vernisseur finisseur","wiki":null,"tel":"0622083353","postCode":84310,"city":"Morières-lès-Avignon","addr":"55, rue Louis Braille Z.A. des Mouttes Basses, 84310 Morères-les-Avignon","cat":"O","email":"michel.vincent24@wanadoo.fr"}
,{"lat":43.991455,"lng":4.941988,"name":"ATELIER ET MUSÉE D'HORLOGERIE","web":"http://www.horlogerie-ancienne.com","txt":"Restaurateurs de montres de collection","wiki":null,"tel":"0490829911","postCode":84320,"city":"Entraigues-sur-la-Sorgue","addr":"Avenue de Valobre, 84320 Entraigues sur la Sorgue","cat":"O","email":"atelier@horlogerie-ancienne.com"}
,{"lat":44.119327,"lng":5.108937,"name":"Marion Bosc","web":"http://www.bosc-restauration-peinture.com","txt":" Restaurateur de tableaux","wiki":null,"tel":"0652471072","postCode":84330,"city":"Caromb","addr":"71 Chemin de Saint Etienne, ","cat":"O","email":"marionbosc@hotmail.com"}
,{"lat":44.17401,"lng":5.131363,"name":"LA PEINTURLURETTE","web":"http://virginiepeyre.com","txt":"Peintre décorateur sur tissu","wiki":null,"tel":"0490622832","postCode":84340,"city":"Malaucène","addr":"27, Grand Rue, ","cat":"O","email":"virginiepeyre@aol.com"}
,{"lat":44.033557,"lng":5.12072,"name":"ATELIER PATRICK ZAMBELLI","web":"http://platreriezambelli.com","txt":"Staffeur-stucateur","wiki":null,"tel":"0611855627","postCode":84380,"city":"Mazan","addr":"2440 route de Pernes, ","cat":"O","email":"platrerie.zambelli@wanadoo.fr"}
,{"lat":44.032136,"lng":5.457292,"name":"terre des lavandes","web":"","txt":"Terre des Lavandes propose de la farine, huile essentielle de lavande et hydrolat de lavande.","wiki":null,"tel":"0490640143","postCode":84390,"city":"Sault","addr":" Hameau de Brouville","cat":"ACP","email":""}
,{"lat":44.188382,"lng":5.326196,"name":"ATELIER DE FAÏENCE","web":"http://www.faience-brantes.com","txt":"Tourneur céramique","wiki":null,"tel":"0475280337","postCode":84390,"city":"Brantes","addr":"Les Greniers du Château, ","cat":"O","email":"gilleswieman@orange.fr"}
,{"lat":44.192669,"lng":5.333228,"name":"SANTONS VERONIQUE DORNIER","web":"","txt":" Santonnier","wiki":null,"tel":"0475280166","postCode":84390,"city":"Brantes","addr":"Le Village, ","cat":"O","email":"veroniquedornier@orange.fr"}
,{"lat":43.876891,"lng":5.394225,"name":"confiserie le coulon","web":"","txt":"point de vente des fruits confits artisanaux de la famille CECCON. Famille de confisseurs et chocolatiers.","wiki":null,"tel":"0490742190","postCode":84400,"city":"Apt","addr":" 24 quai de la Liberté ","cat":"AF","email":""}
,{"lat":43.905538,"lng":5.37473,"name":"le potager de celeste","web":"https://www.facebook.com/Le-potager-de-celeste-1430601457244513/?pnref=lhc","txt":"producteur fruits & légumes en lutte raisonnée \nvente directe au stand en saison","wiki":null,"tel":"0613513425","postCode":84400,"city":"Gargas","addr":" 346 chemin beyssan 84400 gargas","cat":"AM","email":"phenix84@orange.fr"}
,{"lat":43.885274,"lng":5.342465,"name":"ART ET RÉNOVATION","web":"http://www.stephane-roucheton.com","txt":"Tailleur de pierre","wiki":null,"tel":"0620667194","postCode":84400,"city":"Gargas","addr":"28 chemin du puisatier, 84400 GARGAS","cat":"O","email":"stephane.roucheton@wanadoo.fr"}
,{"lat":43.87347,"lng":5.399776,"name":"ATELIER GEPETTO","web":"http://www.ateliergepetto.fr","txt":" Canneur-rempailleur","wiki":null,"tel":"0698157922","postCode":84400,"city":"Apt","addr":"158, boulevard ELZEAR PIN, 84400 APT","cat":"O","email":"ateliergepetto@orange.fr"}
,{"lat":43.877492,"lng":5.398165,"name":"Aurélie LEGRAND","web":"http://www.aurelielegrand.com","txt":" Tapissier d'ameublement/tapissier décorateur","wiki":null,"tel":"0675700776","postCode":84400,"city":"Apt","addr":"179 quai du Midi, ","cat":"O","email":"contact@aurelielegrand.com"}
,{"lat":43.876185,"lng":5.396213,"name":"Faiencerie d'Apt","web":"http://www.faience-apt.fr/","txt":" Potier de terre cuite","wiki":null,"tel":"0662480087","postCode":84400,"city":"Apt","addr":"20 Rue Eugène Brunel, ","cat":"O","email":"faienceapt@sfr.fr"}
,{"lat":43.901941,"lng":5.353441,"name":"MATHIEU LUSTRERIE","web":"http://www.mathieulustrerie.com","txt":" Fabricant et restaurateur de lustres et luminaires","wiki":null,"tel":"0490749240","postCode":84400,"city":"Gargas","addr":"Hameau des Sauvans, ","cat":"O","email":"france@mathieulustrerie.com"}
,{"lat":43.901549,"lng":5.357828,"name":"PATRICK JOHANNET","web":"","txt":" Canneur-rempailleur","wiki":null,"tel":"0602328727","postCode":84400,"city":"Gargas","addr":"Avenue des Cordiers Le Château, ","cat":"O","email":"johannet.patrick@free.fr"}
,{"lat":43.845125,"lng":5.112413,"name":"maä bijoux","web":"http://www.maabijoux.com","txt":"Ciseleur","wiki":null,"tel":"0630948323","postCode":84440,"city":"Robion","addr":"69 rue Joseph Faraud, ","cat":"O","email":"marielle.debethune@gmail.com"}
,{"lat":43.929672,"lng":4.953267,"name":"ATELIER DE LA CONTRECOURBE","web":"http://www.contrecourbe.fr","txt":"Sculpteur sur bois","wiki":null,"tel":"0616251206","postCode":84470,"city":"Châteauneuf-de-Gadagne","addr":"459 route de la gare, ","cat":"O","email":"info@contrecourbe.fr"}
,{"lat":44.280606,"lng":4.763699,"name":"DIDIMATUS","web":"http://www.didimatus.com","txt":" Céramiste","wiki":null,"tel":"0615074671","postCode":84500,"city":"Bollène","addr":"683 Chemin des jardins, ","cat":"O","email":"didimatus@free.fr"}
,{"lat":43.897775,"lng":4.917605,"name":"les  escargots  de  valerie","web":"","txt":"productrice  d escargots   gros  gris   petits gris , vifs  , bocaux  surgelés  .\n\nproduction sur  caumont sur  durance","wiki":null,"tel":"0666517154","postCode":84510,"city":"Caumont-sur-Durance","addr":" chemin de reveillac","cat":"AO","email":"valourite@hotmail.fr"}
,{"lat":44.008952,"lng":5.216883,"name":"la manouche","web":"https://lamanouche.fr","txt":"Des conserves artisanales à base de fruits et légumes locaux, de saison ou cultivés dans notre potager bio quand c'est possible.","wiki":null,"tel":"0631332646","postCode":84570,"city":"Méthamis","addr":" 901 chemin de Lombarde","cat":"AM","email":"la.manouche@outlook.fr"}
,{"lat":44.058788,"lng":5.233396,"name":"PHILIPPE BOLTON","web":"http://perso.club-internet.fr/schuetz","txt":" Facteur et restaurateur d'instruments à vent en bois","wiki":null,"tel":"0490618611","postCode":84570,"city":"Villes-sur-Auzon","addr":"Le Grand Portail, ","cat":"O","email":"philippe.bolton@flute-a-bec.com"}
,{"lat":43.867167,"lng":5.144316,"name":"AUX GRÈS DU QUAI","web":"http://pardigon.catherine.free.fr","txt":" Potier de grès","wiki":null,"tel":"0687592806","postCode":84660,"city":"Maubec","addr":"58, quai des Entreprises, 84660 Coustellet","cat":"O","email":"catherinepardigon@hotmail.fr"}
,{"lat":43.846626,"lng":5.140088,"name":"Mazzini Maçon Murailler","web":"http://Facebook Mazzini Macon Murailler","txt":" Maçon","wiki":null,"tel":"0638916619","postCode":84660,"city":"Maubec","addr":"159a rue Haute, ","cat":"O","email":"dhocora@gmail.com"}
,{"lat":44.015078,"lng":4.866219,"name":"ATELIER DES CASTORS","web":"http://www.mouvart.com     ","txt":" Tourneur sur bois","wiki":null,"tel":"0667966178","postCode":84700,"city":"Sorgues","addr":"48, impasse du clos de Sainte-Catherine Route de l'Ile de l'Oiselet, ","cat":"O","email":"alain.carpentras@wanadoo.fr"}
,{"lat":43.889282,"lng":5.555446,"name":"brasserie viensoise","web":"https://brasserieviensoise.com","txt":"La Brasserie Viensoise vous propose la Bière Bl(u)p, bière de L'est (du Vaucluse). C'est 6 bières différentes réalisées avec du Malt Bio et Français.","wiki":null,"tel":"0662748653","postCode":84750,"city":"Viens","addr":" Chemin des Faysses","cat":"AB","email":"contact@brasserieviensoise.com"}
,{"lat":43.875472,"lng":5.479682,"name":"domaine allois","web":"http://www.domaine-allois.com/fr/","txt":"Domaine viticole, en appellation Ventoux et Luberon","wiki":null,"tel":"0490744116","postCode":84750,"city":"Caseneuve","addr":" Hameau du Boisset","cat":"AB","email":"domaineallois@hotmail.fr"}
,{"lat":43.920624,"lng":5.025035,"name":"ATELIER ALAIN EDOUARD BIDAL","web":"http://www.sculptures-bidal.com","txt":" Tailleur de pierre","wiki":null,"tel":"0632685511","postCode":84800,"city":"L'Isle-sur-la-Sorgue","addr":"2420, Route du Thor RN100, 84800 Isle-sur-la-Sorgue","cat":"O","email":"infos@sculptures-bidal.com"}
,{"lat":43.91786,"lng":5.051337,"name":"ATELIER MICHÈLE ROUSSEAU","web":"","txt":"Sculpteur statuaire","wiki":null,"tel":"0490208053","postCode":84800,"city":"L'Isle-sur-la-Sorgue","addr":"15, quai Rouget de l'Isle, 84800 Isle-sur-la-Sorgue","cat":"O","email":"m.rousseau08@laposte.net"}
,{"lat":43.916317,"lng":5.040896,"name":"Christophe Tournier","web":"","txt":" Ferronnier","wiki":null,"tel":"0681355400","postCode":84800,"city":"L'Isle-sur-la-Sorgue","addr":"N°8 avenue de la Barthalière, 84800 L'ISLE-SUR-LA-SORGUE","cat":"O","email":"christophetournier250@gmail.com"}
,{"lat":43.934912,"lng":5.06899,"name":"Muradlib","web":"http://muradlib.com","txt":" Peintre en décor","wiki":null,"tel":"0789319019","postCode":84800,"city":"L'Isle-sur-la-Sorgue","addr":"70 chemin de Soussoumier, ","cat":"O","email":"adlibmail@orange.fr"}
]}