{"id":79,"producers":[
{"lat":46.330079,"lng":-0.41017,"name":"PIERRES","web":"","txt":" Tailleur de pierre","wiki":null,"tel":"0549247176","postCode":79000,"city":"Niort","addr":"32 rue Jean-François Cail, 79000 NIORT","cat":"OZ","email":"breard.dominique@orange.fr","suspect":0}
,{"lat":46.337405,"lng":-0.39723,"name":"Plaisirs Fermiers","web":"www.plaisirsfermiers-niort.fr","txt":"Produits : Rayon bio, Fruits, Légumes, Poissons, Traiteur et charcuterie, Volaille et lapin, Fromages, Oeufs et produits laitiers, Pain et patisseries, Miels et confitures, Huiles et vinaigres, Épicerie, Vins et alcools, Jus et sirops","wiki":null,"tel":"33549767622","postCode":79000,"city":"Niort","addr":"Rue Jacques Vaucansson ","cat":"AG","email":"","suspect":0}
,{"lat":46.958424,"lng":-0.21624,"name":"MEUBLES DES FOURS","web":"http://meubles-des-fours.fr","txt":"Sculpteur sur bois","wiki":null,"tel":"0676841561","postCode":79100,"city":"Saint-Jean-de-Thouars","addr":"46, route de Bressuire, 79100 SAINT JEAN DE THOUARS","cat":"OO","email":"meubles.desfours@orange.fr","suspect":0}
,{"lat":46.978278,"lng":-0.265801,"name":"Pot’é Bio","web":"www.facebook.com/pages/Poté-bio/261028197387083","txt":"Produits : Rayon bio","wiki":null,"tel":"0967119196","postCode":79100,"city":"Thouars","addr":"73 route de Thouars 79100 Sainte-Radegonde","cat":"AG","email":"","suspect":0}
,{"lat":46.151389,"lng":-0.120096,"name":"SAULS'TISSE","web":"http://www.saulstisse.com","txt":"Vannier","wiki":null,"tel":"0698661996","postCode":79110,"city":"Chef-Boutonne","addr":"22 bis rue de l'église, 79110 CHEF BOUTONNE","cat":"OO","email":"saulstisse@gmail.com","suspect":0}
,{"lat":46.263929,"lng":-0.046421,"name":"Marie Fillon","web":"","txt":" Fabricant et restaurateur d'abat-jour","wiki":null,"tel":"0681128695","postCode":79120,"city":"Lezay","addr":"Lieu dit Tabuteau, ","cat":"OE","email":"contact@mariefillon.com","suspect":0}
,{"lat":46.077622,"lng":-0.195297,"name":"spiruline val de ré","web":"https://spirulinevaldere.fr","txt":"Ferme d'aquaculture paysanne qui cultive de la Spiruline sans pesticides, ni fongicides, ni insecticides. Spiruline séchée à basse température pour préserver les qualités de l'aliment cru et vendue en brindilles sans additif ni conservateur.\nUn sachet de 100g de spiruline en brindilles correspond à une consommation d'environ un mois à raison d'une cuillère à café de spiruline chaque matin.","wiki":null,"tel":"0688782123","postCode":79170,"city":"Paizay-le-Chapt","addr":" 2 rue des Lilas Ré ","cat":"AO","email":"spirulinevaldere@gmail.com","suspect":0}
,{"lat":46.338719,"lng":-0.387782,"name":"LAURIGE-DURON","web":"","txt":"Maroquinier","wiki":null,"tel":"0608072076","postCode":79180,"city":"Chauray","addr":"87 BOULEVARD AMPERE, 79180 CHAURAY","cat":"OT","email":"laurige@interpc.fr","suspect":0}
,{"lat":46.65061,"lng":-0.249956,"name":"HF. Sculpture","web":"","txt":"Sculpteur sur bois","wiki":null,"tel":"0688738343","postCode":79200,"city":"Parthenay","addr":"59, rue de la Vau Saint Jacques, ","cat":"OO","email":"helene.from@yahoo.fr","suspect":0}
,{"lat":46.196133,"lng":-0.666226,"name":"Nina B Art du mobilier","web":"http://www.ninabartdumobilier;fr","txt":" Peintre sur bois","wiki":null,"tel":"0684648862","postCode":79210,"city":"Mauzé-sur-le-Mignon","addr":"8 grand'rue, 79210 Mauzé sur le mignon","cat":"OO","email":"sabrina.brulay@hotmail.fr","suspect":0}
,{"lat":46.175817,"lng":-0.581889,"name":"SOMEBAT","web":"http://www.somebat79.com","txt":" Tailleur de pierre","wiki":null,"tel":"0549048512","postCode":79210,"city":"Val-du-Mignon","addr":"6, rue des compagnons, 79210 USSEAU","cat":"OZ","email":"contact@somebat79.com","suspect":0}
,{"lat":46.183458,"lng":-0.601437,"name":"THIERRY BAUDRY","web":"http://www.webartsite.com/baudry","txt":"Verrier à la main","wiki":null,"tel":"0251871232","postCode":79210,"city":"Val-du-Mignon","addr":"12 rue de la Courtine - Obreuse, 79210 USSEAU","cat":"OR","email":"thierry.baudry.glass@wanadoo.fr","suspect":0}
,{"lat":46.484911,"lng":-0.404972,"name":"ATELIER DE PHOTOGRAPHIES","web":"","txt":" Photographe illustrateur","wiki":null,"tel":"0549258425","postCode":79220,"city":"Champdeniers","addr":"8, place du plat d'étain, 79220 CHAMPDENIERS","cat":"OD","email":"photo.morin@cegete.net","suspect":0}
,{"lat":46.483532,"lng":-0.405921,"name":"PERLE DE TERRE","web":"http://www.perledeterre.com","txt":"Céramiste","wiki":null,"tel":"0651214017","postCode":79220,"city":"Champdeniers","addr":"51 grand' rue, 79220 CHAMPDENIERS-SAINT-DENIS","cat":"OP","email":"nelly.hay@free.fr","suspect":0}
,{"lat":46.633108,"lng":-0.555627,"name":"la pastourelle","web":"","txt":"Production et vente de lait de vache et lait de chèvre, œufs, viande de poule et viande bovine.","wiki":null,"tel":"0549958853","postCode":79240,"city":"Vernoux-en-Gâtine","addr":" La Martinière ","cat":"AV","email":"lapastourelle@laposte.net","suspect":0}
,{"lat":46.945292,"lng":-0.542132,"name":"laboratoire body nature","web":"http://www.body.nature.fr","txt":"Le Laboratoire Body Nature fabrique et distribue une gamme complète de produits d’entretien, de cosmétiques et de bien-être sains et sécurisants pour l’homme et l’environnement.","wiki":null,"tel":"0549656617","postCode":79250,"city":"Nueil-les-Aubiers","addr":" 100 route de Saint-Clémentin ","cat":"A","email":"","suspect":1}
,{"lat":46.357563,"lng":-0.305185,"name":"la spiruline des deux-sèvres","web":"http://www.spiruline2sevres.fr","txt":"Productrice de spiruline 100% produite, récoltée, conditionnée en France.\n(micro-algue source de protéines, fer,vitamines, anti-oxydants, 100% végétale)","wiki":null,"tel":"0687677019","postCode":79260,"city":"La Crèche","addr":" 21, avenue de Paris","cat":"AO","email":"spiruline2sevres@hotmail.com","suspect":0}
,{"lat":46.253611,"lng":-0.539173,"name":"COURTOT OLIVIER","web":"http://www.ocourtot.fr","txt":"Sculpteur sur métal","wiki":null,"tel":"0608499843","postCode":79270,"city":"Frontenay-Rohan-Rohan","addr":"1, rue du champ de foire, 79270 Frontenay Rohan-Rohan","cat":"OE","email":"o.courtot@wanadoo.fr","suspect":0}
,{"lat":46.260583,"lng":-0.52506,"name":"La Forge de Rohane","web":"http://www.laforgederohane.fr","txt":" Ferronnier","wiki":null,"tel":"0540045143","postCode":79270,"city":"Frontenay-Rohan-Rohan","addr":"ZI La Clielle 1rue du cottereau, ","cat":"OF","email":"laforgederohane@orange.fr","suspect":0}
,{"lat":46.834097,"lng":-0.477926,"name":"Ame Jumelle","web":"http://www.amejumelle.fr","txt":" Maroquinier","wiki":null,"tel":"0603981014","postCode":79300,"city":"Bressuire","addr":"36 allée de la Croix, ","cat":"OT","email":"corinne@amejumelle.fr","suspect":0}
,{"lat":46.84145,"lng":-0.490248,"name":"CADRES DE L'ATELIER","web":"http://www.cadres-de-l-atelier-bressuire.fr","txt":" Encadreur","wiki":null,"tel":"0628347191","postCode":79300,"city":"Bressuire","addr":"24 rue Jean jaurès, ","cat":"OO","email":"cadresdelatelier@gmail.com","suspect":0}
,{"lat":46.602994,"lng":-0.318057,"name":"les vergers de pirouette","web":"https://www.levergerdepirouette.fr/","txt":"Sur cette exploitation, sont cultivées en grande majorité des pommes dont certaines variétés sont particulièrement anciennes et oubliées de bon nombre de consommateurs. On peut par exemple citer la Reine des Reinettes, la Patte de Loup et la Reinette Clochard. Outre les pommes, le verger produit aussi des prunes, coings, pêches, abricots, cerises, kiwi, petits-fruits (fraises, framboises et mûres) et jus de fruits.","wiki":null,"tel":"0549634627","postCode":79310,"city":"Saint-Pardoux-Soutiers","addr":" La Grande Berthonnière 79310 Saint-Pardoux ","cat":"AF","email":"benoit.piron@wanadoo.fr","suspect":0}
,{"lat":46.655043,"lng":-0.075224,"name":"L’Escale Fermière","web":"","txt":"","wiki":null,"tel":"0634060709","postCode":79390,"city":"La Ferrière-en-Parthenay","addr":"1 Rue de la Mairie ","cat":"AG","email":"","suspect":0}
,{"lat":46.588684,"lng":-0.12032,"name":"SOPHIE LAFEUILLADE","web":"http://peintreendecors.canalblog.com","txt":" Peintre en décor","wiki":null,"tel":"0549635438","postCode":79420,"city":"Saint-Martin-du-Fouilloux","addr":"39, rue Jacques Dufouilloux, 79420 Saint-Martin du Fouilloux","cat":"OE","email":"lafeuso@aliceadsl.fr","suspect":0}
,{"lat":46.174159,"lng":-0.132762,"name":"ATELIER EMBLEMA","web":"http://www.christian-sicault.com","txt":" Mosaïste","wiki":null,"tel":"0549272043","postCode":79500,"city":"Marcillé","addr":"6, rue de la mosaïque, 79500 St Genard","cat":"OE","email":"christian.sicault@nordnet.fr","suspect":0}
,{"lat":46.935671,"lng":-0.697126,"name":"la fermebio la connouere","web":"","txt":"Vente de volailles (poulet pintades) , oeufs et colis de viande bovine en agriculture biologique  élevèes et nourries avec les céreales de notre ferme","wiki":null,"tel":"0659753332","postCode":79700,"city":"Mauléon","addr":" 42 la connouere saint aubin de baubigne","cat":"AV","email":"chroy79@gmail.com","suspect":0}
,{"lat":46.874647,"lng":-0.797924,"name":"entrp jeanot","web":"","txt":"Miel et dérivés Colza, Tournesol ,Crémeux ,Eté, Fleurs pot 250gr ou 500gr","wiki":null,"tel":"0549816958","postCode":79700,"city":"Saint-Amand-sur-Sèvre","addr":" 12 rue des roses","cat":"AA","email":"braco79@laposte.net","suspect":0}
,{"lat":46.359238,"lng":-0.112144,"name":"fressi'mouss","web":"http://www.fressimouss.com","txt":"Savonnerie à Froid depuis 2014 - Des savons bio tout doux fabriqués sur place","wiki":null,"tel":"0953253105","postCode":79800,"city":"La Mothe-Saint-Héray","addr":" 27, Rue du maréchal Joffre ","cat":"P","email":"fressimouss@yahoo.fr","suspect":0}
]}