{"id":14,"producers":[
{"lat":49.171972,"lng":-0.397412,"name":"ALEXANDRE FRANCKEN PIANOS","web":"http://pagesperso-orange.fr/pianos-francken/","txt":"Facteur et restaurateur de pianos","wiki":null,"tel":"0231750844","postCode":14000,"city":"Caen","addr":"104, avenue Henry Chéron, ","cat":"O","email":"pianos-francken@wanadoo.fr"}
,{"lat":49.174229,"lng":-0.349453,"name":"arthur fremont violins","web":"","txt":" Luthier","wiki":null,"tel":"0761218858","postCode":14000,"city":"Caen","addr":"7 rue Pere Robert, ","cat":"O","email":"arthurfremont@hotmail.com"}
,{"lat":49.18478,"lng":-0.357752,"name":"ATELIER SYLVIE COMBY","web":"http://www.ateliersylviecomby.fr","txt":" Encadreur","wiki":null,"tel":"0623087310","postCode":14000,"city":"Caen","addr":"21, rue Basse, 14000 CAEN","cat":"O","email":"scomby@tiscali.fr"}
,{"lat":49.194038,"lng":-0.384251,"name":"FRANK COHIER TAPISSIER DECORATEUR","web":"http://tapissier-decorateur.fr","txt":" Tapissier d'ameublement/tapissier décorateur","wiki":null,"tel":"0787755658","postCode":14000,"city":"Caen","addr":"90 rue Eugène Boudin, 14000 CAEN","cat":"O","email":"frankcohier@orange.fr"}
,{"lat":49.190753,"lng":-0.368727,"name":"GONZALEZ DE LINARES","web":"","txt":"Restaurateur de reliures","wiki":null,"tel":"0231382921","postCode":14000,"city":"Caen","addr":"Malfilâtre 7, ","cat":"O","email":"gabrielle.g.delinare@free.fr"}
,{"lat":49.179982,"lng":-0.358829,"name":"Isabelle Weislo","web":"http://https://www.isabelle-weislo.com/","txt":"Bijoutier fantaisie","wiki":null,"tel":"0663413690","postCode":14000,"city":"Caen","addr":"16 rue Jean Romain, ","cat":"O","email":"contact@isabelle-weislo.com"}
,{"lat":49.175254,"lng":-0.357096,"name":"MARIE LASSALLE-ASTIS LEDEBT","web":"http://www.mlabroderie.com","txt":" Brodeur","wiki":null,"tel":"0687286841","postCode":14000,"city":"Caen","addr":"6, rue de la Chaussée Ferrée, ","cat":"O","email":"mllabroderie@yahoo.fr"}
,{"lat":49.183224,"lng":-0.357341,"name":"VERHAQUE FOURREUR","web":"http://www.achat-caen.com/verhaque-fourreur","txt":"Ennoblisseur textile","wiki":null,"tel":"0231862058","postCode":14000,"city":"Caen","addr":"11, rue de Bernières, ","cat":"O","email":""}
,{"lat":49.147795,"lng":0.220515,"name":"ATELIER EMMAELLE","web":"http://www.ateler-emmaelle.fr","txt":"Fabricant d'objets décoratifs en tissus (patchworks, tissus appliqués, coussins, drapeaux.)","wiki":null,"tel":"0689286535","postCode":14100,"city":"Lisieux","addr":"51 rue Saint Dominique, ","cat":"O","email":"atelier.emmaelle@yahoo.fr"}
,{"lat":49.150576,"lng":0.227548,"name":"dyl vitrail Corinne Lecourt","web":"http://www.dylvitrail.fr","txt":" Restaurateur de vitraux","wiki":null,"tel":"0680703256","postCode":14100,"city":"Lisieux","addr":"31 rue d'Alençon et 60 rue du Carmel 131 bd herbet fournet, ","cat":"O","email":"c.lecourt@dbmail.com"}
,{"lat":49.147671,"lng":0.220924,"name":"SÉVERINA LARTIGUE","web":"http://severinalartigue.fr","txt":"Parurier floral ","wiki":null,"tel":"0617692316","postCode":14100,"city":"Lisieux","addr":"20 rue Gaston Ramon, ","cat":"O","email":"contact@severinalartigue.fr"}
,{"lat":49.321274,"lng":0.193545,"name":"les crea","web":"http://www.lescrea14.com","txt":"Fabrication et vente de produits naturels et sans déchets.","wiki":null,"tel":"0749744719","postCode":14130,"city":"Tourville-en-Auge","addr":" 19 route d’honfleur 1","cat":"A","email":"lescrea14@gmail.com"}
,{"lat":49.289524,"lng":0.192045,"name":"ATELIER DU TOURNAGE","web":"http://www.atelierdutournage.com","txt":" Tourneur sur bois","wiki":null,"tel":"0231650185","postCode":14130,"city":"Pont-l'Évêque","addr":"12, rue de la croix brisée, 14130 Pont l'Evêque","cat":"O","email":"atelierdutournage@wanadoo.fr"}
,{"lat":49.046065,"lng":0.031801,"name":"L'ATELIER SIGNALÉTIK & NÉON","web":"http://www.ateliergilbertbruno.com","txt":"Verrier au chalumeau ","wiki":null,"tel":"0607024844","postCode":14140,"city":"Saint-Pierre-en-Auge","addr":"480 rte du Godet Vieux Pont en Auge, 14140 SAINT PIERRE EN AUGE","cat":"O","email":"gilbert.bruno1961@Gmail.com"}
,{"lat":48.950443,"lng":0.003636,"name":"les savons d'orély","web":"http://www.savons-orely.net","txt":"Savonnerie spécialisée dans la fabrication de savons biologiques selon la méthode de saponification à froid avec des produits 100% naturels.","wiki":null,"tel":"0678341473","postCode":14170,"city":"Saint-Pierre-en-Auge","addr":" Lieu-dit Marie Jolie 14170 Vaudeloges ","cat":"P","email":"savons.orely@free.fr"}
,{"lat":48.961817,"lng":0.050889,"name":"FLORENT CHABOISSIER - ATELIER DE LA VARINIERE","web":"http://fchaboissier.free.fr","txt":" Maître-verrier (ou Vitrailliste)","wiki":null,"tel":"0685022713","postCode":14170,"city":"Saint-Pierre-en-Auge","addr":"La Varinière - Notre Dame de Fresnay, 14170 L'OUDON","cat":"O","email":"florent.chaboissier@gmail.com"}
,{"lat":49.014493,"lng":-0.269273,"name":"EURL LESCAFFETTE","web":"","txt":"Vernisseur finisseur","wiki":null,"tel":"0231903022","postCode":14190,"city":"Grainville-Langannerie","addr":"21, rue de Lapford, 14190 GRAINVILLE LANGANNERIE","cat":"O","email":"marc-lescaffette@orange.fr"}
,{"lat":49.135918,"lng":-0.476188,"name":"Les Liens de la Mémoire","web":"http://www.reliure-caen.fr","txt":"Relieur","wiki":null,"tel":"0626465598","postCode":14210,"city":"Baron-sur-Odon","addr":"4, chemin des petites bruyères, 14210 Baron sur Odon","cat":"O","email":"anne@les-liens-de-la-memoire.fr"}
,{"lat":49.030172,"lng":-0.427965,"name":"YVAN BISSON","web":"","txt":" Ebéniste","wiki":null,"tel":"0231793609","postCode":14220,"city":"Les Moutiers-en-Cinglais","addr":"Hameau Hue, 14220 Les Moutiers en Cinglais","cat":"O","email":""}
,{"lat":49.299773,"lng":-1.063363,"name":"ferme du petit galleron","web":"","txt":"Maraicher producteur de légumes et fruits de saisons, œufs et miel en agriculture biologique","wiki":null,"tel":"0677094621","postCode":14230,"city":"Isigny-sur-Mer","addr":" 303 impasse du pont Benard","cat":"AM","email":"Ferme.galleron@gmail.com"}
,{"lat":49.351235,"lng":-1.021228,"name":"earl des p'tites normandes","web":"","txt":"Transformation de produits laitiers à la ferme crème beurre fromage blanc fromage frais tomme cambette.... Ainsi que colis de veau et colis de porc","wiki":null,"tel":"0678044786","postCode":14230,"city":"La Cambe","addr":" Le vieux ménage ","cat":"AVF","email":"barbara.paris@hotmail.fr"}
,{"lat":49.067823,"lng":-0.770754,"name":"la fiamme normande","web":"https://lafiammenormande.fr","txt":"Créations parfumées (Bougies, galets, tablettes, huiles, poudres) à base de cires végétales (garantie sans paraffine) et parfums sans CMR (produits toxiques et cancérigènes).\nAtelier de fabrication situé dans le Calvados (14240).","wiki":null,"tel":"0750513821","postCode":14240,"city":"Cahagnes","addr":" 15 impasse des rouges gorges","cat":"A","email":"lafiammenormande@gmail.com"}
,{"lat":49.132354,"lng":-0.782508,"name":"saponette","web":"http://www.saponette.fr","txt":"Fabrication de savons et beurres corporels à base d huile de chanvre biologique de Normandie, huilez végétales issues de l agriculture biologique","wiki":null,"tel":"0648397978","postCode":14240,"city":"Sainte-Honorine-de-Ducy","addr":" Le bourg","cat":"P","email":"Contact@saponette.fr"}
,{"lat":49.021947,"lng":0.40511,"name":"Atelier poterie Françoise Dupuis","web":"http://poterie.dupuis.free.fr/","txt":" Potier de grès","wiki":null,"tel":"0231327421","postCode":14290,"city":"Orbec","addr":"11 rue des Augustines, ","cat":"O","email":""}
,{"lat":49.051101,"lng":-0.725373,"name":"au jardin du pré-bocage","web":"https://app.cagette.net/au-jardin-du-pre-bocage","txt":"Production biologique de plantes aromatiques (large collection), de plants potagers (salades, choux, tomates, courges...) et d’œufs toute l'année. A cela s'ajoute une production de fruits et légumes de l'été à l'automne.","wiki":null,"tel":"0616203761","postCode":14310,"city":"Seulline","addr":" 8 rue des Epinettes 14310 Coulvain ","cat":"AM","email":""}
,{"lat":49.11155,"lng":-0.631015,"name":"JROCH.M","web":"http://Www.cadran-solaire-normand.fr ","txt":"Tailleur de pierre","wiki":null,"tel":"0685659179","postCode":14310,"city":"Villy-Bocage","addr":"6 chemin des buttes, 14310 Villy bocage","cat":"O","email":"Contact@jrochm.fr"}
,{"lat":49.114579,"lng":-0.374219,"name":"brasserie la lie","web":"https://sites.google.com/site/bierelalie/","txt":"La Brasserie la Lie est spécialisé dans la confection de bières artisanales et biologiques.","wiki":null,"tel":"0672652588","postCode":14320,"city":"Saint-Martin-de-Fontenay","addr":" 65 bis, route d'Harcourt","cat":"AB","email":"contact@biere-lalie.fr"}
,{"lat":49.370405,"lng":0.089925,"name":"ATELIER DE LA HUNIèRE","web":"http://www.atelierdelahuniere.fr","txt":"Fabricant et restaurateur de lustres et luminaires","wiki":null,"tel":"0607797989","postCode":14360,"city":"Trouville-sur-Mer","addr":"La Hunière Chemin des Frémonts, ","cat":"O","email":"agnes.borlet@atelierdelahuniere.fr"}
,{"lat":49.307873,"lng":-0.819045,"name":"ATELIER DU HIBOUX","web":"http://rolandmoulin.blogspot.com","txt":" Sculpteur statuaire","wiki":null,"tel":"0645567806","postCode":14400,"city":"Mosles","addr":"34 ROUTE DES FORGES, 14400 MOSLES","cat":"O","email":"rolandmoulin@gmail.com"}
,{"lat":49.274131,"lng":-0.706614,"name":"BAYEUX BRODERIE JAMES CHANTAL","web":"http://www.bayeux-broderie.com","txt":" Brodeur","wiki":null,"tel":"0689843236","postCode":14400,"city":"Bayeux","addr":"8 rue saint loup, 14400 BAYEUX","cat":"O","email":"contact@bayeux-broderie.com"}
,{"lat":49.277742,"lng":-0.704468,"name":"L'ATELIER DE RELIURE BAYEUSAIN","web":"","txt":"Restaurateur de reliures","wiki":null,"tel":"0681726741","postCode":14400,"city":"Bayeux","addr":"10 bis, rue Saint-Malo, ","cat":"O","email":"atelier.de.reliure.bayeusain@orange.fr"}
,{"lat":49.164125,"lng":0.007294,"name":"ATELIER GUSTAVE","web":"http://www.ateliergustave.fr","txt":" Ebéniste","wiki":null,"tel":"0681332940","postCode":14430,"city":"Victot-Pontfol","addr":"Chemin de Pontfol, 14430 VICTOT PONTFOL","cat":"O","email":"magsenaux@hotmail.com"}
,{"lat":49.293624,"lng":-0.389182,"name":"LEMAN FRANÇOIS","web":"http://www.art-madraz@free.fr","txt":"Sculpteur sur bois","wiki":null,"tel":"0627149879","postCode":14440,"city":"Douvres-la-Délivrande","addr":"15, rue des Hauts Vents, 14440 DOUVRES LA DELIVRANDE","cat":"O","email":"francois.leman@free.fr"}
,{"lat":49.276473,"lng":-0.566628,"name":"le jardin des senteurs et des saveurs","web":"","txt":"Producteur plantes aromatiques et savoureuses \nPlants de légumes\nFleurs comestibles\nHuître Végétale","wiki":null,"tel":"0686610181","postCode":14480,"city":"Creully sur Seulles","addr":" 24 ,Rue de Creully 14480 Saint-Gabriel-Brécy ","cat":"AM","email":"hlcjds140@orange.fr"}
,{"lat":49.29271,"lng":-0.510586,"name":"MARIE AURELIEN","web":"","txt":"Tuilier","wiki":null,"tel":"0611788943","postCode":14480,"city":"Colombiers-sur-Seulles","addr":"10, rue du bout du bas, 14480 Colombiers sur Seulles","cat":"O","email":"marieaurelien@cegetel.net"}
,{"lat":48.866767,"lng":-0.86861,"name":"africavita","web":"http://www.africavita.shop","txt":"Producteur de jus de fruits exotiques : jus de bissap, de gingembre, de tamarin, de purée de piments forte, confitures exotiques.","wiki":null,"tel":"0652677152","postCode":14500,"city":"Vire Normandie","addr":" La lauviere 14500 Vire ","cat":"AF","email":"africavita.fr@gmail.com"}
,{"lat":49.370641,"lng":0.257405,"name":"Atelier Sabrina LE BRIS","web":"http://www.sabrinalebris.fr","txt":"Restaurateur de reliures","wiki":null,"tel":"0613218881","postCode":14600,"city":"Genneville","addr":"Lieu dit Troussebourg, 14600 GENNEVILLE","cat":"O","email":"sabrina.le.bris@orange.fr"}
,{"lat":49.359697,"lng":0.262898,"name":"JACQUES STEPHANE","web":"http://stephane.jacques5@wanadoo.fr","txt":" Chaumier","wiki":null,"tel":"0622916082","postCode":14600,"city":"Genneville","addr":"Quartier Taveau, ","cat":"O","email":"stephane.jacques5@wanadoo.fr"}
,{"lat":48.897877,"lng":-0.200409,"name":"L'AME DES CHOSES","web":"","txt":"Bijoutier fantaisie","wiki":null,"tel":"0231906720","postCode":14700,"city":"Falaise","addr":"7, rue Frédéric Galleron, ","cat":"O","email":"lamedeschoses@club-internet.fr"}
,{"lat":48.933026,"lng":-0.335806,"name":"POISSON QUINTON FRANÇOIS - ATELIER DE GRAVURES","web":"http://fpoisson-quinton@wanadoo.fr","txt":"Graveur","wiki":null,"tel":"0231903550","postCode":14700,"city":"Saint-Germain-Langot","addr":"La Bardouerie, 14700 St.Germain-Langot","cat":"O","email":"fpoisson-quinton@wanadoo.fr"}
,{"lat":49.330823,"lng":-0.869852,"name":"earl cosmhana","web":"","txt":"Producteur des plantes aromatiques/médicinales et petits fruitiers certifié AB, EARL Cosmhana propose les tisanes simples et composées, les sels aux herbes, les vinaigres d'herboriste aux plantes  et nous sommes la première marque d'agro-cosmétiques de Normandie aux plantes de notre culture.\nNous proposons les visites de la ferme et les ateliers (même privés) durant la saison estival.","wiki":null,"tel":"0607889335","postCode":14710,"city":"Surrain","addr":" Le Hamel, La Ferme de RenéSens ","cat":"AFO","email":"contact@cosmhana.fr"}
,{"lat":49.248288,"lng":-0.596867,"name":"SARL CONRAUD DOYE","web":"http://www.conraud-doye.com","txt":"Tailleur de pierre","wiki":null,"tel":"0231080128","postCode":14740,"city":"Moulins-en-Bessin","addr":"2, rue de Creully, 14740 Martragny","cat":"O","email":"conraud.doye@wanadoo.fr"}
,{"lat":49.342765,"lng":0.103418,"name":"David Guzman","web":"http://ceramiquedavidguzman.com","txt":"Tourneur céramique","wiki":null,"tel":"0666318282","postCode":14800,"city":"Touques","addr":"8 rue Schaeffer atelier céramique d'Art David Guzman, ","cat":"O","email":"ceramiquedavidguzman@gmail.com"}
,{"lat":49.219374,"lng":-0.179221,"name":"verger de roncheville","web":"http://vgroncheville.chez.com/","txt":"Le Verger de Roncheville est spécialisé dans la culture de pommes de toutes variétés et la fabrication de produits dérivés. On y pratique également l'apiculture et l'utilisation de plantes médicinales.","wiki":null,"tel":"0231788422","postCode":14860,"city":"Bavent","addr":" Roncheville","cat":"AA","email":"fremont.bruno@free.fr"}
,{"lat":49.128617,"lng":-0.425268,"name":"le moulin dethibo & caro","web":"","txt":"Exploitation céréalière actuellement en cours de conversion en Agriculture Biologique. Nous transformons une partie de nos céréales (blé noir, blé tendre et blé dur) en farine, pains, pâtes, crêpes, galettes....\nNous avons également un point de vente à la ferme ouvert le vendredi de 10h à 12h et de 17h à 19h ainsi que le samedi de 10h à 12h.\nVous trouverez dans notre point de vente une large gamme de produits fermiers.\nNous sommes également présents sur le Drive Fermier du Calvados.\nVous pouvez suivre notre actualité sur notre page Facebook/ Le moulin de Thibo & Caro","wiki":null,"tel":"0620857085","postCode":14930,"city":"Maltot","addr":" 4 rue de Fontaine","cat":"AO","email":"lemoulindethiboetcaro@hotmail.com"}
,{"lat":49.278459,"lng":0.109478,"name":"APRÈS LA PLUIE","web":"","txt":" Fabricant et restaurateur de jeux et jouets","wiki":null,"tel":"0231651320","postCode":14950,"city":"Beaumont-en-Auge","addr":"3 rue de la Libération, 14950 Beaumont en Auge","cat":"O","email":"apreslapluie@orange.fr"}
,{"lat":49.202709,"lng":-0.460997,"name":"ENT. BUHOURT MICKAËL","web":"","txt":" Tailleur de pierre","wiki":null,"tel":"0622924371","postCode":14980,"city":"Rots","addr":"Chemin Les Bissonnets, ","cat":"O","email":"christelle.dermilly@orange.fr"}
,{"lat":49.328744,"lng":-0.429725,"name":"ATELIER DE LUTHERIE INSTRUMENTS À CORDES","web":"http://www.guitares-mazaud.fr","txt":" Luthier en guitare","wiki":null,"tel":"0231376916","postCode":14990,"city":"Bernières-sur-Mer","addr":"33, chemin de la pierre debout, 14990 Bernières sur mer","cat":"O","email":"guitares.mazaud@wanadoo.fr"}
]}