{"id":72,"producers":[
{"lat":48.008197,"lng":0.196572,"name":"ATELIER 1..2..3 VITRAIL","web":"http://www.at-123vitrail.fr","txt":" Maître-verrier (ou Vitrailliste)","wiki":null,"tel":"0622005198","postCode":72000,"city":"Le Mans","addr":"53 Grand'Rue, ","cat":"O","email":"frederictrois@hotmail.fr"}
,{"lat":48.000953,"lng":0.184677,"name":"GOURDELIER","web":"http://www.relieur-gourdelier.fr","txt":"Restaurateur de reliures","wiki":null,"tel":"0243438919","postCode":72000,"city":"Le Mans","addr":"59, boulevard Anatole France, 72000 le Mans","cat":"O","email":"michel.gourdelier@sfr.fr"}
,{"lat":48.006865,"lng":0.195087,"name":"HÉLÈNE LAJOINIE","web":"http://www.helene.lajoinie.free.fr","txt":"Tailleur-couturier","wiki":null,"tel":"0682314267","postCode":72000,"city":"Le Mans","addr":"105, Grande Rue, 72000 LE MANS","cat":"O","email":"helene.lajoinie@free.fr"}
,{"lat":48.007268,"lng":0.185754,"name":"hugues de willecot","web":"http://https://huguesdewillecot.fr/","txt":"Vernisseur au tampon ","wiki":null,"tel":"0673290121","postCode":72000,"city":"Le Mans","addr":"2 rue du pavé, ","cat":"O","email":"h2willecot@hotmail.com"}
,{"lat":48.001567,"lng":0.195996,"name":"LE DÉCOR FRANÇAIS","web":"http://www.decor-francais.com","txt":" Peintre en décor","wiki":null,"tel":"0686925059","postCode":72000,"city":"Le Mans","addr":"11, rue du Greffier, ","cat":"O","email":"atelierbk@wanadoo.fr"}
,{"lat":48.0039,"lng":0.202197,"name":"SARL BESNIER","web":"","txt":"Joaillier","wiki":null,"tel":"0243243264","postCode":72000,"city":"Le Mans","addr":"9, avenue du Général De Gaulle, ","cat":"O","email":"bijouteriebesnier@yahoo.fr"}
,{"lat":48.00829,"lng":0.1967,"name":"Sarl Charles Letessier","web":"http://www.charles-letessier.com","txt":"Sertisseur","wiki":null,"tel":"0243428850","postCode":72000,"city":"Le Mans","addr":"47, Grande Rue, ","cat":"O","email":"charlesletessier@yahoo.fr"}
,{"lat":47.983258,"lng":0.215928,"name":"Restauration de livres et documents graphiques","web":"http://virginie.fonlupt-restauration-livre-papier.over-blog.com/","txt":"Restaurateur de reliures","wiki":null,"tel":"0627160162","postCode":72100,"city":"Le Mans","addr":"36 rue de Verdun, ","cat":"O","email":"virginie.fonlupt@wanadoo.fr"}
,{"lat":48.188648,"lng":0.437145,"name":"la ferme de belle vue","web":"","txt":"La Ferme de Belle vue est une ferme familiale située à Bonnetable dans le nord sarthe, La famille Roger produit sur la ferme des yaourts principalement avec un large panel de choix,( fraise, framboise, cerise, myrtille, mûres, fruits des bois, citron, noix de coco, pêche groseille, fruit dû verger, poire, vanille, caramel etc) ainsi que de la crème dessert ( café, chocolat, vanille, caramel)","wiki":null,"tel":"0685213003","postCode":72110,"city":"Bonnétable","addr":" 173 route de la mandiniere","cat":"AF","email":"Roger.jean-philippe72@wanadoo.fr"}
,{"lat":48.237503,"lng":0.486605,"name":"SARL LEROUX","web":"","txt":"Parqueteur","wiki":null,"tel":"0243293332","postCode":72110,"city":"Nogent-le-Bernard","addr":"7 rue de la Gare, 72110 Nogent le Bernard","cat":"O","email":"leroux.charpente@wanadoo.fr"}
,{"lat":48.176488,"lng":-0.026658,"name":"les volailles d'amélie","web":"https://www.lesvolaillesdamelie.fr/","txt":"Producteur de volailles et vente à la ferme. Poulets, pintades, chapons. Entier et en découpe.","wiki":null,"tel":"0638523623","postCode":72140,"city":"Crissé","addr":" La Genevraie","cat":"AV","email":"lesvolaillesdamelie@laposte.net"}
,{"lat":48.164562,"lng":-0.064482,"name":"SARA GRACE WEVILL","web":"http://www.saragracewevill.com","txt":" Céramiste","wiki":null,"tel":"0675106348","postCode":72140,"city":"Crissé","addr":"1 TOUCHEGANE, ","cat":"O","email":"saragharris@hotmail.com"}
,{"lat":47.869888,"lng":0.459704,"name":"rêve d'abeilles","web":"http://apiculture.dugue.over-blog.com/","txt":"Apiculteurs récoltant depuis plus de 30 ans.\nNous travaillons à vous proposer du miel de qualité.\nNos miels sont produits et récoltés par nos soins autour de notre exploitation au Grand-Lucé.","wiki":null,"tel":"0243860453","postCode":72150,"city":"Le Grand-Lucé","addr":" 3 Z.A De La Prairie","cat":"AA","email":"api.dugue72@outlook.fr"}
,{"lat":48.182649,"lng":0.060574,"name":"les petites pousses","web":"","txt":"Legumes et fruits bio\nCulture de saison toute l annee.","wiki":null,"tel":"0648602200","postCode":72170,"city":"Assé-le-Riboul","addr":" Les marais","cat":"AM","email":"Ferme.lespetitespousses@gmail.com"}
,{"lat":47.714356,"lng":-0.106993,"name":"ATELIER SB LAMPES","web":"http://www.asblampes.com","txt":"Fabricant et restaurateur de lustres et luminaires","wiki":null,"tel":"0243480388","postCode":72200,"city":"La Flèche","addr":"2, allée Lavoisier ZI Ouest, ","cat":"O","email":"contact@asblampes.com"}
,{"lat":47.956734,"lng":0.010998,"name":"ABOLLEE","web":"http://www.abollee-creations.fr","txt":"Fabricant d'accessoires de mode","wiki":null,"tel":"0243885623","postCode":72210,"city":"Souligné-Flacé","addr":"les Groies, 72210 souligné-flacé","cat":"O","email":"antoine.bollee72@orange.fr"}
,{"lat":47.89012,"lng":0.026492,"name":"LE DECOR SUZERAIN","web":"http://tapissier-ledecorsuzerain.fr","txt":" Sellier","wiki":null,"tel":"0243288320","postCode":72210,"city":"La Suze-sur-Sarthe","addr":"3 RUE GERMAIN LAPORTE, 72210 LA SUZE","cat":"O","email":"delion.cn@orange.fr"}
,{"lat":47.818268,"lng":0.304782,"name":"LES MENUS PLAISIRS","web":"http://marqueterieboulle.com","txt":"Vernisseur au tampon ","wiki":null,"tel":"0608641577","postCode":72220,"city":"Écommoy","addr":"ZAC des Truberdières, 72220 Ecommoy","cat":"O","email":"lesmenusplaisirs72@orange.fr"}
,{"lat":48.105184,"lng":0.022912,"name":"PROTO-FORM","web":"http://en cours","txt":"Restaurateur de vitraux","wiki":null,"tel":"0616498586","postCode":72240,"city":"Domfront-en-Champagne","addr":"22, rue de cures, 72240 Domfront en Champagne","cat":"O","email":"e116@voila.fr"}
,{"lat":47.814028,"lng":-0.088154,"name":"BOURG JOLY MALICORNE","web":"http://www.bourg-joly-malicorne.com","txt":" Céramiste","wiki":null,"tel":"0631010255","postCode":72270,"city":"Malicorne-sur-Sarthe","addr":"16 rue carnot, 72270 Malicorne sur Sarthe","cat":"O","email":"bourg-joly-malicorne@orange.fr"}
,{"lat":47.813375,"lng":-0.079565,"name":"FAÏENCERIES D'ART DE MALICORNE","web":"http://www.faiencerie-malicorne.com","txt":" Céramiste","wiki":null,"tel":"0243948118","postCode":72270,"city":"Malicorne-sur-Sarthe","addr":"18, rue Bernard Palissy, 72270 Malicorne sur Sarthe","cat":"O","email":"fam.malicorne@wanadoo.fr"}
,{"lat":47.814108,"lng":-0.087102,"name":"Louis-Marie VINCENT","web":"http://www.louismarievincent.com","txt":"Gainier","wiki":null,"tel":"0662183780","postCode":72270,"city":"Malicorne-sur-Sarthe","addr":"7 bis, rue Gambetta, ","cat":"O","email":"contact@louismarievincent.com"}
,{"lat":47.845903,"lng":-0.199242,"name":"les champs du verdet","web":"http://www.leschampsduverdet.fr","txt":"Nous sommes producteurs de légumes engagés en Agriculture Biologique, dans le village de Parcé sur Sarthe. Nous cultivons des légumes à cuisiner et à croquer. En bio, pour retrouver la santé et le goût!","wiki":null,"tel":"0768772455","postCode":72300,"city":"Parcé-sur-Sarthe","addr":" 1 bis allée St Martin ","cat":"AM","email":""}
,{"lat":47.842276,"lng":-0.338895,"name":"voyage en cépage","web":"https://www.voyage-en-cepage.fr","txt":"Vente de vins d'exception, vente de vins français et étrangers avec des cépages particuliers, des cultures en biodynamie, etc.\nLes cépages, les climats, la nature des sols, la culture locale sont autant de paramètre qui définissent la notion de terroir. Voyage en Cépage vous invite à voyager, à découvrir et à partager des pépites encore peu connues en espérant vous surprendre. Ces vins surprenants , certains en dehors des codes et de vos habitudes, sont tous sincères envers leur lieu de production, loin des clichés\"s des vins internationaux, pour vote plaisir et celui de vos amis, car le vin n'est que convivialité.","wiki":null,"tel":"0638810936","postCode":72300,"city":"Sablé-sur-Sarthe","addr":" 54 rue Gambetta","cat":"AB","email":"contact@voyage-en-cepage.fr"}
,{"lat":47.836143,"lng":-0.328452,"name":"ÉLISABETH KOLTZ","web":"","txt":" Restaurateur de tableaux","wiki":null,"tel":"0619303987","postCode":72300,"city":"Sablé-sur-Sarthe","addr":"8, rue de sarthe, 72300 SABLE SUR SARTHE","cat":"O","email":"elisabethkoltz@yahoo.com"}
,{"lat":47.864628,"lng":0.657877,"name":"Artiste Coudrain Sculpteur","web":"http://www.coudrain-sculpteur.com","txt":"Tailleur de pierre","wiki":null,"tel":"0647922002","postCode":72310,"city":"Cogners","addr":"Le Moulin, 72310 COGNERS","cat":"O","email":"remi.coudrain@gmail.com"}
,{"lat":47.800839,"lng":0.675615,"name":"YLCHOLET-LUTHIER.COM","web":"http://ylcholet-luthier.com","txt":" Luthier en guitare","wiki":null,"tel":"0673046230","postCode":72310,"city":"Loir en Vallée","addr":"7, rue du Bignon, 72310 La Chapelle Gaugain","cat":"O","email":"contact@ylcholet-luthier.com"}
,{"lat":48.102955,"lng":0.791344,"name":"Le Scribe des Bois","web":"http://https://scribedesbois.wixsite.com/atelier","txt":"Restaurateur de reliures","wiki":null,"tel":"0644081627","postCode":72320,"city":"Montmirail","addr":"15 rue du Docteur Castaing, ","cat":"O","email":"atelier.scribedesbois@gmail.com"}
,{"lat":47.74282,"lng":0.513639,"name":"SAM PHIL SCULPTURE","web":"","txt":"Sculpteur sur pierre","wiki":null,"tel":"0676578509","postCode":72340,"city":"Chahaignes","addr":"9, rue de la Forêt de Bercé, 72340 CHAHAIGNES","cat":"O","email":"sam1phil@wanadoo.fr"}
,{"lat":47.9696,"lng":-0.226107,"name":"les délices de beauregard","web":"http://www.jardinbeauregard.com","txt":"Qui sommes-nous ? \nMartine Pierre Un couple d'agriculteur enthousiasmé par notre métier... \nAvec une envie de transmettre notre passion... \nOUI la transmission se prépare puisque nous avons avec nous notre fils Edmond qui prépare son installation au sein de notre Gaec.\n« A Beauregard, on cultive la biodiversité et le circuit-court !\nVente de viande de Boeuf et veau élevé au pis","wiki":null,"tel":"0243956995","postCode":72350,"city":"Brûlon","addr":" Beauregard","cat":"AV","email":"contact@jardinbeauregard.com"}
,{"lat":47.90355,"lng":-0.220879,"name":"Atelier Aurélie Crespel","web":"http://www.atelier-aureliecrespel.com","txt":" Restaurateur de faïence et de porcelaine","wiki":null,"tel":"0664966617","postCode":72350,"city":"Fontenay-sur-Vègre","addr":"3 rue des Lavandières, 72350 Fontenay sur Vègre","cat":"O","email":"atelier.aureliecrespel@gmail.com"}
,{"lat":47.994798,"lng":0.424973,"name":"MARC UZAN","web":"http://www.marcuzan.fr","txt":"Tourneur céramique","wiki":null,"tel":"0243896487","postCode":72370,"city":"Ardenay-sur-Mérize","addr":"2 RUE DU LAVOIR, 72370 ARDENAY-SUR-MÉRIZE","cat":"O","email":"uzan.marc@yahoo.fr"}
,{"lat":48.070607,"lng":0.651231,"name":"miellerie des sablons","web":"https://www.facebook.com/MrBees72390","txt":"Apiculteur installé dans le bocage Sarthois.\nNous récoltons et vendons des miels uniquement produits en Sarthe.\nLieu dit : Les Sablons\n72390 Bouër","wiki":null,"tel":"0671412408","postCode":72390,"city":"Bouër","addr":" Lieu dit Les Sablons 72390 Bouër ","cat":"AA","email":"valery.mesange@wanadoo.fr"}
,{"lat":48.179105,"lng":0.653789,"name":"boucherie à la ferme gilles corbin","web":"https://www.facebook.com/Marché-Fermier-La-Ferté-Bernard-72400-1541360009290257/?ref=settings","txt":"Bœuf, Veau & Agneau Biologique. Eleveur depuis 1985, notre exploitation est 100 % en prairies. Herbe et foin uniquement comme alimentation. Vente au détail Chaque Vendredi au Marché Fermier La Ferté-Bernard 72400. 9 H - 19 H .","wiki":null,"tel":"","postCode":72400,"city":"La Ferté-Bernard","addr":" Avenue du général de Gaulle 7","cat":"AV","email":""}
,{"lat":47.920622,"lng":-0.161802,"name":"charcuterie berthier","web":"","txt":"Entreprise artisanale crée en 1993 à Chantenay (72) Spécialisée en boucherie, charcuterie et traiteur. Ma spécialité : Les rillettes Sarthoises. Plusieurs fois récompensés pour cette spécialité charcutière. Le fait maison est notre signature.","wiki":null,"tel":"","postCode":72430,"city":"Chantenay-Villedieu","addr":" 12 rue de la Libéartion ","cat":"AG","email":""}
,{"lat":47.847897,"lng":-0.161596,"name":"à l'hôpital des poupées","web":"http://www.hopitaldespoupees.fr","txt":" Fabricant et restaurateur de jeux et jouets","wiki":null,"tel":"0243924792","postCode":72430,"city":"Avoise","addr":"Le Domaine de Pescheseul, ","cat":"O","email":"monika.stier@sfr.fr"}
,{"lat":48.029137,"lng":0.334096,"name":"Fabrice Papin","web":"","txt":"Vernisseur au tampon ","wiki":null,"tel":"0684482382","postCode":72470,"city":"Champagné","addr":"2 rue des Anciennes Filature, ","cat":"O","email":"fabricepapin@yahoo.fr"}
,{"lat":47.780458,"lng":0.418481,"name":"le dinan aux chandelles","web":"","txt":"Producteur de fruits et légumes BIO, Olivier vous propose ses produits ainsi que des bières et miels locaux sur le marché de Jupilles mais aussi à la ferme Le Dinan Aux Chandelles","wiki":null,"tel":"0243799249","postCode":72500,"city":"Jupilles","addr":" 1, La Gaudruère ","cat":"AM","email":""}
,{"lat":47.729234,"lng":0.146687,"name":"ATELIERS JOVIS","web":"http://www.jovis.fr","txt":" Ebéniste","wiki":null,"tel":"0243213030","postCode":72510,"city":"Mansigné","addr":"la scierie route de Coulongé, ","cat":"O","email":"ericjovis@gmail.com"}
,{"lat":48.019931,"lng":-0.16725,"name":"earl   maison  grude","web":"","txt":"Nous sommes éleveurs de Porcs \nNous engraissons  et transformons naturellement, \nnous vendons sur les marchés et à la ferme , nous sommes au marché de sillé le guillaume , tous les mercredis, à Evron, tous les jeudis\nA partir du 1 er mai , à la ferme à Joué en Charnie, un distributeur pour notre viande, sera a disposition de nos clients, du lundi au dimanche et jours fériés","wiki":null,"tel":"0243886442","postCode":72540,"city":"Joué-en-Charnie","addr":" la grésille ","cat":"AV","email":""}
,{"lat":48.091832,"lng":0.157573,"name":"scea de la sauvagere","web":"","txt":"POLYCULTURE cereales, colza, orge, miel, poules pondeuses, moutons","wiki":null,"tel":"0615403944","postCode":72650,"city":"La Bazoge","addr":" 29, avenue du Mans","cat":"AA","email":"sopatls@orange.fr"}
,{"lat":48.092799,"lng":0.15198,"name":"Clay Home","web":"http://www.clay-home.com","txt":" Peintre en décor","wiki":null,"tel":"0671565823","postCode":72650,"city":"La Bazoge","addr":"3 impasse des bleuets, ","cat":"O","email":"contactclayhome@gmail.com"}
,{"lat":48.027267,"lng":0.116391,"name":"SARL LE GRELLE Y.D","web":"","txt":"Restaurateur de meubles","wiki":null,"tel":"0243888859","postCode":72650,"city":"Trangé","addr":"Domaine Les Happelières, 72650 TRANGE","cat":"O","email":"dominique.le.grelle@wanadoo.fr"}
,{"lat":47.690158,"lng":0.267573,"name":"l'autruche gauloise","web":"","txt":"Nous sommes un petit élevage  d’autruches de proximité  situé en Sarthe (mais originaire d Indre et  Loire) nommé \"l’autruche gauloise\" nous sommes un élevage  naisseur-engraisseur\nNos animaux sont élevés en plein air nourris aux céréales (maïs, blé, pois, orge et luzerne déshydratés), à partir de leurs 6 mois et ils sont abattus à l’âge de 18  mois environ. Nous produisons : viande, œuf pour la déco et œuf frais selon la période de  l’année et des terrines. Cette viande rouge tendre peu  calorique, pauvre en cholestérol et très bonne source de protéines se  retrouvera sous forme de steak, tournedos, rôtis etc.  Elle sera vendue  en surgelé (n’oubliez pas votre sac isotherme)\nNous avons choisi ce type de conservation  car la  surgélation respecte mieux la texture, la saveur et les valeurs  nutritives des aliments qu’une simple congélation Ce qui permettra aux  consommateurs de conserver sa viande pour de meilleures occasions tout  en gardant toutes les qualités nutritives qu'apporte la viande  d'autruche","wiki":null,"tel":"","postCode":72800,"city":"Aubigné-Racan","addr":" place de l'église ","cat":"AV","email":"lautruchegauloise@gmail.com"}
,{"lat":47.609681,"lng":0.096271,"name":"l'aunay lubin","web":"","txt":"L'Aunay Lubin cultive du blé et du maïs et propose du lait, des œufs et des mélanges céréaliers.","wiki":null,"tel":"0243458915","postCode":72800,"city":"Savigné-sous-le-Lude","addr":" L'Aunay-Lubin","cat":"AF","email":""}
,{"lat":47.697758,"lng":0.107553,"name":"TONY ECHAVIDRE","web":"http://echavidre.lutherie.free.fr","txt":" Luthier","wiki":null,"tel":"0689353669","postCode":72800,"city":"Luché-Pringé","addr":"L'oiselière, 72800 Luché-pringé","cat":"O","email":"techavidre@yahoo.fr"}
]}