{"id":86,"producers":[
{"lat":46.574897,"lng":0.354991,"name":"autour des plantes","web":"http://autourdesplantes.fr/fr/","txt":"Autour des Plantes est spécialisé  dans la confection de tisanes,  aromates et cosmétiques bio-écologiques.","wiki":null,"tel":"0983360132","postCode":86000,"city":"Poitiers","addr":" 83 rue du Faubourg du Pont Neuf","cat":"P","email":""}
,{"lat":46.574476,"lng":0.359084,"name":"L'ATELIER DU VITRAIL","web":"http://marina.gelineau.free.fr","txt":" Maître-verrier (ou Vitrailliste)","wiki":null,"tel":"0685369067","postCode":86000,"city":"Poitiers","addr":"7, chemin du Lavoir, 86000 POITIERS","cat":"O","email":"marinagelino@yahoo.fr"}
,{"lat":46.565197,"lng":0.321817,"name":"Agnès Clairand. Créatrice Lumières&Papiers","web":"http://www.agnesclairand.com/","txt":" Fabricant et restaurateur d'abat-jour","wiki":null,"tel":"0652407997","postCode":86000,"city":"Poitiers","addr":"184, Grand'Rue  75, chemin de la grotte à Calvin, ","cat":"O","email":"clairand@free.fr"}
,{"lat":46.581587,"lng":0.35114,"name":"ATELIER BOBIN VIGNERON","web":"http://www.atelier-bobin-vigneron.com","txt":" Tapissier d'ameublement/tapissier décorateur","wiki":null,"tel":"0667980699","postCode":86000,"city":"Poitiers","addr":"48, grand rue, 86000 POITIERS","cat":"O","email":"annie.bobin@neuf.fr"}
,{"lat":46.797874,"lng":0.553558,"name":"lLES JARDINS DU PARADIS","web":"","txt":"MARAICHER ELEVEUR DE LEGUMES","wiki":null,"tel":"0605004428","postCode":86100,"city":"Châtellerault","addr":"48 Rue du Paradis 86100 CHATELLERAULT","cat":"AM","email":""}
,{"lat":46.807764,"lng":0.588767,"name":"Elevage Charolais des 3 Cheminées","web":"","txt":"Eleveur de race à viande","wiki":null,"tel":"0549902128","postCode":86100,"city":"Châtellerault","addr":"Les Trois Cheminées ","cat":"AV","email":""}
,{"lat":46.809173,"lng":0.549123,"name":"ATELIER DE MARIE-CHANEL","web":"","txt":" Tapissier d'ameublement/tapissier décorateur","wiki":null,"tel":"0549216537","postCode":86100,"city":"Châtellerault","addr":"41 rue de Targé, ","cat":"O","email":"atelierdemariechanel@laposte.net"}
,{"lat":46.822515,"lng":0.529888,"name":"SEE TRINQUARD","web":"http://www.meubles-trinquard.com/","txt":" Ebéniste","wiki":null,"tel":"0549212787","postCode":86100,"city":"Châtellerault","addr":"36, avenue de Corby, ","cat":"O","email":"meubles.trinquard@wanadoo.fr"}
,{"lat":46.81482,"lng":0.543872,"name":"TAPISSIER DÉCORATEUR JEAN-GUY BROSSARD","web":"http://www.o.brossard.free.fr","txt":" Tapissier d'ameublement/tapissier décorateur","wiki":null,"tel":"0549216696","postCode":86100,"city":"Châtellerault","addr":"4 et 6, rue Porte St-Jacques, 86100 Chatellerault","cat":"O","email":"jeanguy.brossard@freesbee.fr"}
,{"lat":46.832417,"lng":0.169257,"name":"","web":"","txt":"","wiki":null,"tel":"0549505736","postCode":86110,"city":"Coussay","addr":"Les Chaumes ","cat":"A","email":""}
,{"lat":46.791646,"lng":0.175597,"name":"MARTINE DUTERTRE","web":"","txt":"Rentrayeur (restaurateur de tapis et tapisseries)","wiki":null,"tel":"0549505759","postCode":86110,"city":"Chouppes","addr":"49 route du Mirebinet, ","cat":"O","email":"martinedutertre@orange.fr"}
,{"lat":46.715314,"lng":0.453353,"name":"Atelier broderie Ms.","web":"","txt":" Brodeur","wiki":null,"tel":"0684307891","postCode":86130,"city":"Beaumont Saint-Cyr","addr":"9 rue de la fontaine traversais, 86130 Saint-Cyr","cat":"O","email":"s.bimic@yahoo.fr"}
,{"lat":46.795186,"lng":0.378164,"name":"Jardin des Clos","web":"","txt":"Maraîcher biologique","wiki":null,"tel":"0628382079","postCode":86140,"city":"Scorbé-Clairvaux","addr":"1 allée de l'Orée des Bois ","cat":"AM","email":""}
,{"lat":46.804412,"lng":0.287321,"name":"Jean-Jacques Jucquois","web":"","txt":"","wiki":null,"tel":"0549901658","postCode":86140,"city":"Lencloître","addr":"19 Grande Rue ","cat":"A","email":""}
,{"lat":46.390643,"lng":0.387212,"name":"Katty Landreau","web":"","txt":"Éleveur","wiki":null,"tel":"0675869896","postCode":86160,"city":"Saint-Maurice-la-Clouère","addr":"Le Paisseau 86160 St Maurice la clouere","cat":"AV","email":""}
,{"lat":46.362555,"lng":0.437234,"name":"ARCHITECTURES DE JARDIN","web":"http://www.architecturesdejardin.com","txt":" Ferronnier","wiki":null,"tel":"0549593444","postCode":86160,"city":"Brion","addr":"Pied Barraud, ","cat":"O","email":"contact@architecturesdejardin.com"}
,{"lat":46.694528,"lng":0.246823,"name":"Le Jardin des Saveurs","web":"","txt":"","wiki":null,"tel":"0549512037","postCode":86170,"city":"Neuville-de-Poitou","addr":"75 rue Armand Caillard ","cat":"A","email":""}
,{"lat":46.661889,"lng":0.12878,"name":"earl noel vert","web":"https://www.noel-vert.com/","txt":"Producteur de Sapins de noël à Frozes près de Vouillé (86), nous proposons des ventes directes de fin Novembre à Noël. Nous proposons également des livraisons à domicile de sapins jusqu'à 4M","wiki":null,"tel":"0549570868","postCode":86190,"city":"Frozes","addr":" 15 rue du PINIER","cat":"A","email":"contact@noel-vert.com"}
,{"lat":46.73253,"lng":0.522056,"name":"EARL LES VERGERS DES SAVOIES","web":"","txt":"ARBORICULTEUR","wiki":null,"tel":"0549851033","postCode":86210,"city":"Vouneuil-sur-Vienne","addr":"LES SAVOIES 86210 VOUNEUIL SUR VIENNE","cat":"AF","email":""}
,{"lat":46.983578,"lng":0.603678,"name":"les plantes succulentes","web":"https://www.lesplantessucculentes.com","txt":"Serre horticole en production naturelle de plants de fleurs et de légumes de saison, Les Plantes Succulentes vous accueillent en semaine sur place et vous retrouve sur le marché de Dangé St Romain le samedi matin.","wiki":null,"tel":"0784965064","postCode":86220,"city":"Les Ormes","addr":" ZA LA COUASSE","cat":"AM","email":"Lesplantessucculentes.86@gmail.com"}
,{"lat":46.974595,"lng":0.6026,"name":"daniel maillet","web":"","txt":"Éleveur d'ovins et cultivateur de fruits et légumes.","wiki":null,"tel":"0549219939","postCode":86220,"city":"Les Ormes","addr":" 5 place des Halles","cat":"AM","email":""}
,{"lat":46.983087,"lng":0.603683,"name":"la galery Fabien Gouron","web":"","txt":"Vernisseur au tampon ","wiki":null,"tel":"0786063340","postCode":86220,"city":"Les Ormes","addr":"25A rue basse colombiers, 86220 LES ORMES","cat":"O","email":"lagalery@hotmail.fr"}
,{"lat":46.950131,"lng":0.507347,"name":"s.a.s chez nous les producteurs","web":"https://chez-nous-les-producteurs.fr/","txt":"Producteurs de légumes & revente de produits de producteurs français partenaires. Épicerie fine, Safran & Produits safranés.","wiki":null,"tel":"0630151384","postCode":86230,"city":"Vellèches","addr":" 9 Lieu dit Marmande","cat":"AM","email":"cheznouslesproducteurs@gmail.com"}
,{"lat":46.475586,"lng":0.29828,"name":"ECLA'MOSAÏC","web":"","txt":" Mosaïste","wiki":null,"tel":"0633417096","postCode":86240,"city":"Iteuil","addr":"16 rue de la Clémençalière Entrée rue de l'Essart, 86240 ITEUIL","cat":"O","email":"tania.bedin@orange.fr"}
,{"lat":46.805841,"lng":0.745845,"name":"la ruche qui pique ","web":"","txt":"APICULTEUR","wiki":null,"tel":"0684007434","postCode":86270,"city":"Coussay-les-Bois","addr":"2 chemin de la batallère  86270 coussay les bois","cat":"AA","email":""}
,{"lat":46.619526,"lng":0.572013,"name":"GAEC Les Jardins de la Frolle","web":"","txt":"Producteur de Fruits","wiki":null,"tel":"0549564278","postCode":86300,"city":"Bonnes","addr":"La Frolle ","cat":"AF","email":""}
,{"lat":46.571546,"lng":0.648803,"name":"PERSELLO JEAN-PIERRE","web":"http://www.artisanverrier-persello-jpel-86300.a3w.fr","txt":" Verrier à la main","wiki":null,"tel":"0613711622","postCode":86300,"city":"Chauvigny","addr":"Saint-Martial Cité médiévale, ","cat":"O","email":"eliane.leullier@orange.fr"}
,{"lat":46.562867,"lng":0.828018,"name":"Le Safran du Poitou","web":"","txt":"Safranier","wiki":null,"tel":"0549486746","postCode":86310,"city":"Saint-Savin","addr":"Lieu-dit Bourouy ","cat":"AO","email":""}
,{"lat":46.544871,"lng":0.977071,"name":"BÉTHINES LES ORGUES BOISSEAU GABORIT","web":"","txt":" Facteur et restaurateur d'orgues","wiki":null,"tel":"0607129376","postCode":86310,"city":"Béthines","addr":"La Chatille, ","cat":"O","email":"bethineslesorgues@orange.fr"}
,{"lat":46.39359,"lng":0.785475,"name":"GAEC de la rochelière","web":"","txt":"Éleveur de bovin de race limousine","wiki":null,"tel":"0618799914","postCode":86320,"city":"Sillars","addr":"1 allée de la Rivalière, La Rochelière 86320 SILLARS","cat":"AV","email":""}
,{"lat":46.512313,"lng":0.437373,"name":"la folie bergère","web":"http://www.lafoliebergere.fr","txt":"La Folie Bergère est une ferme diversifiée, collective, dynamique, respectueuse de la nature et des Hommes et qui est le support de lien social. Nous produisons de la viande d’agneau (colis et détail), des œufs, des fruits et des légumes de saison et nous proposons d'autres produits fermiers locaux. La ferme se veut aussi être un lieu d’accueil et de support pédagogique (accueil de groupe, ateliers...)","wiki":null,"tel":"0672721809","postCode":86340,"city":"Nouaillé-Maupertuis","addr":" La Lézinière 8","cat":"AV","email":"contact@lafoliebergere.fr"}
,{"lat":46.434124,"lng":0.376857,"name":"Pépinières Bourinet","web":"","txt":"Pépiniériste","wiki":null,"tel":"0549420654","postCode":86340,"city":"Aslonnes","addr":"Pigerolles ","cat":"P","email":""}
,{"lat":46.484104,"lng":0.371646,"name":"","web":"","txt":"","wiki":null,"tel":"0549883314","postCode":86340,"city":"Roches-Prémarie-Andillé","addr":"Ferme Baille-Barrelle ","cat":"A","email":""}
,{"lat":46.502923,"lng":0.408875,"name":"Atelier Lionel Fernandes","web":"http://www.atelierlf.com","txt":" Sculpteur ornemaniste","wiki":null,"tel":"0749097101","postCode":86340,"city":"Nouaillé-Maupertuis","addr":"11 route des Plaids, ","cat":"O","email":"contact@atelierlf.com"}
,{"lat":46.445721,"lng":0.330737,"name":"SCULPTURE SUR COQUE DE NOIX DE COCO","web":"","txt":" Sculpteur sur bois","wiki":null,"tel":"0549425338","postCode":86340,"city":"Aslonnes","addr":"Lieu dit Vaintray, ","cat":"O","email":"flavie.bereziat@club-internet.fr"}
,{"lat":46.189071,"lng":0.555451,"name":"la Brunetière Espace Métiers d'Art","web":"http://www.laboutiquedesartisans.com","txt":" Bijoutier fantaisie","wiki":null,"tel":"0231641489","postCode":86350,"city":"Saint-Martin-l'Ars","addr":"La Brunetière Espace Métiers d'art, 14130 Saint-Hymer","cat":"O","email":"dominique.bruneau-thireau@wanadoo.fr"}
,{"lat":46.283238,"lng":0.535466,"name":"SIÈGES CONTEMPORAINS","web":"http://www.duvivier.fr","txt":" Cuir","wiki":null,"tel":"0549361000","postCode":86350,"city":"Usson-du-Poitou","addr":"ZI du Cormier BP 6, 86350 Usson du Poitou","cat":"O","email":"info@duvivier.fr"}
,{"lat":46.637592,"lng":0.375542,"name":"EARL BOISSONNOT","web":"","txt":"éleveur","wiki":null,"tel":"0610661510","postCode":86360,"city":"Chasseneuil-du-Poitou","addr":"180 Route de Saint Georges ","cat":"AV","email":""}
,{"lat":46.669437,"lng":0.360441,"name":"Delicefrance","web":"","txt":"Livraison de produits locaux","wiki":null,"tel":"0652467894","postCode":86360,"city":"Chasseneuil-du-Poitou","addr":"1 avenue René Monory 86360 Chasseneuil Futuroscope","cat":"AG","email":""}
,{"lat":46.388145,"lng":0.28587,"name":"","web":"","txt":"","wiki":null,"tel":"33630693313","postCode":86370,"city":"Vivonne","addr":"la motte de ganne 86370 vivonne","cat":"A","email":""}
,{"lat":46.720241,"lng":0.359243,"name":"Earl Côté Jardin","web":"","txt":"","wiki":null,"tel":"0683877337","postCode":86380,"city":"Saint-Martin-la-Pallu","addr":"21 Moulin de Ravard - Vendeuvre du Poitou 86380  Saint Martin La Pallu","cat":"A","email":""}
,{"lat":46.147121,"lng":0.298212,"name":"Atelier du Caillou","web":"","txt":"Tailleur de pierre","wiki":null,"tel":"0662236490","postCode":86400,"city":"Civray","addr":"8 rue André Ravarit, ","cat":"O","email":"karelle.boireau@orange.fr"}
,{"lat":46.182766,"lng":0.75624,"name":"le miel de marie","web":"","txt":"Petits apiculteurs récoltants, dans le respect des abeilles et de leur bien-être, dans le respect des saisons et des floraisons locales, nous mettons à disposition des amateurs de miel, le surplus de notre production familiale.\nNous ne transhumons pas par considération pour nos abeilles qui n'apprécient guère les transports. \nNotre miel est donc une production uniquement locale. Notre rucher est situé dans le Sud du département de la Vienne. Le nectar et le pollen sont récoltés dans le rayon d'action du vol des abeilles, environ 3kms autour de leur ruche.\nC'est pour ces raisons que nos miels, de début, de fin de printemps ou d'été, sont polyfloraux avec des dominantes qui varient, selon les années et les moments de floraison. Tous nos miels sont donc différents.\nTous nos miels sont mis en pots de verre neufs de 450gr et sont vendus 8€.","wiki":null,"tel":"0769946087","postCode":86430,"city":"Luchapt","addr":" 6 chez TOUREAU","cat":"AA","email":"marie.guerder@gmail.com"}
,{"lat":46.631671,"lng":0.30372,"name":"Au potager de sigon","web":"","txt":"","wiki":null,"tel":"0616261917","postCode":86440,"city":"Migné-Auxances","addr":"21 23 Rue Du Docteur Daniel Mesmain 86440 Migne Auxances","cat":"A","email":""}
,{"lat":46.73616,"lng":0.767824,"name":"ATELIER RIDACKER","web":"http://www.atelierridacker.wordpress.com","txt":"Vernisseur au tampon ","wiki":null,"tel":"0549856641","postCode":86450,"city":"Pleumartin","addr":"2 rue Rabelais, 86450 PLEUMARTIN","cat":"O","email":"atelier-ridacker@orange.fr"}
,{"lat":46.541512,"lng":0.121998,"name":"la ferme du touchaud","web":"https://www.facebook.com/LaFermeduTouchaud","txt":"Bonjour,\nNous sommes Fabienne et Benoit Maurer, reconvertis à 40 ans dans le domaine du maraîchage biologique. Installés en novembre 2021, nous produisons des légumes, des fruits et des oeufs dans le plus pur respect de la terre et de la nature. Côté maraîchage, nous travaillons manuellement et utilisons uniquement du fumier et du compost de déchets verts pour fertiliser notre sol. Quant à nos poules pondeuses, elles vivent en plein air et mangent les fanes et les restes de nos légumes. Elles ont, en outre, accès à notre parc arboré et à notre verger. Leur fiente est utilisée dans la préparation du fumier qui fertilise le sol sur la parcelle de maraîchage.\nN'hésitez pas à nous contacter. C'est avec plaisir que nous vous donnerons plus d'informations et, si vous le souhaitez, nous pourrons prendre rendez-vous pour vous faire visiter l'exploitation.","wiki":null,"tel":"0788520576","postCode":86470,"city":"Boivre-la-Vallée","addr":" Le Touchaud Benassay - 86470 Boivre-L","cat":"AM","email":"lafermedutouchaud@ecomail.fr"}
,{"lat":46.427281,"lng":0.067974,"name":"","web":"","txt":"","wiki":null,"tel":"0623398537","postCode":86480,"city":"Rouillé","addr":"20 LES CHAUMES 86480 ROUILLE","cat":"A","email":""}
,{"lat":46.425744,"lng":0.865697,"name":"AU CŒUR DU PAPIER","web":"http://www.aucoeurdupapier.fr","txt":"Restaurateur de reliures","wiki":null,"tel":"0627583644","postCode":86500,"city":"Montmorillon","addr":"20 rue Montebello, ","cat":"O","email":"elise.papier@hotmail.fr"}
,{"lat":46.426111,"lng":0.865427,"name":"L'ATELIER DE LA GARTEMPE","web":"http://www.artelierdelagartempe.fr","txt":"Potier raku","wiki":null,"tel":"0628515896","postCode":86500,"city":"Montmorillon","addr":"1 ru eBernard Harent, ","cat":"O","email":"sylvie.edeline@orange.fr"}
,{"lat":46.768803,"lng":0.460942,"name":"ATELIER LES METIVES","web":"http://monsite.orange.fr/atelierlesmetives/","txt":" Encadreur","wiki":null,"tel":"0616297790","postCode":86530,"city":"Naintré","addr":"13 le Puy Rigault, 86530 NAINTRE","cat":"O","email":"atelierlesmetives@wanadoo.fr"}
,{"lat":46.762,"lng":0.57536,"name":"MillyGlif","web":"http://www.millyglif.com","txt":" Bijoutier fantaisie","wiki":null,"tel":"0628367690","postCode":86530,"city":"Availles-en-Châtellerault","addr":"60 rue Treuille, ","cat":"O","email":"contact@millyglif.com"}
,{"lat":46.532759,"lng":0.432226,"name":"earl la croix blanche","web":"","txt":"Production et transformation de nos céréales en pâtes sèches.","wiki":null,"tel":"0647435151","postCode":86550,"city":"Mignaloux-Beauvoir","addr":" 3229 route de Limoges","cat":"A","email":"patoble86@gmail.com"}
,{"lat":46.568554,"lng":0.401811,"name":"ferme bio 86","web":"https://fermebio86.com/","txt":"Producteur de Fruits et Légumes de saison Biologiques","wiki":null,"tel":"0695458435","postCode":86550,"city":"Mignaloux-Beauvoir","addr":"20 Bis Route du Margouillet ","cat":"AV","email":"fermebio86@gmail.com"}
,{"lat":46.402596,"lng":0.167336,"name":"Bertrand de Bonnaventure","web":"https://www.fermedepizais.com/","txt":"Agriculteur","wiki":null,"tel":"0662526589","postCode":86600,"city":"Celle-Lévescault","addr":"Pizais 8660 Celle L'évescault","cat":"AV","email":"fermedepizais@gmail.com"}
,{"lat":46.371319,"lng":0.265835,"name":"CENDRE.BIJOUX","web":"http://cendre.bijoux.voilà.net/","txt":"Polisseur","wiki":null,"tel":"0618867582","postCode":86700,"city":"Anché","addr":"La Rivaudière, 86700 Anche","cat":"O","email":"cendre_sandra@yahoo.fr"}
,{"lat":46.558554,"lng":0.511415,"name":"agriculteur individuel","web":"","txt":"agriculture biologique","wiki":null,"tel":"0662185520","postCode":86800,"city":"Saint-Julien-l'Ars","addr":"35, rue de Chauvigny 86800 Saint Julien l'Ars","cat":"AV","email":""}
,{"lat":46.558769,"lng":0.50565,"name":"ATELIER NADINE LEEPINLAUSKY","web":"http://www.nadine-leepinlausky.odexpo.com","txt":" Peintre en décor","wiki":null,"tel":"0549567673","postCode":86800,"city":"Saint-Julien-l'Ars","addr":"13, route de Poitiers, 86800 Saint Julien L'ars","cat":"O","email":"n.leepinlausky@gmail.com"}
]}