{"id":33,"producers":[
{"lat":44.886364,"lng":-0.562788,"name":"champis d'ici","web":"","txt":"Producteur de champignons bio\nShiitakés et pleurotes","wiki":null,"tel":"","postCode":33000,"city":"Bordeaux","addr":" 95 avenue de Labarde","cat":"AO","email":"champitransition@gmail.com"}
,{"lat":44.832796,"lng":-0.604826,"name":"ATELIER DE FERRONNERIE","web":"","txt":" Ferronnier","wiki":null,"tel":"","postCode":33000,"city":"Bordeaux","addr":"R, 64300 M","cat":"O","email":"stephane.grechez@orange.fr"}
,{"lat":44.840778,"lng":-0.584452,"name":"Aurélie Wozniak","web":"http://www.aureliewozniak.com","txt":"Ennoblisseur textile","wiki":null,"tel":"0688912578","postCode":33000,"city":"Bordeaux","addr":"FerFernand MarinFernand Marinnand Marin maFarinrue, ","cat":"O","email":"aurelie.wozniak@gmail.com"}
,{"lat":44.842789,"lng":-0.577315,"name":"DE GRIMM","web":"http://www.degrimm.com","txt":" Maroquinier","wiki":null,"tel":"0556813899","postCode":33000,"city":"Bordeaux","addr":"4 Place des Grands-Hommes, ","cat":"O","email":"contact@degrimm.com"}
,{"lat":44.852711,"lng":-0.571844,"name":"EBENISTERIE BORDAS","web":"","txt":" Ebéniste","wiki":null,"tel":"0607607839","postCode":33000,"city":"Bordeaux","addr":"22 rue Saint-Joseph, 33000 BORDEAUX","cat":"O","email":"jfbordas@numericable.fr"}
,{"lat":44.84202,"lng":-0.576892,"name":"JOAILLERIE TOURNIS","web":"http://www.tournis.fr","txt":" Joaillier","wiki":null,"tel":"0557870471","postCode":33000,"city":"Bordeaux","addr":"29, cours de l'intendance, ","cat":"O","email":"pftournis@free.fr"}
,{"lat":44.834172,"lng":-0.588824,"name":"L'HORLOGERIE D'ANTAN","web":"http://www.horloger-pendule-bordeaux.fr","txt":" Fabricant et restaurateur d'horloges, carillons, pendules, aiguilles, balanciers","wiki":null,"tel":"0556967703","postCode":33000,"city":"Bordeaux","addr":"128, rue d'ornano, ","cat":"O","email":"jeanlouis.duverger@laposte.net"}
,{"lat":44.856195,"lng":-0.562993,"name":"Pierre Kauffmann","web":"http://www.kauffmann-sculpteur.com","txt":"Sculpteur sur bois","wiki":null,"tel":"0662029780","postCode":33000,"city":"Bordeaux","addr":"126, quai des Chartrons, 33300 Bordeaux","cat":"O","email":"pierre.kauffmann@9business.fr"}
,{"lat":45.151784,"lng":-0.822777,"name":"ATELIER DU MAGASIN","web":"http://sites.google.com/site/danielalexisgaly","txt":"Tourneur céramique","wiki":null,"tel":"0685930722","postCode":33112,"city":"Saint-Laurent-Médoc","addr":"31 rue du Général de Gaulle, 33112 Saint-Laurent-Medoc","cat":"O","email":"daniel-galy@orange.fr"}
,{"lat":44.576433,"lng":-0.715115,"name":"LES GRÈS DE GASCOGNE","web":"http://www.gresdegascogne.com","txt":" Céramiste","wiki":null,"tel":"0556886308","postCode":33114,"city":"Le Barp","addr":"1 chemin de Pourtiche, 33114 LE BARP","cat":"O","email":"gresdegascogne@wanadoo.fr"}
,{"lat":44.799124,"lng":-0.566322,"name":"L'ATELIER DE MARJORIE ALAIS","web":"http://www.marjoriealais.blogspot.com","txt":" Tapissier d'ameublement/tapissier décorateur","wiki":null,"tel":"0637533459","postCode":33130,"city":"Bègles","addr":"9 rue Georges Bizet, ","cat":"O","email":"marjorie.alais@free.fr"}
,{"lat":44.723327,"lng":-1.04743,"name":"les jardins de vymm","web":"","txt":"Producteur maraicher sur Lanton, nous cultivons des fruits et légumes de saison sur 3 hectares de terres dont une partie sous serre.\n\nNous nous sommes également entourés de producteurs locaux / régionaux pour les viandes, laitages, épicerie sucrée ou salée.\n\nC'est avec très grand plaisir et le sourire que nous vous accueillons au magasin pour vous raconter notre histoire...\n\nA très bientôt,\nLes Jardins de VYMM","wiki":null,"tel":"0680050915","postCode":33138,"city":"Lanton","addr":" ROUTE DE BORDEAUX","cat":"AM","email":"lesjardinsdevymm@gmail.com"}
,{"lat":44.781171,"lng":-0.560509,"name":"Claire Candelon-Calligraphie Création Majuscule","web":"http://www.calligraphie-creationmajuscule.com","txt":" Calligraphe","wiki":null,"tel":"0660939675","postCode":33140,"city":"Villenave-d'Ornon","addr":"49 avenue Georges Clémenceau App 14, 33140 Villenave d'Ornon","cat":"O","email":"ccm.calligraphie@yahoo.fr"}
,{"lat":44.985652,"lng":-0.308595,"name":"ATELIER LEMOINE","web":"http://www.marqueterie-restauration.com","txt":"Restaurateur de meubles","wiki":null,"tel":"0662771678","postCode":33141,"city":"Villegouge","addr":"9, DAVID NORD, 33141 VILLEGOUGE","cat":"O","email":"atelierlemoine@wanadoo.fr"}
,{"lat":44.88995,"lng":-0.706654,"name":"PL DECO","web":"http://www.pldeco.fr","txt":"Encadreur","wiki":null,"tel":"0681409517","postCode":33160,"city":"Saint-Médard-en-Jalles","addr":"78 avenue Montaigne, 33160 Saint-médard-en-Jalles","cat":"O","email":"p.l.deco@wanadoo.fr"}
,{"lat":44.590256,"lng":-0.080272,"name":"fromagerie beauséjour","web":"http://www.fromageriebeausejour.fr","txt":"Fromagerie artisanale à Gironde sur Dropt. Fabrication de tomme de vache et de tomme de chèvre à la base de lait d'éleveurs locals. Les tommes sont produits selons les traditions fermiers hollandais de facon \"Gouda\".","wiki":null,"tel":"0634664715","postCode":33190,"city":"Gironde-sur-Dropt","addr":" 1 Beauséjour Est ","cat":"AF","email":"jan@fromageriebeausejour.fr"}
,{"lat":44.5668,"lng":-0.119716,"name":"DÉCORS DE VIE","web":"http://www.decorsdevie.fr","txt":" Peintre en décor","wiki":null,"tel":"0670789211","postCode":33190,"city":"Barie","addr":"32 le Bourg, ","cat":"O","email":"isa@decorsdevie.fr"}
,{"lat":44.545952,"lng":-0.022014,"name":"EBENISTERIE ARMELLIN","web":"http://ebenisterie.armellin@orange.fr","txt":" Ebéniste","wiki":null,"tel":"0556710602","postCode":33190,"city":"Fontet","addr":"6 La Bourguette Sud, ","cat":"O","email":"ebenisterie.armellin@orange.fr"}
,{"lat":44.584428,"lng":-0.066718,"name":"L'atelier de l'Image","web":"http://www.latelierdelimage.com","txt":" Photographe illustrateur","wiki":null,"tel":"0556714761","postCode":33190,"city":"La Réole","addr":"Galerie Marchande Intermarché Frimont Ouest, ","cat":"O","email":"latelierdelimage@gmail.com"}
,{"lat":44.845735,"lng":-0.599231,"name":"Chapeaux Cyriane de Trogoff","web":"http://cyriane2t.com","txt":" Chapelier - Modiste","wiki":null,"tel":"0687729285","postCode":33200,"city":"Bordeaux","addr":"3 avenue de Mirmont, ","cat":"O","email":"info@cyriane2t.com"}
,{"lat":44.550451,"lng":-0.107944,"name":"Atelier ","web":"","txt":"Fabricant d'objets décoratifs en tissus (patchworks, tissus appliqués, coussins, drapeaux.)","wiki":null,"tel":"0613057232","postCode":33210,"city":"Castets et Castillon","addr":"1, Mercadet, 33210 Castillonde Castets","cat":"O","email":"lafilleduhangar@gmail.com"}
,{"lat":45.059733,"lng":-0.121939,"name":"Créanoble","web":"http://En cours","txt":"Tourneur sur bois","wiki":null,"tel":"0675952928","postCode":33230,"city":"Coutras","addr":"10 bis boisbelet, ","cat":"O","email":"creanoble@gmail.com"}
,{"lat":45.040702,"lng":-0.187178,"name":"Dexet & Delmas","web":"http://https://dexetdelmas.fr/","txt":"Tapissier d'ameublement/tapissier décorateur","wiki":null,"tel":"0670882498","postCode":33230,"city":"Guîtres","addr":"22 rue Sainte-Catherine, ","cat":"O","email":"contact@dexetdelmas.fr"}
,{"lat":45.050154,"lng":-0.458218,"name":"cantelaudette","web":"https://www.cantelaudette.com","txt":"Plantes Aromatiques & Médicinales en Agriculture Biologique\nProducteur de Miel\nNotre ferme est basée en #gironde à Saint Laurent d’Arce\nwww.cantelaudette.com","wiki":null,"tel":"0682946160","postCode":33240,"city":"Saint-Laurent-d'Arce","addr":" 1 rue cantelaudette","cat":"AA","email":"miel@domaineduriou.com"}
,{"lat":44.958425,"lng":-0.338986,"name":"Union des Producteurs de Lugon","web":"","txt":"Cave coopérative vinicole","wiki":null,"tel":"0557550088","postCode":33240,"city":"Lugon-et-l'Île-du-Carnay","addr":"6 rue Louis Pasteur 33240 Lugon","cat":"A","email":""}
,{"lat":44.940795,"lng":-0.646321,"name":"Le Jardin de Quentin","web":"","txt":"maraîcher et horticulteur","wiki":null,"tel":"0621262150","postCode":33290,"city":"Blanquefort","addr":"60 RUE JOACHIM DU BELLAY  ","cat":"A","email":""}
,{"lat":44.855349,"lng":-0.567712,"name":"ATOUT CUIR","web":"","txt":" Maroquinier","wiki":null,"tel":"0663447745","postCode":33300,"city":"Bordeaux","addr":"4, rue du Faubourg des Arts, ","cat":"O","email":"catexpert@aliceadsl.fr"}
,{"lat":44.85994,"lng":-0.556765,"name":"CLINIQUE DU LUMINAIRE","web":"http://www.cliniqueduluminaire.com","txt":" Fabricant et restaurateur de lustres et luminaires","wiki":null,"tel":"0662460297","postCode":33300,"city":"Bordeaux","addr":"16 rue Bourbon, 33300 BORDEAUX","cat":"O","email":"info@cliniqueduluminaire.com"}
,{"lat":44.855885,"lng":-0.568454,"name":"LA CLINIQUE DES POUPÉES","web":"http://www.clinique-poupees.com","txt":" Fabricant et restaurateur de jeux et jouets","wiki":null,"tel":"0680083773","postCode":33300,"city":"Bordeaux","addr":"34 rue du Faubourg des Arts, ","cat":"O","email":"fab@clinique-poupees.com"}
,{"lat":44.861784,"lng":-0.64378,"name":"BlackSparrow Made In Bordeaux","web":"http://www.blacksparrow.fr","txt":"Brodeur","wiki":null,"tel":"0783053280","postCode":33320,"city":"Eysines","addr":"81 Avenue de Saint Médard, ","cat":"O","email":"contact@blacksparrow.fr"}
,{"lat":44.873695,"lng":-0.139741,"name":"SARL DE MOUR","web":"","txt":"Vigneron","wiki":null,"tel":"0557745586","postCode":33330,"city":"Saint-Laurent-des-Combes","addr":"lieu-dit Baladoz 33330 SAINT-LAURENT-DES-COMBES","cat":"A","email":""}
,{"lat":44.846395,"lng":-0.005466,"name":"l'esprit de jeanne","web":"https://www.lespritdejeanne.fr","txt":"Producteur de CBD (chanvre) - Huile de CBD au spectre complet - Fleur de CBG et CBD - Tisanes au CBD","wiki":null,"tel":"0767188033","postCode":33350,"city":"Mouliets-et-Villemartin","addr":" 64, Avenue de la Dordogne","cat":"A","email":"lespritdejeanne@gmail.com"}
,{"lat":44.805488,"lng":-0.017058,"name":"EARL VIGNOBLES TERRAL","web":"","txt":"Vignerons","wiki":null,"tel":"0664131665","postCode":33350,"city":"Pujols","addr":"Lieu dit Peyronin ","cat":"A","email":""}
,{"lat":44.776086,"lng":-0.478783,"name":"château le parvis de dom tapiau","web":"http://www.chateauleparvis.fr","txt":"Nous sommes producteur de vins Blanc, Clairet et Rouge bio ainsi que de vinaigre.\nÉgalement producteur de légumes bio et d oeufs bio.\nLe tout est produit au château","wiki":null,"tel":"0556201562","postCode":33360,"city":"Camblanes-et-Meynac","addr":" 20 chemin de la croix de beylot 33360 camblanes et meynac","cat":"AM","email":"contact@chateauleparvis.fr"}
,{"lat":44.84656,"lng":-0.441711,"name":"domaine de brondeau lalande","web":"https://www.brondeau-lalande.com/","txt":"Nous sommes viticulteurs depuis 6 generations. Nous produisants Vins Rouge Bordeaux Supérieur. et Rosé.","wiki":null,"tel":"0556729299","postCode":33370,"city":"Pompignac","addr":" 12 Chemin de Brondeau","cat":"AB","email":"brondeau.lalande33@gmail.com"}
,{"lat":44.869625,"lng":-0.500897,"name":"ALEXANDRE MAREUIL","web":"http://www.alexandremareuil.com","txt":"Maroquinier","wiki":null,"tel":"0608681364","postCode":33370,"city":"Artigues-près-Bordeaux","addr":"1, avenue du Millac, 33370 ARTIGUES PRES BORDEAUX","cat":"O","email":"mail@alexandremareuil.com"}
,{"lat":45.103674,"lng":-0.554404,"name":"château joanna & château les gravettes","web":"https://www.chateaujoanna.com","txt":"Le Château JOANNA et Les Gravettes se situe sur la commune de Berson (33390). Le vignoble est certifié HVE 3, nous sommes producteurs récoltants depuis 2016.","wiki":null,"tel":"0685279414","postCode":33390,"city":"Berson","addr":" 18 Les Hivers","cat":"A","email":"chateaujoanna@orange.fr"}
,{"lat":44.814803,"lng":-0.57463,"name":"TESSAE MOSAïQUE MODERNE","web":"http://www.tessae.com","txt":" Mosaïste","wiki":null,"tel":"0617274317","postCode":33400,"city":"Talence","addr":"93 rue de Caudérès, ","cat":"O","email":"contact@tessae.com"}
,{"lat":44.67821,"lng":-0.324877,"name":"château du payre","web":"https://www.wikiroute.fr","txt":"Découvrez la Passion du terroir au féminin depuis 5 générations. 3 Best of wine Tourism obtenu pour la qualité et diversité de l'accueil. \nUne boutique ouverte de 10h-12h / 15h -18h proposant la gamme de vins produite et certifiée en TERRA VITIS (viticulture Raisonnable et Durable) \npour le plus grand plaisir des amateurs de vins et pur jus de raisin. \n4 Chambres d'hôtes pouvant recevoir 8 à 10 personnes et table d'hôtes avec la production du jardin au fils des saisons.","wiki":null,"tel":"0556626091","postCode":33410,"city":"Cardan","addr":" 13 Le Vic","cat":"AB","email":"chateaudupayre@gmail.com"}
,{"lat":44.635609,"lng":-0.320951,"name":"cardon  dominique","web":"http://www.pepinierecardon.fr","txt":"Pépinières et création de jardins, bassin petite taille","wiki":null,"tel":"0556762971","postCode":33410,"city":"Cadillac-sur-Garonne","addr":" 11 avenue de Lattre de Tassigny 33410 Cadillac ","cat":"A","email":"Cardon.dominique0072@orange.fr"}
,{"lat":44.662395,"lng":-0.31593,"name":"Château Vieille Tour","web":"","txt":"Vigneron indépendant","wiki":null,"tel":"0674517209","postCode":33410,"city":"Laroque","addr":"1 la Pradiasse ","cat":"A","email":""}
,{"lat":44.652659,"lng":-0.291785,"name":"Au Clavier Bien Tempéré","web":"http://www.auclavier-bientempere.fr/","txt":"Facteur et restaurateur de pianos","wiki":null,"tel":"0601937596","postCode":33410,"city":"Omet","addr":"4 lieu-dit Poncet, ","cat":"O","email":"xavier.bontemps@free.fr"}
,{"lat":44.594237,"lng":-0.287425,"name":"Coralie QUINCEY","web":"http://coraliequincey.blog4ever.com","txt":"Tailleur de pierre","wiki":null,"tel":"0683756161","postCode":33410,"city":"Sainte-Croix-du-Mont","addr":"4, Le Peyrat, 33410 Sainte Croix du Mont","cat":"O","email":"coralie.quincey@hotmail.fr"}
,{"lat":44.796353,"lng":-0.15499,"name":"Gaec des abeilles de l'engranne","web":"","txt":"Apiculteur","wiki":null,"tel":"0789620510","postCode":33420,"city":"Rauzan","addr":"3 LD LES EYCARS ","cat":"A","email":""}
,{"lat":44.799799,"lng":-0.249318,"name":"Bergerie de Daignac","web":"","txt":"Bergère","wiki":null,"tel":"0681458866","postCode":33420,"city":"Daignac","addr":"32 Bourg Nord ","cat":"A","email":""}
,{"lat":44.374493,"lng":-0.182982,"name":"Laurent BORDES","web":"","txt":"AGRICULTEUR","wiki":null,"tel":"0619644316","postCode":33430,"city":"Cudos","addr":"La segue 33430 CUDOS","cat":"A","email":""}
,{"lat":44.380619,"lng":-0.244543,"name":"ACH NHP SERVICES","web":"http://www.nhpservices.fr","txt":"Ferronnier","wiki":null,"tel":"0680077753","postCode":33430,"city":"Bernos-Beaulac","addr":"13 chemin de Calonjat, 33430 BERNOS BEAULAC","cat":"O","email":"contact@nhpservices.fr"}
,{"lat":44.400054,"lng":-0.132191,"name":"MéTALLERIE D'ART BERNARD LAMBERT","web":"http://ferrometal.monsite.wanadoo.fr","txt":"Sculpteur sur métal","wiki":null,"tel":"0556252055","postCode":33430,"city":"Cudos","addr":"La Potence, ","cat":"O","email":"ferrometal@wanadoo.fr"}
,{"lat":44.941271,"lng":-0.408222,"name":"Thierry Lagarde Tapissier","web":"http://www.thierrylagarde-tapissier.fr","txt":" Tapissier d'ameublement/tapissier décorateur","wiki":null,"tel":"0662924120","postCode":33450,"city":"Saint-Loubès","addr":"86 route des Palues, ","cat":"O","email":"thierrylagarde.tapissier@gmail.com"}
,{"lat":45.013804,"lng":-0.607365,"name":"ROLAND DARASPE","web":"http://www.daraspe.com","txt":" Orfèvre","wiki":null,"tel":"0557884879","postCode":33460,"city":"Macau","addr":"6, chemin du Tayet, ","cat":"O","email":"daraspe@daraspe.com"}
,{"lat":44.635064,"lng":-1.018814,"name":"sas HIGH-TECHPROBAT","web":"http://high-techprobat.wix.com/-maitreartisan","txt":" Ferronnier","wiki":null,"tel":"0785564556","postCode":33470,"city":"Le Teich","addr":"9ter rue du Stade, ","cat":"O","email":"masjeanmarc33470@gmail.com"}
,{"lat":44.935327,"lng":-0.23764,"name":"FONDERIE DES CYCLOPES","web":"http://www.fonderiedescyclopes.com","txt":"Sculpteur statuaire","wiki":null,"tel":"0676475918","postCode":33500,"city":"Libourne","addr":"51, allée des Castors, 33500 LIBOURNE","cat":"O","email":"lescyclopes@free.fr"}
,{"lat":44.920391,"lng":-0.241788,"name":"Isabelle Adragna","web":"","txt":" Décorateur sur verre","wiki":null,"tel":"0669206676","postCode":33500,"city":"Libourne","addr":"38, avenue Foch, ","cat":"O","email":"iadragna@outlook.fr"}
,{"lat":44.720813,"lng":-0.313982,"name":"Les Vergers de Jagny","web":"","txt":"Arboriculteur","wiki":null,"tel":"","postCode":33550,"city":"Capian","addr":"Olivier POTIRON","cat":"A","email":""}
,{"lat":44.710081,"lng":-0.403109,"name":"TERCECRET","web":"http://tercecret.com","txt":"Tabletier","wiki":null,"tel":"0652625582","postCode":33550,"city":"Le Tourne","addr":"7 route de bordeaux, ","cat":"O","email":"contact@tercecret.com"}
,{"lat":44.928801,"lng":-0.164821,"name":"Château Jura-Plaisance","web":"","txt":"Viticulteur","wiki":null,"tel":"0557519144","postCode":33570,"city":"Montagne","addr":"Château Jura Plaisance ","cat":"A","email":""}
,{"lat":44.753799,"lng":-0.696675,"name":"JB Créations","web":"http://www.jocelyne-bijoux.fr","txt":"Fabricant d'accessoires de mode","wiki":null,"tel":"0633600886","postCode":33610,"city":"Cestas","addr":"27 Chemin du petit trianon, ","cat":"O","email":"jpbonneuil@orange.fr"}
,{"lat":44.752531,"lng":-0.68705,"name":"M. VIDEAU CHRISTIAN","web":"http://www.gravure-christian-videau.com","txt":" Graveur","wiki":null,"tel":"0556215152","postCode":33610,"city":"Cestas","addr":"Z.I. de Marticot Box 12, 33610 CESTAS","cat":"O","email":"christian.videau@apad-gravure.com"}
,{"lat":45.047288,"lng":-0.329178,"name":"la spirale du goût","web":"","txt":"Héliciculteur à Marcenais, j'éléve et cuisine mes escargots de façon traditionnelle que je vend sur le marché.","wiki":null,"tel":"0641980288","postCode":33620,"city":"Marcenais","addr":" 7 le plantier","cat":"A","email":"soubiale.christophe@gmail.com"}
,{"lat":45.128587,"lng":-0.426483,"name":"Château Les Graves la Valade","web":"","txt":"Viticulteur","wiki":null,"tel":"0557589717","postCode":33620,"city":"Saint-Mariens","addr":"3 la Valade ","cat":"A","email":""}
,{"lat":44.647438,"lng":-0.505783,"name":"créavinsdefruits","web":"https://creavinsdefruits.com","txt":"Maître de chai","wiki":null,"tel":"330628698985","postCode":33650,"city":"Saint-Morillon","addr":"556 rue du Notaire 33650 Saint Morillon","cat":"AA","email":"creavinsdefruits@gmail.com"}
,{"lat":44.721256,"lng":-0.506347,"name":"le jardin d'eyrans co-actions","web":"","txt":"maraicher","wiki":null,"tel":"0643875815","postCode":33650,"city":"Saint-Médard-d'Eyrans","addr":"4 chemin de la bugonne 33650 st medard d'eyrans","cat":"A","email":""}
,{"lat":44.976974,"lng":-1.075772,"name":"MONTIS NEFF","web":"","txt":" Maroquinier","wiki":null,"tel":"0557703215","postCode":33680,"city":"Lacanau","addr":"12 rue de caupos, ","cat":"O","email":"d.2.m@free.fr"}
,{"lat":44.82842,"lng":-0.667636,"name":"dmiah","web":"https://dmiah.eatbu.com/","txt":"DMIAH spécialiste en épicerie fine africaine vous propose entre autres des sauces végétales et boissons aux saveurs d'Afrique.\nInspirées de traditions culinaires africaines mais adaptées au palais européen.","wiki":null,"tel":"0634486017","postCode":33700,"city":"Mérignac","addr":" 137 avenue de la somme 33700 Mérignac ","cat":"AC","email":"contact.dmiah@gmail.com"}
,{"lat":44.842985,"lng":-0.631927,"name":"brasserie my little beer","web":"http://www.mylittlebeer.fr","txt":"Producteurs de bières artisanales brassées à Mérignac (Gironde), nous proposons des recettes de bières régulières (blonde, ambrée, brune, IPA, blanche..) et des bières éphémères en fonction des saisons et de nos envies. Nous vous proposons également une large gamme de biscuits sucrés et salés cuisinés maison à base de drêches (céréales utilisées en brasserie) et des gelées de bières qui accompagnent délicieusement foies gras, viandes blanches, fromages et desserts. Nous n'utilisons que des ingrédients naturels, sans additifs ni conservateurs. Nous nous efforçons d'être éco-responsables et de limiter notre production de déchets et notre impact sur l'environnement. C'est ainsi, par exemple,  que nous n'employons pas de produits agressifs pour l'environnement dans nos process de nettoyage.","wiki":null,"tel":"","postCode":33700,"city":"Mérignac","addr":" Quartier Bourranville","cat":"AB","email":"mylittlebeer33@gmail.com"}
,{"lat":44.829386,"lng":-0.615516,"name":"floralie","web":"","txt":"Produits ménagers naturels, aux aromates et plantes du jardin.\nPour le sol, les vitres, la lessive, et toute la maison, rien de mieux que les bonnes recettes de grand mère agrémentées de basilic, sauge, laurier et thym pour rafraîchir votre maison.","wiki":null,"tel":"0613335341","postCode":33700,"city":"Mérignac","addr":" 20 rue chateau thierry","cat":"P","email":"floraliebordeaux@gmail.com"}
,{"lat":45.042099,"lng":-0.514034,"name":"la landette","web":"","txt":"Petite exploitation , culture de la vigne , aromates, petits fruits et confection de confitures et gelées","wiki":null,"tel":"0684856319","postCode":33710,"city":"Tauriac","addr":" tauriac","cat":"AF","email":"chateaulalandette@yahoo.fr"}
,{"lat":45.04149,"lng":-0.587336,"name":"ATELIER NATHALIE LEGILLON","web":"http://natlegillon.wordpress.com","txt":"Peintre en décor","wiki":null,"tel":"0698146224","postCode":33710,"city":"Bourg","addr":"22 Pain de Sucre, ","cat":"O","email":"nat.legillon@hotmail.fr"}
,{"lat":44.547642,"lng":-0.447308,"name":"EARL CARREYRE ET FILS","web":"","txt":"VITICULTEUR","wiki":null,"tel":"0607599786","postCode":33720,"city":"Landiras","addr":"1 BATSERES NORD 33720  LANDIRAS","cat":"A","email":""}
,{"lat":44.557906,"lng":-0.409821,"name":"CHATEAU SAUVAGE","web":"","txt":"Viticuteur","wiki":null,"tel":"0623325952","postCode":33720,"city":"Landiras","addr":"Manine Est ","cat":"A","email":""}
,{"lat":44.56122,"lng":-0.388623,"name":"CHATEAU DE LANDIRAS - SCA DOMAINE LA GRAVE","web":"","txt":"VITICULTEUR","wiki":null,"tel":"0556767661","postCode":33720,"city":"Landiras","addr":"CHATEAU DE LANDIRAS 33720 LANDIRAS","cat":"A","email":""}
,{"lat":44.385,"lng":-0.425514,"name":"Confitures Gondolo","web":"","txt":"Artisan","wiki":null,"tel":"0556652133","postCode":33730,"city":"Préchac","addr":"Lieu-dit Hourdos ","cat":"A","email":""}
,{"lat":44.467848,"lng":-0.40368,"name":"Histoires de fruits","web":"","txt":"Confiturière","wiki":null,"tel":"0695936129","postCode":33730,"city":"Balizac","addr":"5 Pouchon ","cat":"A","email":""}
,{"lat":44.446791,"lng":-0.314512,"name":"Ferme de la Garouille","web":"","txt":"Aviculteur","wiki":null,"tel":"0556253410","postCode":33730,"city":"Uzeste","addr":"Mieys de Bas ","cat":"A","email":""}
,{"lat":44.459083,"lng":-0.373063,"name":"ATELIER LES MATTONELLES","web":"http://www.mattonelles.com","txt":"Peintre sur faïence","wiki":null,"tel":"0556251850","postCode":33730,"city":"Villandraut","addr":"8, rue Boulin, ","cat":"O","email":"mattonelles@aliceadsl.fr"}
,{"lat":44.878558,"lng":-0.348027,"name":"la maison grand monteil","web":"","txt":"Entreprise familiale mettant en avant les produits bios et locaux.\nNous vendons du vin biologique, ainsi que des paniers de fruits et légumes au public et aux comités d'entreprise.","wiki":null,"tel":"0557516739","postCode":33750,"city":"Beychac-et-Caillau","addr":" 9 Route du Beroy Z.A. du lapin","cat":"AM","email":"emma.linitero@gmail.com"}
,{"lat":44.852736,"lng":-0.294743,"name":"Terr'a Safran","web":"","txt":"Viticultrice et safranière","wiki":null,"tel":"0662651514","postCode":33750,"city":"Nérigean","addr":"1 lieu-dit Mathieu Eyraud  ","cat":"A","email":""}
,{"lat":44.825336,"lng":-0.377352,"name":"MARIE RENOULT","web":"http://www.marierenoult.com","txt":" Restaurateur de tableaux","wiki":null,"tel":"0618811507","postCode":33750,"city":"Camarsac","addr":"24 chemin de loupes, ","cat":"O","email":"marierenoult@hotmail.com"}
,{"lat":44.76085,"lng":-0.151492,"name":"les champis de l'antre deux mers","web":"","txt":"Vente en directe de champignons (Pleurotes et Shiitakes) et d'endives BIO, cultivés dans des carrières souterraines chargées d'histoire (visites tous les samedis de 9h à 12h)","wiki":null,"tel":"0767505445","postCode":33760,"city":"Lugasson","addr":" Le Charron","cat":"AO","email":"ca2m@gmx.fr"}
,{"lat":44.830285,"lng":-0.564678,"name":"Atelier de babou","web":"http://atelierdebabou.blogspot.com","txt":" Tisserand","wiki":null,"tel":"0630534673","postCode":33800,"city":"Bordeaux","addr":"20, rue des douves, 33800 BORDEAUX","cat":"O","email":"atelierdebabou@cegetel.net"}
,{"lat":44.82996,"lng":-0.568387,"name":"Capucine Herveau Broderie","web":"http://www.capucine-herveau.com","txt":"Brodeur","wiki":null,"tel":"0674573339","postCode":33800,"city":"Bordeaux","addr":"66 COURS DE LA MARNE, ","cat":"O","email":"capucine.herveau@gmail.com"}
,{"lat":44.825584,"lng":-0.569173,"name":"LAURENE VIDAL / LOZAÏK CRÉATION\n","web":"http://www.lozaik.com ","txt":" Mosaïste","wiki":null,"tel":"0687049127","postCode":33800,"city":"Bordeaux","addr":"1 rue Rateau, ","cat":"O","email":"contact@lozaik.com"}
,{"lat":44.450984,"lng":-0.949586,"name":"Atelier Etoile Majorelle","web":"http://https://www.atelieretoilemajorelle.com","txt":" Peintre en décor","wiki":null,"tel":"0631477920","postCode":33830,"city":"Lugos","addr":"3 piste de Millet, 33830 LUGOS","cat":"O","email":"atelieretoilemajorelle@gmail.com"}
,{"lat":44.80563,"lng":0.071549,"name":"Noémie Keren","web":"http://www.lacalligraphe.fr","txt":" Calligraphe","wiki":null,"tel":"0674505579","postCode":33890,"city":"Gensac","addr":"9 rue des Allées, ","cat":"O","email":"contact@noemie-keren.fr"}
,{"lat":44.971855,"lng":-0.166875,"name":"le jardin d'antonin","web":"https://www.facebook.com/pages/Le-Jardin-dAntonin/559129897462006?fref=ts","txt":"Maraîcher","wiki":null,"tel":"0670492831","postCode":33910,"city":"Saint-Denis-de-Pile","addr":" 69 route des Artigues","cat":"AM","email":"jardindantonin.33@gmail.com"}
,{"lat":45.113674,"lng":-0.462989,"name":"Fromagerie de Civrac","web":"","txt":"Fromager","wiki":null,"tel":"0642692451","postCode":33920,"city":"Civrac-de-Blaye","addr":"2 le Brustier ","cat":"A","email":""}
]}