{"id":59,"producers":[
{"lat":50.617995,"lng":3.061186,"name":"ATELIER LECLERCQ - DE LESCURE","web":"","txt":" Restaurateur de tableaux","wiki":null,"tel":"0320551922","postCode":59000,"city":"Lille","addr":"Saint - jacques, ","cat":"O","email":"bernleclercq@yahoo.fr"}
,{"lat":50.613456,"lng":3.047212,"name":"EIRL LAMBERT_COUCOT","web":"http://www.coucot.com","txt":"Sertisseur","wiki":null,"tel":"0612668296","postCode":59000,"city":"Lille","addr":"62 rue du Faubourg des Postes, ","cat":"O","email":"contact@coucot.fr"}
,{"lat":50.624351,"lng":3.038533,"name":"ENCADREMENT JACQUELINE BOUCHET","web":"","txt":"Encadreur","wiki":null,"tel":"0677011618","postCode":59000,"city":"Lille","addr":"31, rue Roubaix, 59000 Lille","cat":"O","email":"jmf.bouchet@free.fr"}
,{"lat":50.619817,"lng":3.049105,"name":"IMPRIMERIE BLAS-DESMOUTIEZ","web":"http://www.blas-desmoutiez.fr","txt":"Imprimeur en typographie","wiki":null,"tel":"0320547857","postCode":59000,"city":"Lille","addr":"Jean du Solier, ","cat":"O","email":"bblas@nordnet.fr"}
,{"lat":50.622258,"lng":3.062156,"name":"JUAN RIUSECH BIJOUX D'AUTEUR","web":"http://www.juanriusech.com","txt":"Joaillier","wiki":null,"tel":"0628211357","postCode":59000,"city":"Lille","addr":"111, boulevard Victor Hugo, ","cat":"O","email":"info.jrba@juanriusech.com"}
,{"lat":50.623892,"lng":3.055118,"name":"MOZAIQUE","web":"http://mozaique.lille.free.fr","txt":" Mosaïste","wiki":null,"tel":"0684447675","postCode":59000,"city":"Lille","addr":"2, rue Chevreul, ","cat":"O","email":"zygomalas@free.fr"}
,{"lat":50.629296,"lng":3.056901,"name":"MURIEL THERON","web":"http://www.abatjour.mtheron.fr","txt":" Fabricant et restaurateur d'abat-jour","wiki":null,"tel":"0320549331","postCode":59000,"city":"Lille","addr":"26 place Sébastopol, 59000 LILLE","cat":"O","email":"abatjour.mtheron@wanadoo.fr"}
,{"lat":50.618257,"lng":3.077195,"name":"Mélinda Chane","web":"","txt":"Sculpteur sur bois","wiki":null,"tel":"0670145673","postCode":59000,"city":"Lille","addr":"1 bis rue Charles Delesalle, ","cat":"O","email":"atelier.melinda.chane@gmail.com"}
,{"lat":50.72632065233137,"lng":3.196244360186072,"name":"La Gentle Factory","web":"http://www.lagentlefactory.com/","txt":"Vêtements made in France","wiki":null,"tel":"0359393250","postCode":59100,"city":"Roubaix","addr":"117 Rue Montgolfier","cat":"H","email":"X"}
,{"lat":50.701113,"lng":3.176979,"name":"Olivier Melilli","web":"http://https://silver.melilli.fr","txt":" Maître-verrier (ou Vitrailliste)","wiki":null,"tel":"0667297144","postCode":59100,"city":"Roubaix","addr":"80, rue St Joseph, 59100 ROUBAIX","cat":"O","email":"olivier.melilli@gmail.com"}
,{"lat":50.656668,"lng":3.060748,"name":"ART ET AUTHENTIQUE","web":"http://art.authentique.free.fr","txt":"Escaliéteur","wiki":null,"tel":"0662433309","postCode":59110,"city":"La Madeleine","addr":"81, rue du Pré Catelan Espace Pré Catelan, 59110 LA MADELEINE","cat":"O","email":"art.authentique@free.fr"}
,{"lat":50.653007,"lng":3.078155,"name":"CiBissée","web":"","txt":" Bijoutier fantaisie","wiki":null,"tel":"0659782749","postCode":59110,"city":"La Madeleine","addr":"148, rue Faidherbe, ","cat":"O","email":"cibissee@gmail.com"}
,{"lat":50.681827,"lng":3.043034,"name":"talents de ferme","web":"http://www.talentsdefermes.fr","txt":"regroupement de producteurs\nproduits laitiers, viande, boulangerie","wiki":null,"tel":"","postCode":59118,"city":"Wambrechies","addr":" Avenue de l'Abbé Pierre ","cat":"AV","email":""}
,{"lat":50.614902,"lng":3.026165,"name":"JLA Vitrail","web":"http://www.jlavitrail.com/","txt":"Restaurateur de vitraux","wiki":null,"tel":"0626255412","postCode":59120,"city":"Loos","addr":"4 rue Jules Ferry, ","cat":"O","email":"jla-vitrail@hotmail.com"}
,{"lat":50.040673,"lng":4.103741,"name":"le verger biologique d'ohain","web":"","txt":"Le Verger cultive fruits et légumes et confectionne avec ses récoltes divers produits dérivés.","wiki":null,"tel":"0327602219","postCode":59132,"city":"Ohain","addr":" 15 rue du Gros Tilleul","cat":"AM","email":""}
,{"lat":50.029916,"lng":3.288197,"name":"POTENCIER BRODERIES","web":"http://www.potencier.com","txt":" Brodeur","wiki":null,"tel":"0682807199","postCode":59142,"city":"Villers-Outréaux","addr":"106, rue Gambetta, ","cat":"O","email":"jlpotencier@potencier.com"}
,{"lat":50.541865,"lng":2.984219,"name":"Debailleux Bois","web":"http://debailleux.bois.pagesperso-orange.fr","txt":"Sculpteur sur bois","wiki":null,"tel":"0668642327","postCode":59147,"city":"Gondecourt","addr":"85 rue Nationale, 59147 GONDECOURT","cat":"O","email":"debailleux.bois@orange.fr"}
,{"lat":50.553518,"lng":2.976626,"name":"HABITS DE LUMIÈRE","web":"http://www.habitsdelumiere.com","txt":"Fabricant et restaurateur de lustres et luminaires","wiki":null,"tel":"0620755744","postCode":59147,"city":"Gondecourt","addr":"97, rue de LA Barre, 59147 GONDECOURT","cat":"O","email":"contact@habitsdeumiere.com"}
,{"lat":50.548257,"lng":2.982066,"name":"L'ART DU TEMPS","web":"http://www.mosaiqueantique.fr","txt":"Décorateur céramique","wiki":null,"tel":"0320909679","postCode":59147,"city":"Gondecourt","addr":"1, rue Ronsard, ","cat":"O","email":"contact@mosaiqueantique.fr"}
,{"lat":50.314818,"lng":3.352819,"name":"L'ART ET LE TEMPS","web":"","txt":" Fabricant et restaurateur d'horloges, carillons, pendules, aiguilles, balanciers","wiki":null,"tel":"0327441381","postCode":59156,"city":"Lourches","addr":"605, rue Jean Jaures, ","cat":"O","email":"jcdabonneville@free.fr"}
,{"lat":50.640996,"lng":2.981332,"name":"GIL DE CRAY CRÉATIONS","web":"","txt":" Bijoutier fantaisie","wiki":null,"tel":"0609934080","postCode":59160,"city":"Lille","addr":"6, rue François  Villon, 59160 LOMME","cat":"O","email":"gildecray@gmail.com"}
,{"lat":50.477876,"lng":3.622023,"name":"Atelier Gérard BODENAN","web":"http://ornementsdetoiture.com","txt":" Couvreur ornemaniste","wiki":null,"tel":"0607025996","postCode":59163,"city":"Condé-sur-l'Escaut","addr":"186 route de Bernissart, 59163 Condé sur l'Escaut","cat":"O","email":"bodenan@wanadoo.fr"}
,{"lat":50.443227,"lng":3.64087,"name":"VELOURS ET PAMPILLES","web":"http://www.velours-et-pampilles.com","txt":" Tapissier d'ameublement/tapissier décorateur","wiki":null,"tel":"0664101160","postCode":59163,"city":"Thivencelle","addr":"Rue de Saint Aybert 129, ","cat":"O","email":"atmanioc@hotmail.com"}
,{"lat":50.67952,"lng":3.150421,"name":"L'ART DU CANNAGE","web":"http://lartducannage.canalblog.com","txt":" Canneur-rempailleur","wiki":null,"tel":"0682011306","postCode":59170,"city":"Croix","addr":"8 rue de Chicago, ","cat":"O","email":"laurence.mieg@gmail.com"}
,{"lat":50.998647,"lng":2.35389,"name":"EARL des Fraisiers","web":"","txt":"","wiki":null,"tel":"","postCode":59180,"city":"Cappelle-la-Grande","addr":"Denis HEMBERT","cat":"A","email":""}
,{"lat":50.714155,"lng":2.556113,"name":"SENELAR LARSON JUHL","web":"http://www.larsonjuhl.fr","txt":" Encadreur","wiki":null,"tel":"0624637552","postCode":59190,"city":"Hazebrouck","addr":"232, route de Vieux Berquin, ","cat":"O","email":"jhonegger@larsonjuhl.fr"}
,{"lat":50.732901,"lng":3.151739,"name":"CHRISTIAN-PIERRE VANDENBOSCH","web":"http://www.vdb-ebeniste.com","txt":"Vernisseur au tampon ","wiki":null,"tel":"0621408842","postCode":59200,"city":"Tourcoing","addr":"254 rue de la Latte, 59200 TOURCOING","cat":"O","email":"chpierrevandenbosch@tele2.fr"}
,{"lat":51.027973,"lng":2.390245,"name":"QUADRIPOL","web":"","txt":"Modéliste","wiki":null,"tel":"0328630290","postCode":59210,"city":"Coudekerque-Branche","addr":"23 RUE Van Artselaere, 59210 Coudekerque Branche","cat":"O","email":"contact@tryame.com"}
,{"lat":50.590727,"lng":2.97007,"name":"ATELIER D'ART - PEINTURE SUR BOIS MARTINE JACLIN","web":"","txt":" Décorateur sur bois","wiki":null,"tel":"0612791744","postCode":59211,"city":"Santes","addr":"48 rue Marguerite Leplat, ","cat":"O","email":"martine.jaclin2@orange.fr"}
,{"lat":50.16167,"lng":3.427855,"name":"le rucher des bambins","web":"","txt":"Producteur récoltant de miel\nIl nous reste actuellement :\n?\tdu miel de printemps composé de pollens de colza, pissenlit, haies et trèfles. Il est particulièrement crémeux cette année.\n?\tdu miel dit d’été composé de tilleuls. Plus fort au goût avec des notes mentholées.\npage FACEBOOK: le rucher des bambins","wiki":null,"tel":"0679830716","postCode":59214,"city":"Quiévy","addr":" 47 Rue Jean Baptiste LEBAS","cat":"AA","email":"david.leclere@laposte.net"}
,{"lat":50.197674,"lng":3.582715,"name":"DUFOUR","web":"http://www.sculpteur-dufour.com","txt":"Céramiste","wiki":null,"tel":"0621086112","postCode":59218,"city":"Neuville-en-Avesnois","addr":"9, rue du Maréchal Foch, 59218 NEUVILLE EN AVESNOIS","cat":"O","email":"francois.dufoursculpteur@laposte.net"}
,{"lat":50.438217,"lng":3.447251,"name":"Atelier Or Juliette Malesieux","web":"http://atelierorjuliettemalesieux.wordpress.com","txt":" Doreur-ornemaniste","wiki":null,"tel":"0670038961","postCode":59230,"city":"Saint-Amand-les-Eaux","addr":"811 rue basse, ","cat":"O","email":"juliette_malesieux@hotmail.fr"}
,{"lat":50.529025,"lng":3.155316,"name":"ISVEA CRÉATIONS","web":"http://www.isvea.fr","txt":" Verrier au chalumeau ","wiki":null,"tel":"0631606050","postCode":59242,"city":"Templeuve-en-Pévèle","addr":"22 rue d'Ennevelin, 59242 TEMPLEUVE","cat":"O","email":"anne-rg@orange.fr"}
,{"lat":50.477243,"lng":3.096221,"name":"L'ANTRE DE TERRE","web":"http://lantredeterre.art-ifice.com","txt":"Tourneur céramique","wiki":null,"tel":"0673233547","postCode":59246,"city":"Mons-en-Pévèle","addr":"22 RUE DU CAWOIN, 59246 MONS EN PEVELE","cat":"O","email":"francois_tabary@voila.fr"}
,{"lat":50.641329,"lng":2.722219,"name":"brasserie exiguë","web":"https://www.brasserieExigue.fr","txt":"La brasserie Exiguë est une brasserie traditionnelle qui laisse la part belle aux saveurs de malt. Une gamme permanente de 5 bières (blonde, rousse, blanche, triple et stout) est complétée régulièrement par des bières éphémères.","wiki":null,"tel":"0622118318","postCode":59253,"city":"La Gorgue","addr":" 91 bis rue du général de Gaulle 59253 La Gorgue 5","cat":"AB","email":"contact@brasserieexigue.fr"}
,{"lat":50.685763,"lng":2.868827,"name":"Plume Magicienne","web":"http://www.plume-magicienne.fr","txt":" Peintre en décor","wiki":null,"tel":"0664708204","postCode":59280,"city":"Armentières","addr":"120 boulevard FAIDHERBE, 59280 ARMENTIERES","cat":"O","email":"plume.magicienne@orange.fr"}
,{"lat":50.302551,"lng":3.387755,"name":"L'AGE D'OR ANTIQUITÉS","web":"http://www.membreslycos/agedor.fr","txt":"Vernisseur au tampon ","wiki":null,"tel":"0612101115","postCode":59282,"city":"Douchy-les-Mines","addr":"Avenue de la République  116 bis, 59282 DOUCHY les MINES","cat":"O","email":"jacdruon@wanadoo.fr"}
,{"lat":50.662969,"lng":3.122959,"name":"SARL TRANCHEFIL","web":"","txt":" Gainier","wiki":null,"tel":"0689197069","postCode":59290,"city":"Wasquehal","addr":"8, avenue Désiré Delesalle, 59290 WASQUEHAL","cat":"O","email":"tranchefile@wanadoo.fr"}
,{"lat":50.354448,"lng":3.522042,"name":"DUFOUR GÉRARD","web":"","txt":"Décorateur étalagiste","wiki":null,"tel":"0620927132","postCode":59300,"city":"Valenciennes","addr":"111, rue de Famars, 59300 VALENCIENNES","cat":"O","email":"gerard.dufour122@orange.fr"}
,{"lat":50.35452,"lng":3.522003,"name":"SéBASTIEN- JOAILLIER-CRéATEUR","web":"http://www.sebastien-creations.com","txt":"Sertisseur","wiki":null,"tel":"0327479367","postCode":59300,"city":"Valenciennes","addr":"107, rue de Famars, 59300 VALENCIENNES","cat":"O","email":"info@sebastien-creations.com"}
,{"lat":50.612987,"lng":2.983658,"name":"ATELIER DE RELIURE DE LA POMME D’OR","web":"","txt":"Gainier","wiki":null,"tel":"0320482687","postCode":59320,"city":"Haubourdin","addr":"25 rue JF Kennedy, 59320 HAUBOURDIN","cat":"O","email":"hervedelecourt@orange.fr"}
,{"lat":50.68596414911959,"lng":3.0330583017688344,"name":"Lemahieu","web":"https://www.lemahieu.com/","txt":"Fabricant et vente de vêtements Made in France","wiki":null,"tel":null,"postCode":59350,"city":"Saint-André-lez-Lille","addr":"480 Av. du Maréchal de Lattre de Tassigny,","cat":"H","email":"X"}
,{"lat":50.659555,"lng":3.22939,"name":"ferme cimetiere","web":"https://www.facebook.com/fermeCIMETIERE","txt":"Exploitation familiale de 15 ha orientée vente directe\nproduction maraîchère(environ 30 légumes de saison) laitière (transformation de toute la production) Spécialité Fraise de pleine Terre et Endive de pleine Terre.","wiki":null,"tel":"0633268698","postCode":59390,"city":"Toufflers","addr":" 35 rue des Champs","cat":"AM","email":"denis.fermecimetiere@sfr.fr"}
,{"lat":50.123091,"lng":3.279024,"name":"le rucher de leaya","web":"https://www.vente-achat-miel-bio.com","txt":"Apiculteurs depuis 2017 à Marcoing près de Cambrai dans le Nord Pas-de-Calais en Hauts-de-France, nous pratiquons une agriculture paysanne, éthique et écologique. Certifiés Agriculture Biologique depuis juin 2019, nous proposons une large gamme de produits issus de notre production apicole (miel bio, produits transformés et produits cosmétiques respectueux de l’environnement), ainsi que différentes formations (découverte du monde des abeilles, initiation, formation à l’apiculture, ateliers de formation dédiés à la Slow Cosmétique, à l’Api-Aromathérapie et à la saponification à froid). \nNous vous offrons aussi la possibilité de contribuer à la sauvegarde des abeilles en parrainant une ruche. \nSi l'aventure vous intéresse, contactez-nous !","wiki":null,"tel":"0680510056","postCode":59400,"city":"Séranvillers-Forenville","addr":" 48 Bis Grand Rue","cat":"AA","email":"lerucherdeleaya@gmail.com"}
,{"lat":50.18332,"lng":3.224919,"name":"ART ET DÉCO DU SIÈGE","web":"","txt":" Restaurateur de meubles","wiki":null,"tel":"0327833851","postCode":59400,"city":"Cambrai","addr":"12 , rue de douai, ","cat":"O","email":"chevalier.yves@wanadoo.fr"}
,{"lat":50.696163,"lng":3.143191,"name":"LA PETITE COUTURIÈRE","web":"http://www.la-petite-couturiere.com","txt":" Tailleur-couturier","wiki":null,"tel":"0320120358","postCode":59420,"city":"Mouvaux","addr":"182, rue de Roubaix, 59420 MOUVAUX","cat":"O","email":"lapetitecouturiere@free.fr"}
,{"lat":50.112135,"lng":3.93161,"name":"ATELIER BERNARD PETER","web":"","txt":"Restaurateur de meubles","wiki":null,"tel":"0327610192","postCode":59440,"city":"Avesnelles","addr":"Rue d'Etroeungt, 59440 AVESNELLES","cat":"O","email":"atelier.bpeter@wanadoo.fr"}
,{"lat":50.859924,"lng":2.50692,"name":"ATELIER TERRE DE FLANDRE","web":"http://www.terredeflandre.fr","txt":"Tourneur céramique","wiki":null,"tel":"0328207382","postCode":59470,"city":"Wormhout","addr":"1565 chemin de la Bazace, ","cat":"O","email":"terredeflandre@gmail.com"}
,{"lat":50.52973,"lng":2.803271,"name":"ETS DELVILLE","web":"http://www.ets-delville.fr","txt":" Tapissier d'ameublement/tapissier décorateur","wiki":null,"tel":"0609159435","postCode":59480,"city":"La Bassée","addr":"2 RUE SAINT ACQUART, ","cat":"O","email":"tapissier@ets-delville.fr"}
,{"lat":50.531129,"lng":2.80231,"name":"Studio Jean-Christophe Hecquet","web":"http://www.photoshecquet.com","txt":"Photographe illustrateur","wiki":null,"tel":"0608913388","postCode":59480,"city":"La Bassée","addr":"3 Rue d' Estaires, ","cat":"O","email":"hecquet@mac.com"}
,{"lat":50.539722,"lng":2.875728,"name":"romuald botte","web":"","txt":"Maraîcher horticulteur et aviculteur dans la ville d'Hantay.","wiki":null,"tel":"0663052392","postCode":59496,"city":"Hantay","addr":" 22 rue Roger Salengro","cat":"AM","email":""}
,{"lat":50.670351,"lng":3.191896,"name":"ATELIER DE LA PIERRE CARRÉE","web":"http://www.tailleurdepierre.fr","txt":"Tailleur de pierre","wiki":null,"tel":"0663694131","postCode":59510,"city":"Hem","addr":"154, rue Louis Loucheur, 59510 HEM","cat":"O","email":"thibault.frederic@club-internet.fr"}
,{"lat":50.249579,"lng":3.646146,"name":"Atelier d'Enluminure Nathalie ALFRED","web":"http://nathalie-alfred-enluminure.com","txt":" Enlumineur","wiki":null,"tel":"0617467998","postCode":59530,"city":"Le Quesnoy","addr":"16  Chemin des CROIX, ","cat":"O","email":"nathalie.alfred0121@orange.fr"}
,{"lat":50.762635,"lng":3.010019,"name":"MARBRERIE VANDERMARLIERE ET FILS","web":"http://www.vdmarliere.com et marbrerie-vandermarliere.com","txt":"Tailleur de pierre","wiki":null,"tel":"0320390574","postCode":59560,"city":"Comines","addr":"17, place du Général de gaulle, 59560 COMINES","cat":"O","email":"max.vandermarliere@free.fr"}
,{"lat":50.329211,"lng":3.245894,"name":"MIROITERIE BOIVIN","web":"http://miroterie-boivin.fr","txt":"Verrier","wiki":null,"tel":"0685425726","postCode":59580,"city":"Aniche","addr":"6, Impasse Ducret, ","cat":"O","email":"miroiterieboivin@wanadoo.fr"}
,{"lat":50.270309,"lng":3.974728,"name":"ATELIER LUC DUVAL","web":"","txt":"Vernisseur au tampon ","wiki":null,"tel":"0620699025","postCode":59600,"city":"Maubeuge","addr":"de LOUVROIL, 59600 MAUBEUGE","cat":"O","email":"lucduval@free.fr"}
,{"lat":50.326484,"lng":4.046915,"name":"ETS PHILIPPE","web":"http://https://www.facebook.com/ETS.PHILIPPE/","txt":"Tapissier d'ameublement/tapissier décorateur","wiki":null,"tel":"0327679202","postCode":59600,"city":"Vieux-Reng","addr":"2 rue du 8 Mai 1945, ","cat":"O","email":"herve.philippe@live.fr"}
,{"lat":50.045573,"lng":4.025107,"name":"Atelier Restauration Tableaux C. Gadeyne","web":"http://gadeyne.wixsite.com/art7","txt":" Restaurateur de tableaux","wiki":null,"tel":"0645426309","postCode":59610,"city":"Féron","addr":"7, résidence la Ferme du Centre rue de Sains, ","cat":"O","email":"gadeyneceline@gmail.com"}
,{"lat":50.950851,"lng":2.192365,"name":"Le Jardin du Penher","web":"","txt":"Maraîcher","wiki":null,"tel":"","postCode":59630,"city":"Bourbourg","addr":"Anthony PUREN","cat":"AM","email":""}
,{"lat":50.664353,"lng":3.076257,"name":"ATELIER BRICOUT PATRICE","web":"http://www.atelierpatricebricout.fr","txt":"Vernisseur finisseur","wiki":null,"tel":"0607492028","postCode":59700,"city":"Marcq-en-Barœul","addr":"1 bis, rue Adolphe Torgue, 59700 Marcq en Baroeul","cat":"O","email":"pbricout@nordnet.fr"}
,{"lat":50.70625,"lng":3.113429,"name":"L'ATELIER DU POTIER","web":"http://www.adeleperrin.blogspot.com/","txt":" Tourneur céramique","wiki":null,"tel":"0607960420","postCode":59700,"city":"Marcq-en-Barœul","addr":"Chemin des Coulons Septentrion, 59700 Marcq-en-Baroeul","cat":"O","email":"valfortin@numericable.fr"}
,{"lat":50.660483,"lng":3.087286,"name":"BRÏDGE SOUFFLE DE VERRE","web":"","txt":" Verrier au chalumeau ","wiki":null,"tel":"0320988380","postCode":59700,"city":"Marcq-en-Barœul","addr":"49, rue du Général Mangin, 59700 Marcq-en-Baroeul","cat":"O","email":"bridge@nordnet.fr"}
,{"lat":50.664557,"lng":3.075776,"name":"Fine & Ly","web":"","txt":" Chapelier - Modiste","wiki":null,"tel":"0683607160","postCode":59700,"city":"Marcq-en-Barœul","addr":"89 rue nationale, 59700 MARCQ EN BAROEUL","cat":"O","email":"phinetted12@hotmail.fr"}
,{"lat":50.159403,"lng":3.486984,"name":"THOMAS WIERZBINSKI","web":"http://thomaswierzbinski.e-monsite.com","txt":"Restaurateur de papier","wiki":null,"tel":"0695510810","postCode":59730,"city":"Briastre","addr":"2 rue du 11 Novembre, 59730 BRIASTRE","cat":"O","email":"thomas.wierzbinski@orange.fr"}
,{"lat":50.610396,"lng":3.08378,"name":"LA LANTERNE","web":"http://www.singerlalanterne.com","txt":"Sculpteur statuaire","wiki":null,"tel":"0617881363","postCode":59790,"city":"Ronchin","addr":"52, rue Anatole France, 59790 RONCHIN","cat":"O","email":"singerlalanterne@yahoo.fr"}
,{"lat":50.645059,"lng":3.05939,"name":"ferme de la croix saint claude","web":"https://fermedelacroixsaintclaude.fr","txt":"AU CŒUR DU VIEUX LILLE, VOTRE PANIER DE FRUITS ET LÉGUMES DE SAISON EN DIRECT DE LA FERME CHAQUE SEMAINE\n\nLIBRE ET SOUPLE\n- Sans contrainte d’abonnement,\n- Choisissez votre rythme (semaine, quinzaine, …),\n- Sautez une semaine (congés, événements,…),\n- Changez de taille de panier,\n- Echangez un produit du panier de la semaine,\n- Composez votre panier sur place avec les produits de la semaine.\n\nSI BON, SI FRAIS !\n\nSimple et rapide\npar une simple réponse par sms\nDes produits variés\n- Au minimum 4 à 5 produits différents\n- 2 à 3 produits changent chaque semaine.\n\nProximité et Convivialité\nVenez chercher votre panier à la maison, 19 rue de Jemmapes, et échangez autour d’un café le samedi matin de 9h00 à 13h00 et le mercredi de 18h00 à 19h30.\n\nNOUS VOUS PROPOSONS CHAQUE SEMAINE UN PANIER\nDE FRUITS ET LÉGUMES DE SAISON.\nLes produits sont cueillis ou arrachés à maturité. La plupart des produits sont récoltés le vendredi, pour vous être livrés le samedi matin.\n\nNous vous proposons 4 types de paniers :\nle Mini (1 pers.","wiki":null,"tel":"0678919544","postCode":59800,"city":"Lille","addr":" 19 de la rue de Jemmapes, 59800 Lille","cat":"AM","email":"FERMECROIXSTCLAUDE@ORANGE.FR"}
,{"lat":50.638668,"lng":3.06487,"name":"Atelier de la Sorcière Verte","web":"http://atelierdelasorciereverte.fr","txt":"Relieur","wiki":null,"tel":"0320120706","postCode":59800,"city":"Lille","addr":"19 bis rue de la Clef, 59000 Lille","cat":"O","email":"atelier.sorciere.verte@cegetel.net"}
,{"lat":50.641025,"lng":3.062757,"name":"BIJOUTERIE JOAILLERIE MARELIS","web":"","txt":"Joaillier","wiki":null,"tel":"0320066281","postCode":59800,"city":"Lille","addr":"43 bis, rue de la Monnaie, 59800 LILLE","cat":"O","email":"elif@club-internet.fr"}
,{"lat":50.631929,"lng":3.090278,"name":"UN AIR PERSONNEL","web":"http://www.un-air-personnel.com","txt":"Décorateur sur verre","wiki":null,"tel":"0679768066","postCode":59800,"city":"Lille","addr":"21, rue Malsence, 59000 Lille","cat":"O","email":"contact@un-air-personnel.com"}
,{"lat":50.362413,"lng":3.54738,"name":"ISTA CRÉATIONS...","web":"http://www.istacreations.com","txt":"Peintre décorateur sur tissu","wiki":null,"tel":"0650376910","postCode":59880,"city":"Saint-Saulve","addr":"432 , rue du Rôleur, 59880 SAINT-SAULVE","cat":"O","email":"pascaledehont@aol.com"}
,{"lat":50.711082,"lng":3.005697,"name":"DESISLAVA STOILOVA ARTISTE VERRIER","web":"http://www.stoilova-vitraux.com ","txt":" Maître-verrier (ou Vitrailliste)","wiki":null,"tel":"0666111156","postCode":59890,"city":"Quesnoy-sur-Deûle","addr":"59890 Quesnoy sur Deûle","cat":"O","email":"stoilova-vitraux@hotmail.fr"}
,{"lat":50.703628,"lng":3.098143,"name":"HOME997/ D.DRIANI Création","web":"http://home997artgallery.com","txt":" Ebéniste","wiki":null,"tel":"0672172875","postCode":59910,"city":"Bondues","addr":"997 avenue du General de Gaulle, ","cat":"O","email":"home.concept.store.997@gmail.com"}
,{"lat":50.662998,"lng":2.722694,"name":"Richard Baudry","web":"http://www.richardbaudry.fr","txt":" Luthier en guitare","wiki":null,"tel":"0662502567","postCode":59940,"city":"Estaires","addr":"1048 rue Delmort, ","cat":"O","email":"contact@richardbaudry.fr"}
,{"lat":50.652961,"lng":2.695673,"name":"SARL FERRONNERIE-LENGLART","web":"http://www.ferronnerie-lenglart.fr","txt":" Ferronnier","wiki":null,"tel":"0328493552","postCode":59940,"city":"Estaires","addr":"275, rue Kennedy, ","cat":"O","email":"ferronnerie-lenglart@orange.fr"}
]}