{"id":7,"producers":[
{"lat":44.770315,"lng":4.623081,"name":"laurent bonnier et miloslawa wyborska-bonnier","web":"http://www.le-baumas.fr/","txt":"Production biologique de légumes en terrasses, de miel, de châtaignes et produits dérivés.","wiki":null,"tel":"0475644298","postCode":7000,"city":"Lyas","addr":" Le Baumas ","cat":"AM","email":"contact@le-baumas.fr"}
,{"lat":44.735313,"lng":4.620896,"name":"sébastien vandevyver","web":"","txt":"L'exploitation agricole de Coux a pour activités l'apiculture, l'horticulture maraîchère et la production de produits dérivés.","wiki":null,"tel":"0475647530","postCode":7000,"city":"Coux","addr":" Le Village La Calade du Pont ","cat":"AA","email":""}
,{"lat":44.717593,"lng":4.601697,"name":"Planet Bernard","web":"","txt":"Sculpteur sur métal","wiki":null,"tel":"0687584919","postCode":7000,"city":"Privas","addr":"1 chemin du moulin du seigneur, 07000 PRIVAS","cat":"O","email":"bernard.planet@free.fr"}
,{"lat":44.587619,"lng":4.129257,"name":"les faysses de coucoulude","web":"https://www.facebook.com/lesfaysses","txt":"Vente de légumes, Maraicher producteur en agriculture biologique et transformation de nos divers produits","wiki":null,"tel":"","postCode":7110,"city":"Valgorge","addr":" Maison de pays Le Village 07110 VALGORGE ","cat":"AM","email":"lesfayssesdecoucoulude@outlook.fr"}
,{"lat":44.555441,"lng":4.296957,"name":"ATELIER EBENISTERIE DANIEL PELEGRIN","web":"http://www.ebenisterie-pelegrin.fr","txt":"Restaurateur de meubles","wiki":null,"tel":"0687463709","postCode":7110,"city":"Chassiers","addr":"Quartier du Brugis, ","cat":"O","email":"pelegrin.ebeniste@numeo.fr"}
,{"lat":44.506428,"lng":4.284891,"name":"LA FONT DU CIEL","web":"http://lafontduciel-luminaires.com","txt":" Fabricant et restaurateur de lustres et luminaires","wiki":null,"tel":"0475394908","postCode":7110,"city":"Laurac-en-Vivarais","addr":"Le Tour D212, 07110 Laurac en Vivarais","cat":"O","email":"info@lafontduciel-luminaires.fr"}
,{"lat":44.580932,"lng":4.168731,"name":"MOULIN LASCOMBES","web":"http://www.bijoux-laboule-07.eur","txt":" Bijoutier en métaux précieux","wiki":null,"tel":"0475889543","postCode":7110,"city":"Laboule","addr":"Le village, ","cat":"O","email":"moulin.lascombes@wanadoo.fr"}
,{"lat":44.39119,"lng":4.26851,"name":"ATELIER LITHOGRAPHIQUE PIERRE JONQUIÈRES","web":"http://www.litho-jonquieres.odexpo.com/","txt":"Maquettiste","wiki":null,"tel":"0475390019","postCode":7120,"city":"Grospierres","addr":"Quartier de l'Église Hameau de Comps, ","cat":"O","email":"pierre.jonquieres@wanadoo.fr"}
,{"lat":44.453714,"lng":4.33985,"name":"indo-creation Ines Nano Del ortega","web":"http://indo-creation.com","txt":" Maroquinier","wiki":null,"tel":"0621133983","postCode":7120,"city":"Ruoms","addr":"7, rue des Tournelles, ","cat":"O","email":"ines-creation@outlook.com"}
,{"lat":44.979636,"lng":4.82241,"name":"la ferme de chazal","web":"","txt":"La ferme de Chazal est une petite ferme familiale de 5èmes générations depuis 1800 située sur les hauteurs de Châteaubourg. C'est une ferme en polyculture biologique qui a à coeur l'environnement, le bien-être animal et la qualité de ses produits.\n\nVous pouvez venir sur la ferme acheter directement nos oeufs extra frais du jour ou de la veille ainsi que tous nos produits de saison bio (pomme de terre, courge, noix, confiture de châtaigne, châtaigne fraiche...) et au passage, déguster également notre vin \"le clos de chazal\" \n\nVous pouvez également nous retrouver sur les marchés du lundi matin à Valence, mercredi matin à St Peray et le vendredi matin à Guilherand Grange, nous serons ravis d'échanger avec vous.","wiki":null,"tel":"0668268962","postCode":7130,"city":"Châteaubourg","addr":" Chazal ","cat":"ACM","email":""}
,{"lat":44.9172,"lng":4.830762,"name":"ATELIER CAMÉLÉON","web":"http://www.atelier-cameleon.fr","txt":" Fabricant et restaurateur d'abat-jour","wiki":null,"tel":"0677780571","postCode":7130,"city":"Toulaud","addr":"Les Fonts, ","cat":"O","email":"marie-pierre@atelier-cameleon.fr"}
,{"lat":44.944061,"lng":4.842205,"name":"ATELIER DE LUTHERIE GUITARES","web":"http://www.thomasfejoz.com","txt":" Luthier en guitare","wiki":null,"tel":"0616750413","postCode":7130,"city":"Saint-Péray","addr":"5 place de la Paix, 07130 Saint Peray","cat":"O","email":"contact@thomasfejoz.com"}
,{"lat":44.441777,"lng":4.045869,"name":"damien lentier et susy reeves","web":"","txt":"Producteurs de viandes de volailles, fruits et légumes et produits dérivés.","wiki":null,"tel":"0475399994","postCode":7140,"city":"Gravières","addr":" Les Avols ","cat":"AV","email":""}
,{"lat":44.433172,"lng":4.106194,"name":"CRÉATIONS BOIS TOURNÉ","web":"http://www.jeandominiquedenis.com","txt":" Tourneur sur bois","wiki":null,"tel":"0475373085","postCode":7140,"city":"Les Salelles","addr":"Hameau Le Haut Montachard, 07140 les Salelles","cat":"O","email":"j-d.denis@orange.fr"}
,{"lat":44.926495,"lng":4.539178,"name":"ATELIER D'ARTS TEXTILES","web":"","txt":"Ennoblisseur textile","wiki":null,"tel":"0626889060","postCode":7160,"city":"Belsentes","addr":"1270 chemin de Cluzet, 07160 St Laurent du Pape","cat":"O","email":"dominiquechapre@orange.fr"}
,{"lat":44.910032,"lng":4.425973,"name":"BIJOUX GL","web":"http://www.groupe-gl.com","txt":"Sertisseur","wiki":null,"tel":"0475290211","postCode":7160,"city":"Le Cheylard","addr":"6/8 avenue de Saunier, 07160 LE CHEYLARD","cat":"O","email":"contact-bgl@groupe-gl.fr"}
,{"lat":44.791221,"lng":4.509451,"name":"ferme des cailloux","web":"","txt":"La Ferme des cailloux produit et commercialise de la viande caprine, des produits laitiers, des fruits et produits dérivés.","wiki":null,"tel":"0475653162","postCode":7190,"city":"Saint-Étienne-de-Serre","addr":" Le Chier ","cat":"AV","email":"alcine.voron@laposte.net"}
,{"lat":44.824219,"lng":4.484503,"name":"françois rolle","web":"","txt":"Producteur de viandes de mouton, fruits et légumes et produits dérivés.","wiki":null,"tel":"0475666286","postCode":7190,"city":"Saint-Pierreville","addr":" Ferme des Moyeres ","cat":"AV","email":""}
,{"lat":44.58825,"lng":4.386931,"name":"ATELIER DE L'EBENISTE","web":"http://www.ebeniste-vallon.com","txt":" Ebéniste","wiki":null,"tel":"0475350752","postCode":7200,"city":"Saint-Étienne-de-Fontbellon","addr":"115-2 Les Brugieres, 07200 St ETIENNE DE FONTBELLON","cat":"O","email":"ebenisterie.vallon@gmail.com"}
,{"lat":44.60957,"lng":4.38947,"name":"MENUISERIE COUDENE","web":"http://www.meubles-coudene.com","txt":"Menuisier ","wiki":null,"tel":"0642034142","postCode":7200,"city":"Aubenas","addr":"4 rue Vaucanson, ","cat":"O","email":"coudene@orange.fr"}
,{"lat":44.48318,"lng":4.687416,"name":"ATELIER 3 CÉRAMIQUES","web":"http://a3ceramiques.free.fr/accueil.html","txt":"Tourneur céramique","wiki":null,"tel":"0475527671","postCode":7220,"city":"Viviers","addr":"33 Faubourg La Cire, ","cat":"O","email":"3ceramiques@chez.com"}
,{"lat":44.461774,"lng":4.201015,"name":"les jardins du vialat","web":"","txt":"Je cultives des légumes et certains fruits, sur buttes permanentes paillées .\nL'agro écologie pourrais définir le mieux mes pratiques .","wiki":null,"tel":"0674729208","postCode":7230,"city":"Lablachère","addr":" Domaine du Vialat ","cat":"AM","email":"ludo.delacroix07@gmail.com"}
,{"lat":44.446454,"lng":4.204474,"name":"ATELIER LE FIL D'ARGENT","web":"http://atelier-le-fil-d-argent.com","txt":" Bijoutier en métaux précieux","wiki":null,"tel":"0685123243","postCode":7230,"city":"Lablachère","addr":"Le Serre, ","cat":"O","email":"eric.fng@free.fr"}
,{"lat":44.479946,"lng":4.236015,"name":"DURRACQ","web":"http://en cours...","txt":"Restaurateur de meubles","wiki":null,"tel":"0324416340","postCode":7260,"city":"Joyeuse","addr":"107 route départementale 8051, 08600 HAM-sur-MEUSE","cat":"O","email":"r.p.durracq@orange.fr"}
,{"lat":44.479387,"lng":4.238583,"name":"EDUARD JUANOLA","web":"","txt":" Tourneur sur bois","wiki":null,"tel":"0475395068","postCode":7260,"city":"Joyeuse","addr":"Grand rue, ","cat":"O","email":" juanola.eduard@orange.fr"}
,{"lat":45.015695,"lng":4.591224,"name":"earl ducapre","web":"http://www.duchesne-earlducapre.e-monsite.com","txt":"nous sommes éleveurs laitiers en chèvre et nous faisons transformer nos chèvres de réforme en terrines dans des verrines ou en saucissons secs. Nous vendons nos produits fermiers à la ferme ou en ligne sur le site www.tootici.fr, rubrique gastronomie puis produits frais.","wiki":null,"tel":"0643512696","postCode":7270,"city":"Empurany","addr":" 1525 route de chanareille le pré 0","cat":"AF","email":"duchesne.isabelle@orange.fr"}
,{"lat":44.986005,"lng":4.579936,"name":"Les Mosaïques d'Isabelle","web":"http://isamosaïques.ultra-book .com","txt":" Mosaïste","wiki":null,"tel":"0616815750","postCode":7270,"city":"Lamastre","addr":"2 avenue Boissy d'Anglas, ","cat":"O","email":"isabelle.maina@gmail.com"}
,{"lat":45.067748,"lng":4.831169,"name":"FLORENCE FAUGIER","web":"http://www.florencefaugier.com","txt":"Maroquinier","wiki":null,"tel":"0427669298","postCode":7300,"city":"Tournon-sur-Rhône","addr":"7, grande rue, 07300 TOURNON SUR RHONE","cat":"O","email":"f.faugier@florencefaugier.com"}
,{"lat":44.998352,"lng":4.451358,"name":"gaec la petite ferme","web":"","txt":"Petits producteurs de yaourts, fromages aux laits de chèvre et vache, oeufs, châtaignes et viande en agriculture biologique.","wiki":null,"tel":"0675395927","postCode":7320,"city":"Saint-Agrève","addr":" Les chalayes ","cat":"AV","email":"gaeclapetiteferme@hotmail.com"}
,{"lat":44.671463,"lng":4.088391,"name":"AR diffusion","web":"http://-","txt":"Sculpteur sur métal","wiki":null,"tel":"","postCode":7330,"city":"Mayres","addr":"Aleyrac, ","cat":"O","email":"ardiffusion@gmail.com"}
,{"lat":44.677456,"lng":4.22207,"name":"ARD","web":"http://www.artisanat-ardèche.com","txt":" Emailleur","wiki":null,"tel":"0624756000","postCode":7330,"city":"Thueyts","addr":"Parc du Château de Blou, ","cat":"O","email":"ardemail@free.fr"}
,{"lat":44.677452,"lng":4.223546,"name":"L'ATELIER DE MARTINE","web":"http://www.martine-atelier.com","txt":"Fabricant d'objets décoratifs en tissus (patchworks, tissus appliqués, coussins, drapeaux.)","wiki":null,"tel":"0475364413","postCode":7330,"city":"Thueyts","addr":"23 rue Géorgie, 07330 THUEYTS","cat":"O","email":"martine@martine-atelier.com"}
,{"lat":45.177613,"lng":4.781482,"name":"ATELIER ARCHELLE","web":"http://www.atelierarchelle.fr","txt":" Vannier","wiki":null,"tel":"0675625300","postCode":7370,"city":"Sarras","addr":"309 route du Bois Seigneur, ","cat":"O","email":"atelierarchelle07@gmail.com"}
,{"lat":44.677496,"lng":4.28919,"name":"mélisse & farandole","web":"","txt":"Mélisse et Farandole c'est une aventure de paysannerie familiale. Entre arboriculture et culture de petits fruits nous produisons et élaborons des recettes en conscience et avec soin afin de vous proposer des produits sans sucres ou dont le goût se rapproche le plus du fruit dans son arbre.\n\nProduits adaptés pour les personnes diabétiques, enfants et sensible au sucre...\n\nNos produits: \n- purée de fruits sans sucres ajouté : \npomme, pomme myrtille, pomme fraise, pomme framboise, pomme-poire, pomme fruits rouge\n-jus de raisin\n- cuir de fruit\n-sorbets: fraise, framboise, poire, pomme sureau, myrtille, fruit-rouge...ect...","wiki":null,"tel":"","postCode":7380,"city":"Chirols","addr":" le fez ","cat":"AF","email":"auroremls@yahoo.fr"}
,{"lat":44.685767,"lng":4.286102,"name":"simples et sauvages","web":"","txt":"Association valorisant de soin du vivant à travers la culture, cueillette et la transformation de plantes sauvages, aromatiques et médicinales (hydrolats, sirops, huile solaire, tisanes...). Des ateliers pédagogiques de transmission sur leurs usages populaires sont également proposés. (balade botanique, ateliers écoles, centre de loisir, maison de retraite, centre sociaux, contactez nous par mail ou sur face book!)","wiki":null,"tel":"","postCode":7380,"city":"Chirols","addr":" chemin des écoliers, le village 0","cat":"P","email":"simplesetsauvages@ardechelibre.org"}
,{"lat":44.695813,"lng":4.24672,"name":"les restanques jardin naturel","web":"http://lesrestanquesjardinnaturel.jimdo.com/","txt":"PAYSANS ARDÉCHOIS, NOUS PROPOSONS DES LÉGUMES DE SAISON, UN PESTO D'AIL DES OURS, DES CONFITURES ET DES JUS DE POMMES.","wiki":null,"tel":"","postCode":7380,"city":"Meyras","addr":" VILLAGE DE CHAMPAGNE ","cat":"AM","email":""}
,{"lat":44.686868,"lng":4.287457,"name":"alex et camille ristori","web":"","txt":"L’exploitation agricole de Chirols produit des fruits et légumes et produits transformés.","wiki":null,"tel":"0475944839","postCode":7380,"city":"Chirols","addr":" La Rabeyrie ","cat":"AM","email":""}
,{"lat":44.629221,"lng":4.308006,"name":"ATELIER COL'AURE LA VIE","web":"http://www.colaurelavie.com","txt":"Miroitier d'art","wiki":null,"tel":"0669959020","postCode":7380,"city":"Prades","addr":"40 CHEMIN DE SAUSSE, 07380 PRADES","cat":"O","email":"contact@colaurelavie.com"}
,{"lat":45.048648,"lng":4.683351,"name":"les doux jardins du vivarais","web":"http://www.lesdouxjardins.fr","txt":"Maraicher en agriculture biologique. Manger bon, manger bio","wiki":null,"tel":"0646492299","postCode":7410,"city":"Colombier-le-Vieux","addr":" 270 chemin de la garenne ","cat":"AM","email":"bienvenue@lesdouxjardins.fr"}
,{"lat":44.989377,"lng":4.747455,"name":"les martopiqueuses","web":"","txt":"Petite exploitation apicole.\nProduction de différents miels et produits de la ruche et autres joyeusetés selon l'humeur.","wiki":null,"tel":"","postCode":7440,"city":"Saint-Sylvestre","addr":" le village ","cat":"AA","email":"lesmartopiqueuses@gmail.com"}
,{"lat":44.990335,"lng":4.716875,"name":"pascal et sylvie raunicher","web":"","txt":"Producteurs de fruits et légumes et produits dérivés.","wiki":null,"tel":"0475582586","postCode":7440,"city":"Saint-Sylvestre","addr":" Mazairas ","cat":"AM","email":""}
,{"lat":44.910611,"lng":4.719025,"name":"manou des champs","web":"","txt":"Manou des Champs fabrique des produits laitiers issue du lait de chèvre.","wiki":null,"tel":"0475583937","postCode":7440,"city":"Boffres","addr":" Meillères 0","cat":"AF","email":"manou-des-champs@wanadoo.fr"}
,{"lat":44.934223,"lng":4.8775,"name":"CHANTEPERDRIX","web":"","txt":"Joaillier","wiki":null,"tel":"0475814573","postCode":7500,"city":"Guilherand-Granges","addr":"413, avenue de la République, ","cat":"O","email":"j.chanteperdrix@orange.fr"}
,{"lat":44.830587,"lng":4.174822,"name":"alix","web":"http://les confitures du gerbier de jonc","txt":"produit de la ferme:fromage vache et chèvre frais et affinés et confitures aux fruits et fleurs faite maison.","wiki":null,"tel":"0631719949","postCode":7510,"city":"Sainte-Eulalie","addr":" foisse ","cat":"AF","email":"virgini.alix@gmail.com"}
,{"lat":44.604288,"lng":4.527038,"name":"cyril et julie morel","web":"","txt":"L'exploitation agricole de Saint-Jean-le-Centenier a pour activités l'aviculture et l’horticulture maraîchère.","wiki":null,"tel":"0471740696","postCode":7580,"city":"Saint-Jean-le-Centenier","addr":" La Beaume ","cat":"AM","email":""}
,{"lat":44.597562,"lng":3.951457,"name":"TOURNAGE D'ART SUR BOIS","web":"http://www.elisabeth-molimard.com","txt":" Tourneur sur bois","wiki":null,"tel":"0466460350","postCode":7590,"city":"Saint-Laurent-les-Bains-Laval-d'Aurelle","addr":"La Baraque, 07590 Saint-Laurent-les-Bains","cat":"O","email":"tournage@elisabeth-molimard.com"}
,{"lat":44.794007,"lng":4.777243,"name":"MAXIME","web":"http://www.franckmax.free.fr","txt":" Ferronnier","wiki":null,"tel":"0682096626","postCode":7800,"city":"La Voulte-sur-Rhône","addr":"20, route du pouzin, 07800 LA VOULTE SUR RHONE","cat":"O","email":"franckmax@free.fr"}
]}