{"id":66,"producers":[
{"lat":42.697131,"lng":2.892218,"name":"AU GRENAT LAVIOSE","web":"http://www.laviose.com","txt":"Joaillier","wiki":null,"tel":"0468349066","postCode":66000,"city":"Perpignan","addr":"4, rue Maréchal Foch, ","cat":"OB","email":"au.grenat.laviose@hotmail.fr","suspect":0}
,{"lat":42.699639,"lng":2.896476,"name":"CREUZET-ROMEU","web":"http://m.creuzet.romeu.joaillier@gmail.com","txt":" Joaillier","wiki":null,"tel":"0468341694","postCode":66000,"city":"Perpignan","addr":"9 rue Font-Froide, ","cat":"OB","email":"m.creuzet.romeu.joaillier@gmail.com","suspect":0}
,{"lat":42.699969,"lng":2.89475,"name":"GIL ET JEAN","web":"http://www.gil-et-jean.com","txt":"Joaillier","wiki":null,"tel":"0685586578","postCode":66000,"city":"Perpignan","addr":"5 rue Louis Blanc, ","cat":"OB","email":"contact@gil-et-jean.com","suspect":0}
,{"lat":42.700153,"lng":2.894625,"name":"SARL BIJOUTERIE GOURGOT","web":"","txt":" Bijoutier en métaux précieux","wiki":null,"tel":"0671428058","postCode":66000,"city":"Perpignan","addr":"Rue Louis Blanc n°13, ","cat":"OB","email":"bijouteriegourgot@orange.fr","suspect":0}
,{"lat":42.689688,"lng":2.893212,"name":"SARL HANSEN GERRET","web":"","txt":"Vernisseur au tampon ","wiki":null,"tel":"0611873752","postCode":66000,"city":"Perpignan","addr":"11 rue Paul Arène, 66000 PERPIGNAN","cat":"OO","email":"gerret.hansen@wanadoo.fr","suspect":0}
,{"lat":42.477293,"lng":2.674134,"name":"DECOR EMAIL ET FEU","web":"http://www.decor-ceramique.com","txt":" Décorateur céramique","wiki":null,"tel":"0682342390","postCode":66110,"city":"Amélie-les-Bains-Palalda","addr":"32, avenue Beau Soleil, ","cat":"OP","email":"nadine.fayence@orange.fr","suspect":0}
,{"lat":42.456988,"lng":2.637167,"name":"ATELIER BULLE DE VERRE","web":"http://atelierbulledeverre.com","txt":"Restaurateur de vitraux","wiki":null,"tel":"0468545913","postCode":66150,"city":"Arles-sur-Tech","addr":"Rue du 14 juillet  Le Moulin des Arts, ","cat":"OR","email":"contact@atelierbulledeverre.com","suspect":0}
,{"lat":42.681756,"lng":2.741362,"name":"les fonts","web":"http://www.olivesbiolesfonts.fr/","txt":"Producteurs d'huile d'olive bio de terroir et de produits de soins du corps bio de qualité.","wiki":null,"tel":"0468928205","postCode":66170,"city":"Saint-Féliu-d'Avall","addr":" 18 avenue du Canigou","cat":"A","email":"","suspect":0}
,{"lat":42.679413,"lng":2.760553,"name":"TUILERIE PUJO","web":"http://www.tuilerie-pujo.fr","txt":"Céramiste","wiki":null,"tel":"0468578227","postCode":66170,"city":"Saint-Féliu-d'Avall","addr":"La Tuilerie  Avenue du Languedoc, 66170 Saint Feliu d'Avall","cat":"OP","email":"contact@tuilerie-pujo.fr","suspect":0}
,{"lat":42.635382,"lng":2.918397,"name":"FORGE ET CRÉATION","web":"http://www.forge-et-creation.com","txt":" Ferronnier","wiki":null,"tel":"0698660763","postCode":66180,"city":"Villeneuve-de-la-Raho","addr":"11, rue des Oiseaux, 66180 VILLENEUVE DE LA RAHO","cat":"OF","email":"contact@forge-et-creation.com","suspect":0}
,{"lat":42.601743,"lng":2.97656,"name":"mas illiberis","web":"","txt":"PRODUCTEUR\n ABRICOTS ROUGE DU ROUSSILLON\nFIGUES ET CERISES ...\nCONFITURES\nNECTAR\nVINAIGRE A LA PULPE DE FRUITS","wiki":null,"tel":"0468222361","postCode":66200,"city":"Elne","addr":" ROUTE DE LATOUR BAS ELNE","cat":"AF","email":"lopez.rem@sfr.fr","suspect":0}
,{"lat":42.600599,"lng":2.970444,"name":"SYLVAIN MAGNY & VÉRONIQUE CARVALHO","web":"http://www.magny.eu","txt":" Verrier à la main","wiki":null,"tel":"0468228579","postCode":66200,"city":"Elne","addr":"1, rue du Couvent, ","cat":"OR","email":"magny.sylvain@free.fr","suspect":0}
,{"lat":42.81035,"lng":2.502917,"name":"manuel jorel","web":"http://www.domainejorel.fr/","txt":"L'exploitation viticole du Domaine Jorel est spécialisé dans la fabrication de vins rouges et vins blancs (doux et sec).","wiki":null,"tel":"0468531331","postCode":66220,"city":"Saint-Paul-de-Fenouillet","addr":" 28 rue François Harago ","cat":"AB","email":"","suspect":0}
,{"lat":42.802736,"lng":2.532996,"name":"LEZARDDUSUDPROD","web":"http://www.lezarddusudprod.com","txt":" Restaurateur de tableaux","wiki":null,"tel":"0468847103","postCode":66220,"city":"Lesquerde","addr":"1, rue de la carrerade, 66220 LESQUERDE","cat":"OD","email":"lezarddusudprod@aliceadsl.fr","suspect":0}
,{"lat":42.71875,"lng":2.852896,"name":"LA BOUTIQUE DU FERRONNIER","web":"http://ap.art2004.pagesperso-orange.fr","txt":"Sculpteur sur métal","wiki":null,"tel":"0468926897","postCode":66240,"city":"Saint-Estève","addr":"28 boulevard de l'Atelier, 66240 Saint Esteve","cat":"OF","email":"alban.art@orange.fr","suspect":0}
,{"lat":42.38434,"lng":2.611727,"name":"LES TOILES DU SOLEIL","web":"http://www.toiles-du-soleil.com","txt":" Tisserand","wiki":null,"tel":"0468395002","postCode":66260,"city":"Saint-Laurent-de-Cerdans","addr":"12 avenue Jean Jaurès, 66260 ST LAURENT DE CERDANS","cat":"HT","email":"fhq@toiles-du-soleil.com","suspect":0}
,{"lat":42.384014,"lng":2.608499,"name":"SARL CRÉATION CATALANE","web":"http://www.espadrille-catalane.com","txt":" Fabricant d'accessoires de mode","wiki":null,"tel":"0612533463","postCode":66260,"city":"Saint-Laurent-de-Cerdans","addr":"Chemin du Baynat d'en Pouly, 66260 Saint Laurent de Cerdans","cat":"HT","email":"creationcatalane@orange.fr","suspect":0}
,{"lat":42.681341,"lng":2.790772,"name":"FERRONNERIE VIDAL","web":"http://www.ferronnerie-vidal.com","txt":" Ferronnier","wiki":null,"tel":"0660871060","postCode":66270,"city":"Le Soler","addr":"69, avenue Victor Hugo, 66270 Le soler","cat":"OF","email":"contact@ferronnerie-vidal.com","suspect":0}
,{"lat":42.688493,"lng":2.824078,"name":"Oh! Délices Paysans","web":"www.ohdelicespaysans.fr","txt":"","wiki":null,"tel":"0468596982","postCode":66270,"city":"Le Soler","addr":"8 Avenue de Vienne ","cat":"AG","email":"","suspect":0}
,{"lat":42.654548,"lng":2.948344,"name":"CREOR","web":"http://www.grenatcatalan;com","txt":"Sertisseur","wiki":null,"tel":"0468227011","postCode":66280,"city":"Saleilles","addr":"8, place Torres, 66280 SALEILLES","cat":"OB","email":"creor@libertysurf.fr","suspect":0}
,{"lat":42.545954,"lng":2.841304,"name":"clos mané","web":"https://www.vigneron-independant-roussillon.fr/clos-mane/","txt":"Le domaine, d’un seul tenant (vigne et cave), est situé sur les derniers contreforts du Canigou, sur le beau terroir des Aspres. Exploitation familiale depuis plusieurs générations, elle est certifiée en agriculture biologique depuis 2007.\nLes cépages grenache, carignan, syrah, muscat et macabeu ainsi que le terroir sont la richesse de mes vins. Vendangées à la main, triées et vinifiées selon les méthodes traditionnelles, les récoltes de chaque année expriment leur puissance et leur typicité.\n\nL’exploitation propose une large gamme de vins rouges, blanc et rosé en IGP Côtes Catalanes, un rouge en AOP Côtes du Roussillon Villages les Aspres, un vin doux naturel en AOP Muscat de Rivesaltes, ainsi qu'un jus de raisin 100% syrah ou muscat selon l'année.","wiki":null,"tel":"0666649834","postCode":66300,"city":"Tresserre","addr":" Mas els Barbats","cat":"AB","email":"domaine.mane@gmail.com","suspect":0}
,{"lat":42.653269,"lng":2.75776,"name":"camp del priou","web":"","txt":"Camp del Priou cultive des fruits dans la ville de Trouillas.","wiki":null,"tel":"0627290349","postCode":66300,"city":"Thuir","addr":" Mas La Machine 66300 Trouillas ","cat":"AF","email":"","suspect":0}
,{"lat":42.627137,"lng":2.813319,"name":"sylvette serre","web":"","txt":"L'exploitation agricole de Ponteilla propose des fruits.","wiki":null,"tel":"0468531181","postCode":66300,"city":"Ponteilla","addr":" La Pommeraie Route du Soler","cat":"AF","email":"","suspect":0}
,{"lat":42.629527,"lng":2.766995,"name":"ATELIER S","web":"http://www.samantha-schmid.com","txt":"Verrier","wiki":null,"tel":"0468533947","postCode":66300,"city":"Thuir","addr":"30, avenue de la Côte Vermeille, 66300 THUIR","cat":"OR","email":"samanthajohnschmid@aliceadsl.fr","suspect":0}
,{"lat":42.63257,"lng":2.755065,"name":"Bois et Tradition ","web":"","txt":"Restaurateur de meubles","wiki":null,"tel":"0615113914","postCode":66300,"city":"Thuir","addr":"31 Rue Pierre Lefranc, ","cat":"OO","email":"boisettradition66@gmail.com","suspect":0}
,{"lat":42.56705,"lng":2.865629,"name":"CÉRAMICA DEL LLEVANT","web":"http://www.ceramica-del-llevant.c.la","txt":"Tourneur céramique","wiki":null,"tel":"0468218038","postCode":66300,"city":"Banyuls-dels-Aspres","addr":"Rue des celliers, 66300 Banyuls dels aspres","cat":"OP","email":"joseph-couffi@aliceadsl.fr","suspect":0}
,{"lat":42.613336,"lng":2.495396,"name":"gaec la ferme du llech","web":"","txt":"éleveur de vaches allaitantes nous proposons de la viande de veau et prochainement du cochon fermier plein air","wiki":null,"tel":"0615954088","postCode":66320,"city":"Espira-de-Conflent","addr":" cami del francalou","cat":"AV","email":"","suspect":0}
,{"lat":42.665635,"lng":2.485376,"name":"domaine des trois orris","web":"https://www.domainedestroisorris.com/","txt":"Vente de Vins à la propriété \nDomaine en Agriculture Biologique\nCuvées en IGP Côtes Catalanes et AOP Côtes du Roussillon","wiki":null,"tel":"0687841155","postCode":66320,"city":"Arboussols","addr":" Route de Marcevol 66320 Tarerach ","cat":"AB","email":"domaine3orris@gmail.com","suspect":0}
,{"lat":42.589518,"lng":2.554846,"name":"ATELIER DE BIJOUTERIE ET JOAILLERIE","web":"http://www.cardona-joaillier.com","txt":"Joaillier","wiki":null,"tel":"0468335412","postCode":66320,"city":"Glorianes","addr":"6, boulevard Gambetta 1er étage, 11100 Narbonne","cat":"OB","email":"contact@cardona-joaillier.com","suspect":0}
,{"lat":42.644919,"lng":2.527321,"name":"l'Atelier","web":"http://vincajoaillerie.fr ","txt":" Joaillier","wiki":null,"tel":"0624740182","postCode":66320,"city":"Vinça","addr":"100 avenue du Général de Gaulle, ","cat":"OB","email":"latelier.joaillerie66@gmail.com ","suspect":0}
,{"lat":42.525433,"lng":2.223696,"name":"les chèvres des tres estelles","web":"","txt":"Nous produisons des fromages de chèvre de montagne à Py.\n\nUne cinquantaine de chèvres de race Alpine que nous renouvelons en Pyrénéennes produisent le lait que nous transformons sur place.\n\nLes pâtures de montagne apportent une saveur au fromage qui évolue au fil des saisons.","wiki":null,"tel":"0468963361","postCode":66360,"city":"Thuès-Entre-Valls","addr":" Lieu dit la soulane 66360 Py ","cat":"AF","email":"","suspect":0}
,{"lat":42.497674,"lng":2.353004,"name":"fromagerie les tres estelles","web":"","txt":"L'exploitation agricole de Py confectionne des produits laitiers issue du lait de chèvre, de la viandes et de la charcuteries.","wiki":null,"tel":"0468057983","postCode":66360,"city":"Py","addr":" 19 Cami del Veïnat ","cat":"AV","email":"","suspect":0}
,{"lat":42.53647,"lng":2.360686,"name":"safran della romas","web":"http://www.safran-bio.fr/","txt":"Exploitation agricole spécialisé dans la culture du Safran bio catalan.","wiki":null,"tel":"","postCode":66360,"city":"Sahorre","addr":" Route de Fuilla Les Restagnignes","cat":"AO","email":"safran@dellaroma.fr","suspect":0}
,{"lat":42.488393,"lng":2.749289,"name":"jean-paul coste","web":"","txt":"L'exploitation agricole de Céret propose des fruits.","wiki":null,"tel":"0468872652","postCode":66400,"city":"Céret","addr":" 8 rue des Arènes ","cat":"AF","email":"","suspect":0}
,{"lat":42.506121,"lng":2.76831,"name":"ALORTUJOU","web":"http://www.alortujou.com","txt":" Ebéniste","wiki":null,"tel":"0620112305","postCode":66400,"city":"Céret","addr":"2, rue du Très Vents Z.A.Tech Oulrich, 66400 CERET","cat":"OO","email":"alortujou@wanadoo.fr","suspect":0}
,{"lat":42.49659,"lng":2.72165,"name":"MAGDELEINE","web":"http://www.magdeleinedesign.com","txt":" Menuisier en sièges","wiki":null,"tel":"0685273237","postCode":66400,"city":"Reynès","addr":"31 Les Mas de Saint Paul, 66400 Reynes","cat":"OO","email":"contact@magdeleinedesign.com","suspect":0}
,{"lat":42.486159,"lng":2.747771,"name":"PETIT MONDE","web":"http://www.nicolas-giganto.fr","txt":"Photographe illustrateur","wiki":null,"tel":"0679964806","postCode":66400,"city":"Céret","addr":"8, rue St Ferréol SARL PETIT MONDE, ","cat":"OD","email":"nicolas@petitmonde.fr","suspect":0}
,{"lat":42.727591,"lng":2.929064,"name":"safran la vraie nature des choses","web":"http://lavraienaturedeschoses.com/","txt":"Je suis productrice de safran en pistils de Catégorie 1 et j'élabore et fabrique des recettes subtiles et délicieuses au safran.\nGamme safran en pistils: \n4 conditionnements: 1g, 0.5g, 0.2g ou 0.1g\n\nGamme produits safranés  :\nSirop de safran \nMiel de romarin au safran\nMiel de lavande maritime au safran\nSel de Gruissan au safran\nGelée de Sauternes au safran\nGressins au safran et romarin et huile d'olive\nCrackers apéritifs graines de lin et tournesol, huile d'olive\nChutneys de figue au safran\nConfitures safranées : figue noire, figue blanche, poivron rouge, abricot, orange, cerise, fraise, pomme.\n\nBiscuits au safran:\nSablés pavot, sésame blond, farine d'épeautre\nSablés farines de sarrazin et riz\nSablés au citron, farine de maïs\nBiscuits \"corses\" au vin blanc\nMini meringues\n\n\n\nEn conversion bio","wiki":null,"tel":"0684323597","postCode":66430,"city":"Bompas","addr":" 199 chemin de charlemagne","cat":"AA","email":"laure.cantonnet@wanadoo.fr","suspect":0}
,{"lat":42.66906,"lng":2.348318,"name":"gaec la vava preciosa","web":"http://www.facebook.com/gaeclavacapreciosa","txt":"Nous sommes spécialisés dans l'élevage de vaches et veaux de race limousine et l’élevage de porcs en plein air.\nNotre exploitation se répartit entre la commune de Finestret, lieu- dit \"la Garrigue\"au pied du Canigou pendant la période hivernale et la commune de Mosset , lieu-dit \"Camp de la Sala\" et \"Col de Jau\" pendant la période estivale.","wiki":null,"tel":"0627583167","postCode":66500,"city":"Mosset","addr":" 8 costa del Castell","cat":"AV","email":"","suspect":0}
,{"lat":42.617202,"lng":2.459187,"name":"maurice picco et catherine persuy","web":"","txt":"Producteurs de fruits et légumes et aviculteurs à Los Masos.","wiki":null,"tel":"0468053590","postCode":66500,"city":"Los Masos","addr":" L'Astang 66500 Masos (Los) ","cat":"AM","email":"","suspect":0}
,{"lat":42.617617,"lng":2.425557,"name":"c.l.a.c","web":"","txt":" Céramiste","wiki":null,"tel":"0661500868","postCode":66500,"city":"Prades","addr":"17 rue Alsace-Lorraine, 66500 PRADES","cat":"OP","email":"c.l.a.c@gmx.fr","suspect":0}
,{"lat":42.617093,"lng":2.428267,"name":"LES BIJOUX CASA PEREZ","web":"http://www.manufacturedugrenat.com","txt":" Joaillier","wiki":null,"tel":"0468962103","postCode":66500,"city":"Prades","addr":"62 av Guy Malé Rond Point du Canigou, ","cat":"OB","email":"contact@manufacturedugrenat.com","suspect":0}
,{"lat":42.643485,"lng":2.457663,"name":"VALETTE PHILLIPE","web":"","txt":" Bronzier","wiki":null,"tel":"0468962677","postCode":66500,"city":"Eus","addr":"8, carrer del massador, 66500 EUS","cat":"OF","email":"valette.sculpteur@wanadoo.fr","suspect":0}
,{"lat":42.653845,"lng":2.982885,"name":"le chant de la terre","web":"","txt":"Le Chant de la Terre propose des fruits et légumes de saison.","wiki":null,"tel":"0468227519","postCode":66570,"city":"Saint-Nazaire","addr":" Mas les Ripouilles","cat":"AM","email":"","suspect":0}
,{"lat":42.795088,"lng":2.876338,"name":"vinaigres le petit bio","web":"https://vinaigreslepetitbio.fr","txt":"Artisan vinaigrier, je réalise des vinaigres de fruit bio authentique\nMon approvisionnement  se fait sur tous les fruits locaux que je peux trouver et ainsi proposer une gamme qualitative locale cohérente avec mes valeurs.","wiki":null,"tel":"0674243918","postCode":66600,"city":"Rivesaltes","addr":" hôtel d'entreprises 1 rue edouard Belin ","cat":"AF","email":"contact@lepetitbio.fr","suspect":0}
,{"lat":42.771026,"lng":2.874338,"name":"Agnès Bogaërt","web":"http://wwwsculpturelle.com","txt":"Sculpteur sur pierre","wiki":null,"tel":"0468646525","postCode":66600,"city":"Rivesaltes","addr":"4 rue du Portail Neuf, ","cat":"OE","email":"agnes.bogaert@free.fr","suspect":0}
,{"lat":42.782954,"lng":2.880601,"name":"ATELIER PAPYRUS POURPRE","web":"http://laurence-godon-pirof.blogspot.com/","txt":"Imprimeur en taille-douce","wiki":null,"tel":"0632771399","postCode":66600,"city":"Rivesaltes","addr":"15 avenue de l'Olivéde, ","cat":"OD","email":"lgodon-pirof@orange.fr","suspect":0}
,{"lat":42.776436,"lng":2.785294,"name":"L'ATELIER DE CHRYSTEL","web":"","txt":" Tapissier d'ameublement/tapissier décorateur","wiki":null,"tel":"0688770697","postCode":66600,"city":"Cases-de-Pène","addr":"Rue de la Gare Ancienne Cave Byrrh, ","cat":"OE","email":"dayde.christel@wanadoo.fr","suspect":0}
,{"lat":42.512888,"lng":3.1147,"name":"TERRE DE COULEUR","web":"","txt":"Tourneur céramique","wiki":null,"tel":"0607292180","postCode":66660,"city":"Port-Vendres","addr":"7 avenue de la Mixte zone artisanale, ","cat":"OP","email":"terre-de-couleur@wanadoo.fr","suspect":0}
,{"lat":42.535622,"lng":2.957182,"name":"elevage de porc plein air xadi","web":"http://xadi66.com","txt":"Eleveur de porc en plein air, sans antibiotiques, alilentation française sans ogm et aucun pesticide utilisé sur l'exploitation. Vente de viandes et Charcuteries Fermières, transformées de façon ancestrale sans additifs .","wiki":null,"tel":"","postCode":66690,"city":"Sorède","addr":" Elevage de porc Xadi 66690 Palau-del-Vidre ","cat":"AV","email":"xadiporcpleinair@gmail.com","suspect":0}
,{"lat":42.550885,"lng":2.970824,"name":"DORURE LAVERRIERE","web":"http://www.dorure-laverriere.fr","txt":" Doreur-ornemaniste","wiki":null,"tel":"0663025588","postCode":66690,"city":"Saint-André","addr":"10 Rue des Albères, 66690 SAINT ANDRE","cat":"OO","email":"contact@dorure-laverriere.fr","suspect":0}
,{"lat":42.54247,"lng":3.05039,"name":"COUTEAU CATALAN","web":"http://www.delaux-cie.com","txt":" Coutelier","wiki":null,"tel":"0683553048","postCode":66700,"city":"Argelès-sur-Mer","addr":"C3 Les Villegiales du Port, ","cat":"OC","email":"philippe@delaux-cie.com","suspect":0}
,{"lat":42.768937,"lng":2.654855,"name":"DéliC'Art...S","web":"http://facebook.com/delicarts.stephanie.tahon","txt":" Ebéniste","wiki":null,"tel":"0615215788","postCode":66720,"city":"Latour-de-France","addr":"5 place Marcel Vié, apt1, 66720 Latour de France","cat":"OO","email":"delicart.creation@gmail.com","suspect":0}
,{"lat":42.748169,"lng":2.677134,"name":"MENUISERIE - EBÉNISTERIE SÉGUIÉ","web":"http://www.bois-liberte.fr","txt":"Restaurateur de meubles","wiki":null,"tel":"0611756109","postCode":66720,"city":"Montner","addr":"10, impasse du muguet, ","cat":"OO","email":"christian.seguie@free.fr","suspect":0}
,{"lat":42.815941,"lng":2.748884,"name":"RAKUCREATION","web":"http://www.racreation.fr","txt":"Potier raku","wiki":null,"tel":"0468291860","postCode":66720,"city":"Tautavel","addr":"Avenue Jean Badia, ","cat":"OP","email":"rakucreation@orange.fr","suspect":0}
,{"lat":42.743755,"lng":2.459478,"name":"ATELIER THERY\n","web":"http://atelier-thery.france-artisanat.fr","txt":"Sculpteur sur cuir","wiki":null,"tel":"0680222133","postCode":66730,"city":"Prats-de-Sournia","addr":"5 montée des Farahoners, ","cat":"OT","email":"atelier.thery@hotmail.fr","suspect":0}
,{"lat":42.522459,"lng":2.931082,"name":"Pascale Sabaté","web":"http://couteaux.pascale-sabate.com","txt":" Coutelier","wiki":null,"tel":"0630755523","postCode":66740,"city":"Laroque-des-Albères","addr":"57 rue Roca Vella, 66740 Laroque des Albères","cat":"OC","email":"sa.pascale66@gmail.com","suspect":0}
,{"lat":42.456973,"lng":2.040643,"name":"LES MONTRES 66 SIMEONE","web":"http://www.montres-66.com","txt":" Restaurateurs de montres de collection","wiki":null,"tel":"0675301144","postCode":66800,"city":"Saillagouse","addr":"Chemin de Védrignans, ","cat":"OB","email":"joel@simeone.fr","suspect":0}
,{"lat":42.561015,"lng":2.360099,"name":"yanis regnery","web":"","txt":"Maraîcher horticulteur, il confectionne avec ses récoltes divers boissons.","wiki":null,"tel":"0468960488","postCode":66820,"city":"Fuilla","addr":" Le Sacou Cami de Serdinya","cat":"AM","email":"","suspect":0}
,{"lat":42.560297,"lng":2.363378,"name":"dominique houzeau","web":"","txt":"Apiculteur, il confectionne également des vins et spiritueux.","wiki":null,"tel":"0468052074","postCode":66820,"city":"Fuilla","addr":" 11 ancien chemin de Villefranche","cat":"AAB","email":"","suspect":0}
,{"lat":42.565431,"lng":2.384649,"name":"BINET CORINNE","web":"","txt":"Polisseur","wiki":null,"tel":"0613105164","postCode":66820,"city":"Corneilla-de-Conflent","addr":"11, lotissement Le Bourgué, 66820 Corneilla de conflent","cat":"OB","email":"binet.corinne@9business.fr","suspect":0}
]}