{"id":67,"producers":[
{"lat":48.584041,"lng":7.754448,"name":"Atelier Porcelaine","web":"http://fany-porcelaine.com","txt":" Peintre en décor","wiki":null,"tel":"0672814504","postCode":67000,"city":"Strasbourg","addr":"15 rue de l'Arc en Ciel, ","cat":"OE","email":"atelierporcelaine@fany-porcelaine.com","suspect":0}
,{"lat":48.576688,"lng":7.732578,"name":"ATELIER SARAH LANG","web":"http://www.ateliersarahlang.fr","txt":" Graphiste","wiki":null,"tel":"0388241904","postCode":67000,"city":"Strasbourg","addr":"19A, rue de Molsheim, ","cat":"OD","email":"contact@ateliersarahlang.fr","suspect":0}
,{"lat":48.580425,"lng":7.748199,"name":"COLETTE RAVIER","web":"http://coletteravier.com","txt":" Tailleur-couturier","wiki":null,"tel":"0388759480","postCode":67000,"city":"Strasbourg","addr":"de l'épine, 67000 STRASBOURG","cat":"HT","email":"colette.ravier@tele2.fr","suspect":0}
,{"lat":48.582145,"lng":7.754174,"name":"COURS DE RELIURE SUZEL MAILFERT","web":"http://www.reliure-mailfert.fr","txt":"Restaurateur de reliures","wiki":null,"tel":"0388354245","postCode":67000,"city":"Strasbourg","addr":"2, rue des Soeurs, 67000 STRASBOURG","cat":"OD","email":"suzel@reliure-mailfert.com","suspect":0}
,{"lat":48.571662,"lng":7.753223,"name":"Flo Home Delight","web":"http://www.flohomedelight.com","txt":" Fabricant d'objets décoratifs en tissus (patchworks, tissus appliqués, coussins, drapeaux.)","wiki":null,"tel":"0786325959","postCode":67000,"city":"Strasbourg","addr":"16 rue de la Thumenau, 67100 Strasbourg","cat":"OE","email":"flohomedelight@gmail.com","suspect":0}
,{"lat":48.595584,"lng":7.762071,"name":"FORGEAGES","web":"http://pierre.gaucher.free.fr","txt":"Sculpteur sur métal","wiki":null,"tel":"0388357862","postCode":67000,"city":"Strasbourg","addr":"11 rue Théophile Schuler, 67000 STRASBOURG","cat":"OF","email":"forgeages@aol.com","suspect":0}
,{"lat":48.569437,"lng":7.787664,"name":"H.H.SERVICES CARROSSERIE","web":"http://www.carrosserie-hh.com","txt":" Carrossier","wiki":null,"tel":"0611326792","postCode":67000,"city":"Strasbourg","addr":"2 rue Rhin Napoléon, ","cat":"OM","email":"h.h.services@wanadoo.fr","suspect":0}
,{"lat":48.585361,"lng":7.771692,"name":"JEAN-CHRISTOPHE GRAFF","web":"http://www.luthier-graff.com","txt":" Luthier","wiki":null,"tel":"0388619337","postCode":67000,"city":"Strasbourg","addr":"11, rue Saint-Maurice, ","cat":"OL","email":"jean-christophe.graff@wanadoo.fr","suspect":0}
,{"lat":48.579896,"lng":7.732999,"name":"marqueterie d'art schneider","web":"http://francisalain.fr","txt":" Marqueteur","wiki":null,"tel":"0769987930","postCode":67000,"city":"Strasbourg","addr":"24 rue Rosheim, ","cat":"OO","email":"francisalain67@gmail.com","suspect":0}
,{"lat":48.590846,"lng":7.745277,"name":"Nathy Thiebaut ARUN Luthier","web":"http://www.nathy-arun.com","txt":"Luthier","wiki":null,"tel":"0658861824","postCode":67000,"city":"Strasbourg","addr":"5 Boulevard Clemenceau, ","cat":"OL","email":"nathyarun@gmail.com","suspect":0}
,{"lat":48.583185,"lng":7.737487,"name":"OVALE SERVICE","web":"http://www.cadres-jouffroy.com","txt":" Encadreur","wiki":null,"tel":"0388751620","postCode":67000,"city":"Strasbourg","addr":"3, rue de la Course, ","cat":"OO","email":"cadresjouffroy@gmail.com","suspect":0}
,{"lat":48.595438,"lng":7.760989,"name":"SERRURERIE-FERRONNERIE D'ART JM REGALL","web":"","txt":"Ferronnier","wiki":null,"tel":"0388370896","postCode":67000,"city":"Strasbourg","addr":"4 rue Théophile Schuler, ","cat":"OF","email":"jeanmarie.regall@noos.fr","suspect":0}
,{"lat":48.579649,"lng":7.750399,"name":"La Nouvelle Douane","web":"http://lanouvelledouane.com/","txt":"Produits : Rayon bio, Fruits, Légumes, Poissons, Viandes, Traiteur et charcuterie, Volaille et lapin, Fromages, Oeufs et produits laitiers, Pain et patisseries, Miels et confitures, Huiles et vinaigres, Épicerie, Vins et alcools, Jus et sirops","wiki":null,"tel":"0388385170","postCode":67000,"city":"Strasbourg","addr":"1 A Rue du Vieux Marché aux Poissons ","cat":"AG","email":"","suspect":0}
,{"lat":48.55941,"lng":7.767027,"name":"Atelier Empreinte du temps","web":"http://daphnebuisson.wix.com/empreintedutemps","txt":"Restaurateur de papier","wiki":null,"tel":"0677823347","postCode":67100,"city":"Strasbourg","addr":"6 rue de Guebwiller, 67100 S","cat":"OD","email":"atelier.empreintedutemps@gmail.com","suspect":0}
,{"lat":48.566854,"lng":7.766471,"name":"ORELE EVENTAIL","web":"http://www.orele-eventail.com","txt":" Eventailliste","wiki":null,"tel":"0388442354","postCode":67100,"city":"Strasbourg","addr":"50, rue Saint-Aloise, ","cat":"OE","email":"contact@orele-eventail.com","suspect":0}
,{"lat":48.559185,"lng":7.767446,"name":"RELIURE D'ART MAURICE SALMON","web":"http://www.reliure-art.com","txt":" Relieur","wiki":null,"tel":"0663693247","postCode":67100,"city":"Strasbourg","addr":"9, rue de Guebwiller, 67100 STRASBOURG","cat":"OD","email":"mauricesalmon@reliure-art.com","suspect":0}
,{"lat":48.556206,"lng":7.766769,"name":"STENGER PLÂTRE & STAFF","web":"http://www.wereystenger.com","txt":"Staffeur-stucateur","wiki":null,"tel":"0390404610","postCode":67100,"city":"Strasbourg","addr":"21, avenue du Neuhof, 67100 STRASBOURG","cat":"OE","email":"info@stenger.fr","suspect":0}
,{"lat":48.891741,"lng":7.655361,"name":"JARDINS DE LA FERME BLEUE SARL","web":"http://www.jardinsdelafermebleue.com","txt":" Fabricant et restaurateur d'abat-jour","wiki":null,"tel":"0667096666","postCode":67110,"city":"Uttenhoffen","addr":"21, rue principale, ","cat":"OE","email":"jardinsdelafermebleue@wanadoo.fr","suspect":0}
,{"lat":48.485143,"lng":7.726958,"name":"MUHLEISEN - MANUFACTURE D'ORGUES, G. WALTHER ET ASSOCIÉS.","web":"http://www.muhleisen.fr","txt":" Facteur et restaurateur d'orgues","wiki":null,"tel":"0626094022","postCode":67114,"city":"Eschau","addr":"3 rue de l'Industrie, 67114 ESCHAU","cat":"OL","email":"info@muhleisen.fr","suspect":0}
,{"lat":48.489542,"lng":7.724647,"name":"PEINTURES ECODURABLES","web":"http://www.peinturesecodurables.com/","txt":" Peintre en décor","wiki":null,"tel":"0644081052","postCode":67114,"city":"Eschau","addr":"9A RUE DES ALLIES, 67114 ESCHAU","cat":"OE","email":"peinturesecodurables@numericable.fr","suspect":0}
,{"lat":48.649194,"lng":7.75359,"name":"ATELIER EVE GRAFF","web":"","txt":"Restaurateur de meubles","wiki":null,"tel":"0682902754","postCode":67116,"city":"Reichstett","addr":"44a, rue Courbée, ","cat":"OO","email":"egraff67@aol.com","suspect":0}
,{"lat":48.60182,"lng":7.59816,"name":"BIOAGRI","web":"","txt":"Produits Santé","wiki":null,"tel":"0685683055","postCode":67117,"city":"Ittenheim","addr":"5, Chemin d'Oberschaeffolsheim 67117 ITTENHEIM","cat":"P","email":"","suspect":0}
,{"lat":48.626176,"lng":7.574118,"name":"ATELIERS DAMIEN LACOURT","web":"http://www.ateliersdamienlacourt.fr","txt":" Ebéniste","wiki":null,"tel":"0681640211","postCode":67117,"city":"Quatzenheim","addr":"8? Rue des Bouchers, 67117 QUATZENHEIM","cat":"OO","email":"damien.lacourt@orange.fr","suspect":0}
,{"lat":48.519835,"lng":7.687879,"name":"atelier MKI","web":"http://ateliermki.com","txt":" Tapissier d'ameublement/tapissier décorateur","wiki":null,"tel":"0680301568","postCode":67118,"city":"Geispolsheim","addr":"30 rue du maréchal Foch, ","cat":"OE","email":"thiardlagadec@evc.net","suspect":0}
,{"lat":48.522528,"lng":7.506228,"name":"La Ferme Vogelgesang","web":"","txt":"Elevage laitier et porcin","wiki":null,"tel":"0388380434","postCode":67120,"city":"Dorlisheim","addr":"Ferme Vogelgesang Lieu-dit Vogelgesang ","cat":"AV","email":"","suspect":0}
,{"lat":48.524963,"lng":7.500637,"name":"La Ferme Maurer","web":"","txt":"Maraîcher","wiki":null,"tel":"0388384286","postCode":67120,"city":"Dorlisheim","addr":"Route d'Altorf Lieu-dit Lange Gewann ","cat":"AM","email":"","suspect":0}
,{"lat":48.544813,"lng":7.512342,"name":"FRESQUISTE-ILLUSTRATEUR","web":"http://www.roland-perret.com","txt":"Peintre en décor","wiki":null,"tel":"0608321950","postCode":67120,"city":"Molsheim","addr":"du Béarn, ","cat":"OD","email":"rolandperret@free.fr","suspect":0}
,{"lat":48.541712,"lng":7.491179,"name":"LES POTERIES D'AUDREY","web":"http://poteries-audrey.fr","txt":"Potier de terre cuite","wiki":null,"tel":"0388200006","postCode":67120,"city":"Molsheim","addr":"3A rue Liebermann, 67120 MOLSHEIM","cat":"OP","email":"poteries.audrey@free.fr","suspect":0}
,{"lat":48.530508,"lng":7.59842,"name":"SCHAFFNER SAS","web":"http://www.schaffner.fr","txt":"Métallier - Serrurrier","wiki":null,"tel":"0388491156","postCode":67120,"city":"Duppigheim","addr":"24,= rue des Près, ","cat":"OM","email":"p.schaffner@schaffner.fr","suspect":0}
,{"lat":48.422941,"lng":7.448529,"name":"Ferme Truttenhausen","web":"","txt":"Agriculteur biodynamique","wiki":null,"tel":"","postCode":67140,"city":"Heiligenstein","addr":"Ferme de Truttenhausen ","cat":"AM","email":"","suspect":0}
,{"lat":48.396384,"lng":7.441683,"name":"Domaine Armand Gilg","web":"","txt":"Vigneron Indépendant","wiki":null,"tel":"0388089276","postCode":67140,"city":"Mittelbergheim","addr":"2 rue Rotland ","cat":"AB","email":"","suspect":0}
,{"lat":48.385813,"lng":7.416797,"name":"L'ATELIER GAINERIE D'ART","web":"http://www.amagalerie.com/i.engel","txt":" Gainier","wiki":null,"tel":"0770703394","postCode":67140,"city":"Andlau","addr":"Les Ateliers de la Seigneurie, 67140 ANDLAU","cat":"OT","email":"irma.engel@wanadoo.fr","suspect":0}
,{"lat":48.409228,"lng":7.448826,"name":"VERRE-A-PART","web":"http://www.verre-a-part.fr","txt":"Verrier au chalumeau ","wiki":null,"tel":"0686428753","postCode":67140,"city":"Barr","addr":"1A place de l'Hôtel de Ville, ","cat":"OR","email":"info@verre-a-part.fr","suspect":0}
,{"lat":48.427134,"lng":7.66037,"name":"bingert","web":"http://www.domainebingert.fr/","txt":"Le Domaine Bingert est spécialisé dans la culture de céréales et légumes.","wiki":null,"tel":"0388988464","postCode":67150,"city":"Erstein","addr":" 14 rue des Bergers","cat":"AM","email":"","suspect":0}
,{"lat":48.420453,"lng":7.664186,"name":"Au Tape-Clous","web":"http://www.autape-clous.fr","txt":" Tapissier d'ameublement/tapissier décorateur","wiki":null,"tel":"0676883222","postCode":67150,"city":"Erstein","addr":"33, rue du Général de Gaulle, ","cat":"OE","email":"ogerald1@hotmail.com","suspect":0}
,{"lat":49.008691,"lng":7.92979,"name":"EARL Herr","web":"","txt":"Agriculteur","wiki":null,"tel":"0680009972","postCode":67160,"city":"Steinseltz","addr":"12 rue des Alouettes  ","cat":"AF","email":"","suspect":0}
,{"lat":49.03632,"lng":7.944561,"name":"Audrey Gentner","web":"http://audreygentner.com","txt":" Doreur-ornemaniste","wiki":null,"tel":"0671566381","postCode":67160,"city":"Wissembourg","addr":"8 place de la République, ","cat":"OO","email":"audrey.gentner@gmail.com","suspect":0}
,{"lat":48.764183,"lng":7.687157,"name":"Francis Lang","web":"","txt":"Producteur de champignons","wiki":null,"tel":"0620828510","postCode":67170,"city":"Wahlenheim","addr":"5 rue du Tilleul ","cat":"AF","email":"","suspect":0}
,{"lat":48.596505,"lng":7.71956,"name":"ALINE FALCO","web":"http://www.iluminadora.com","txt":"Enlumineur","wiki":null,"tel":"0664284511","postCode":67200,"city":"Strasbourg","addr":"21 rue des Ormes, ","cat":"OD","email":"lesperluette-du-titivillus@hotmail.fr","suspect":0}
,{"lat":48.57478,"lng":7.725887,"name":"BOTTIER METZGER","web":"http://www.bottiermetzger.fr","txt":" Bottier main","wiki":null,"tel":"0388307381","postCode":67200,"city":"Strasbourg","addr":"14, route de Schirmeck, ","cat":"HB","email":"bottier-metzger@orange.fr","suspect":0}
,{"lat":48.593092,"lng":7.716989,"name":"MANUFACTURE D'ORGUES KERN","web":"","txt":" Facteur et restaurateur d'orgues","wiki":null,"tel":"0388271489","postCode":67200,"city":"Strasbourg","addr":"23 rue Jacob, ","cat":"OL","email":"kern@kernpipeorgan.com","suspect":0}
,{"lat":48.604223,"lng":7.689056,"name":"Hop’La","web":"www.hopla-ferme.fr","txt":"Produits : Rayon bio, Fruits, Légumes, Poissons, Viandes, Traiteur et charcuterie, Volaille et lapin, Fromages, Oeufs et produits laitiers, Pain et patisseries, Miels et confitures, Huiles et vinaigres, Épicerie, Vins et alcools, Jus et sirops","wiki":null,"tel":"0388308440","postCode":67205,"city":"Oberhausbergen","addr":"196 route de Saverne ","cat":"AG","email":"","suspect":0}
,{"lat":48.624741,"lng":7.701093,"name":"Au P-tit Primeur","web":"","txt":"Agricultrice","wiki":null,"tel":"0625335384","postCode":67207,"city":"Niederhausbergen","addr":"14 a rue Mercière ","cat":"AM","email":"","suspect":0}
,{"lat":48.623734,"lng":7.700628,"name":"Brasserie La Mercière","web":"","txt":"Brasserie artisanale","wiki":null,"tel":"0676517787","postCode":67207,"city":"Niederhausbergen","addr":"15 rue Mercière ","cat":"AB","email":"","suspect":0}
,{"lat":48.42216,"lng":7.531493,"name":"ferme saint-blaise","web":"","txt":"La Ferme Saint-Blaise cultive des fruits et légumes.","wiki":null,"tel":"0388087173","postCode":67210,"city":"Valff","addr":" Route de Meistratzheim","cat":"AM","email":"","suspect":0}
,{"lat":48.46336,"lng":7.495602,"name":"LA MALLE À PERRUQUES","web":"http://www.lamalleaperruques.com","txt":" Perruquier-posticheur ","wiki":null,"tel":"0662790408","postCode":67210,"city":"Obernai","addr":"36 rue de la sablière, 67210 OBERNAI","cat":"OE","email":"patchouli762@gmail.com","suspect":0}
,{"lat":48.342253,"lng":7.305637,"name":"Fermes et Compagnie","web":"www.fermesetcompagnie.com","txt":"Produits : Rayon bio","wiki":null,"tel":"0388570600","postCode":67220,"city":"Villé","addr":"6 Rue de la Gare ","cat":"AG","email":"","suspect":0}
,{"lat":48.381038,"lng":7.61539,"name":"EARL Rottmatt","web":"","txt":"Agriculteur","wiki":null,"tel":"0673816162","postCode":67230,"city":"Sand","addr":"17 rue Géneral Leclerc ","cat":"AV","email":"","suspect":0}
,{"lat":48.756672,"lng":7.810704,"name":"NATHALIE ROLLAND-HUCKEL","web":"","txt":"Peintre sur porcelaine","wiki":null,"tel":"0388724927","postCode":67240,"city":"Gries","addr":"du traineau Atelier la Marlotte, 67240 GRIES","cat":"OD","email":"nathalie.rollandhuckel@wanadoo.fr","suspect":0}
,{"lat":48.941246,"lng":7.085671,"name":"JOAILLERIE NIEDERLäNDER","web":"http://www.niederlander-joailliers.com","txt":" Joaillier","wiki":null,"tel":"0388011011","postCode":67260,"city":"Sarre-Union","addr":"21 rue du Maréchal Foch, ","cat":"OB","email":"info@niederlander-joailliers.com","suspect":0}
,{"lat":48.938369,"lng":7.078766,"name":"KOENIG FACTEURS D'ORGUES","web":"http://www.orgues-koenig.fr","txt":" Facteur et restaurateur d'orgues","wiki":null,"tel":"0674629024","postCode":67260,"city":"Sarre-Union","addr":"DE LA GENDARMERIE, 67260 SARRE UNION","cat":"OL","email":"orgues.koenig@free.fr","suspect":0}
,{"lat":48.728865,"lng":7.577048,"name":"ATELIER LITHO CRE@TIVE","web":"http://www.litho-hurstel.com","txt":"Imprimeur en lithographie","wiki":null,"tel":"0608675002","postCode":67270,"city":"Hohfrankenheim","addr":"6 rue de l'Eglise, 67270 Hohrankenheim","cat":"OD","email":"ah@litho-hurstel.com","suspect":0}
,{"lat":48.9045,"lng":7.249998,"name":"Cecile Mairet","web":"http://www.cecilemairet.com","txt":"Tapissier d'ameublement/tapissier décorateur","wiki":null,"tel":"0630273284","postCode":67290,"city":"Tieffenbach","addr":"79 rue des églises, 67290 TIEFFENBACH","cat":"OE","email":"contact@cecilemairet.com","suspect":0}
,{"lat":48.605222,"lng":7.751017,"name":"Atelier MEYER","web":"http://ateliermeyer.fr","txt":"Encadreur","wiki":null,"tel":"0663248817","postCode":67300,"city":"Schiltigheim","addr":"36 rue Principale, ","cat":"OO","email":"ateliermeyer@mac.com","suspect":0}
,{"lat":48.605455,"lng":7.735028,"name":"HATTERMANN","web":"","txt":" Maroquinier","wiki":null,"tel":"0388621356","postCode":67300,"city":"Schiltigheim","addr":"15, route de Hausbergen, ","cat":"OT","email":"chantal.hattermann@hotmail.fr","suspect":0}
,{"lat":48.5826,"lng":7.433448,"name":"EARL Obertor","web":"","txt":"Arboriculteur","wiki":null,"tel":"0619757070","postCode":67310,"city":"Balbronn","addr":"104 rue de la Forêt ","cat":"AF","email":"","suspect":0}
,{"lat":48.59976,"lng":7.436056,"name":"Ferme Laugel","web":"","txt":"Eleveur","wiki":null,"tel":"0671709388","postCode":67310,"city":"Westhoffen","addr":"24 rue Léon Blum ","cat":"AV","email":"","suspect":0}
,{"lat":48.601672,"lng":7.441429,"name":"EARL LES VERGERS HUFSCHMITT","web":"","txt":"producteur de fruits","wiki":null,"tel":"0676367074","postCode":67310,"city":"Westhoffen","addr":"1, rue du général scherb ","cat":"ACF","email":"","suspect":0}
,{"lat":48.681184,"lng":7.45916,"name":"ATELIER DE BIJOUTERIE - JOAILLERIE  YANNICK PROBST","web":"","txt":"Joaillier","wiki":null,"tel":"0388870143","postCode":67310,"city":"Knœrsheim","addr":"15, rue Principale, 67310 KNOERSHEIM","cat":"OB","email":"yannick.probst0252@orange.fr","suspect":0}
,{"lat":48.817892,"lng":7.528649,"name":"Ferme Firn","web":"","txt":"Agriculteur","wiki":null,"tel":"0388713320","postCode":67330,"city":"Kirrwiller","addr":"2 rue du Puits ","cat":"AC","email":"","suspect":0}
,{"lat":48.851599,"lng":7.546404,"name":"ATELIER D'ENLUMINURE MESNIG","web":"http://www.enlumineur.com","txt":" Enlumineur","wiki":null,"tel":"0689817394","postCode":67330,"city":"Obermodern-Zutzendorf","addr":"11 rue d'Obermodern, 67330 Zutsendorf","cat":"OD","email":"mesnig@enlumineur.com","suspect":0}
,{"lat":48.657591,"lng":7.570023,"name":"Ferme Klein","web":"","txt":"Producteur","wiki":null,"tel":"0388696474","postCode":67370,"city":"Schnersheim","addr":"12 route de Strasbourg ","cat":"AV","email":"","suspect":0}
,{"lat":48.5167,"lng":7.72411,"name":"Atelier de reliure Marchal","web":"","txt":"Restaurateur de reliures","wiki":null,"tel":"0689571851","postCode":67400,"city":"Illkirch-Graffenstaden","addr":"2 rue du Gabon, ","cat":"OD","email":"Atelierdereliure.marchal@gmail.com","suspect":0}
,{"lat":48.348483,"lng":7.1078,"name":"ÉBÉNISTERIE L'ATHANOR","web":"http://www.lathanor.com","txt":"Restaurateur de meubles","wiki":null,"tel":"0650110633","postCode":67420,"city":"Saales","addr":"10, grande rue, 67420 Saâles","cat":"OO","email":"atelierathanor@aol.com","suspect":0}
,{"lat":48.964381,"lng":7.138275,"name":"les vergers d'arlette","web":"http://www.lesvergersdarlette.com/","txt":"Les Vergers d'Arlette produisent des fruits bios. Ils possèdent aussi un atelier artisanal à jus de pommes et vinaigres de pommes et confectionnent d'autres produits dérivés.","wiki":null,"tel":"0388000791","postCode":67430,"city":"Vœllerdingen","addr":" 5 lotissement Niedermatt","cat":"AF","email":"","suspect":0}
,{"lat":48.642554,"lng":7.708471,"name":"EBENISTERIE D ART LE CHEVALET","web":"","txt":"Vernisseur au tampon ","wiki":null,"tel":"0388818387","postCode":67450,"city":"Mundolsheim","addr":"23 Rue du Général de Gaulle, ","cat":"OO","email":"ebenisterie.lechevalet@orange.fr","suspect":0}
,{"lat":48.630328,"lng":7.728923,"name":"Enluminures Hind Cherrat","web":"http://pagespro-orange.fr/enluminures.hind","txt":" Enlumineur","wiki":null,"tel":"0630111343","postCode":67460,"city":"Souffelweyersheim","addr":"59 route de Brumath, ","cat":"OD","email":"hind.cherrat@orange.fr","suspect":0}
,{"lat":48.813546,"lng":8.010613,"name":"Cuisine Ton Terroir","web":"","txt":"Vente de produits du terroir","wiki":null,"tel":"0961277169","postCode":67480,"city":"Rountzenheim-Auenheim","addr":"12 Route Nationale 67480 Auenheim","cat":"AV","email":"","suspect":0}
,{"lat":48.707757,"lng":7.485554,"name":"les produits de la ferme st-andré","web":"http://fermesaintandre.com/fr/Accueil-3.html","txt":"La Ferme cultive fruits et légumes et transforme ses produits en plats cuisinés, conserves et confitures.","wiki":null,"tel":"0388702086","postCode":67490,"city":"Friedolsheim","addr":" 6 rue de la Chapelle","cat":"AM","email":"","suspect":0}
,{"lat":49.027916,"lng":7.825882,"name":"elixirs et plantes","web":"https://www.elixirsetplantes.fr","txt":"Culture et transformations de plantes aromatiques médicinales","wiki":null,"tel":"0666582870","postCode":67510,"city":"Wingen","addr":" 1 rue des sapins","cat":"P","email":"rachelgardon67@gmail.com","suspect":0}
,{"lat":48.473165,"lng":7.444283,"name":"aux vertus des plantes","web":"https://www.auxvertusdesplantes.com/","txt":"Aux Vertus des Plantes est une petite entreprise locale basée à Boersch, au pied du Mont Saint Odile (Alsace). Voilà maintenant 17 ans, que moi et mon mari sommes à l'écoute des bienfaits de la nature. Nous proposons des savons aux plantes, des plantes en vrac récoltées sur nos terres en Alsace et dans la Drôme (ortie, menthe douce, achillée millefeuille…) des huiles essentielles, des huiles de massage, des sirops ou encore des sels aux plantes.","wiki":null,"tel":"0637028662","postCode":67530,"city":"Bœrsch","addr":" 6 rue des roses","cat":"P","email":"auxvertusdesplantes@orange.fr","suspect":0}
,{"lat":48.444709,"lng":7.425271,"name":"MONIQUE MEYER","web":"http://www.mmeyer.ift.fr","txt":" Décorateur sur verre","wiki":null,"tel":"0388959071","postCode":67530,"city":"Saint-Nabor","addr":"70, rue du Général de Gaulle, ","cat":"OR","email":"mlf.meyer@wanadoo.fr","suspect":0}
,{"lat":48.68216,"lng":7.695292,"name":"TERRAKROMARTIS","web":"","txt":" Céramiste","wiki":null,"tel":"0601971041","postCode":67550,"city":"Eckwersheim","addr":"7, rue du cimetière, ","cat":"OP","email":"hurst.annick67@gmail.com","suspect":0}
,{"lat":48.270055,"lng":7.517214,"name":"peter","web":"","txt":"Peter produit des légumes, des produits laitiers, pains, farines et du jus de pommes.","wiki":null,"tel":"0388920853","postCode":67600,"city":"Muttersholtz","addr":" Rathsamhausen 1 route de Sélestat ","cat":"AM","email":"","suspect":0}
,{"lat":48.24264,"lng":7.38255,"name":"SCEA Vignobles Engel","web":"","txt":"VITICULTEUR","wiki":null,"tel":"0388920183","postCode":67600,"city":"Orschwiller","addr":"1 RUE DES VIGNES 67600 ORSCHWILLER","cat":"AB","email":"","suspect":0}
,{"lat":48.230336,"lng":7.522039,"name":"Myrtilles Schnell","web":"","txt":"Agricultrice","wiki":null,"tel":"0670184662","postCode":67600,"city":"Mussig","addr":"14 rue de Baldenheim 67600  MUSSIG","cat":"AF","email":"","suspect":0}
,{"lat":48.269783,"lng":7.518828,"name":"CALF'ATELIER / BATELIER DU RIED","web":"http://www.batelier-ried.com","txt":" Charpentier de marine","wiki":null,"tel":"0608935142","postCode":67600,"city":"Muttersholtz","addr":"21 rue Ehnwihr, ","cat":"OM","email":"contact@batelier-ried.com","suspect":0}
,{"lat":48.257864,"lng":7.454,"name":"JL ROELLY JOAILLIER CRÉATEUR \n","web":"http://www.jl-roelly.com","txt":"Sertisseur","wiki":null,"tel":"0388922192","postCode":67600,"city":"Sélestat","addr":"20 rue des Chevaliers, ","cat":"OB","email":"contact@jl-roelly.com","suspect":0}
,{"lat":48.260858,"lng":7.531304,"name":"SARL TEXTURES","web":"http://www.texturestm.fr","txt":"Potier de terre cuite","wiki":null,"tel":"0388852333","postCode":67600,"city":"Muttersholtz","addr":"17, rue des tulipes, 67600 MUTTERLSHOLTZ","cat":"OP","email":"texturesTM@wanadoo.fr","suspect":0}
,{"lat":48.265712,"lng":7.538415,"name":"TISSAGE GANDER","web":"http://www.tissage-gander.fr","txt":" Tisserand","wiki":null,"tel":"0671694382","postCode":67600,"city":"Muttersholtz","addr":"2, rue de l'Etang, 67600 MUTTERSHOLTZ","cat":"HT","email":"lesganders@hotmail.fr","suspect":0}
,{"lat":48.829908,"lng":7.957386,"name":"POTERIE D'ALSACE HENRI SIEGFRIED","web":"http://www.poterie-siegfried.fr","txt":"Tourneur céramique","wiki":null,"tel":"0388866063","postCode":67620,"city":"Soufflenheim","addr":"10 Rue de Haguenau, ","cat":"OP","email":"siegfried@reperes.com","suspect":0}
,{"lat":48.477466,"lng":7.676037,"name":"Les Foies Gras du Ried","web":"","txt":"Producteur de foie gras","wiki":null,"tel":"0388642284","postCode":67640,"city":"Ichtratzheim","addr":"37 rue du Château ","cat":"AV","email":"","suspect":0}
,{"lat":48.355729,"lng":7.419691,"name":"EARL Maison Jean-Jacques Wolffer","web":"","txt":"Viticulteur","wiki":null,"tel":"0388924179","postCode":67680,"city":"Nothalten","addr":"Ferme Boemstein ","cat":"AB","email":"","suspect":0}
,{"lat":48.743141,"lng":7.362037,"name":"MARQUETERIE STRAUB","web":"http://www.marqueterie-jstraub.com","txt":" Marqueteur","wiki":null,"tel":"0683380253","postCode":67700,"city":"Saverne","addr":"9, rue du moulin, ","cat":"OO","email":"straub.jacques@neuf.fr","suspect":0}
,{"lat":48.265961,"lng":7.413751,"name":"Rucher des 3 Châteaux","web":"","txt":"Apiculteur","wiki":null,"tel":"0615806885","postCode":67730,"city":"Châtenois","addr":"24 chemin du Neuerweg ","cat":"AA","email":"","suspect":0}
,{"lat":48.287547,"lng":7.415479,"name":"Alsace Frey-Sohler","web":"","txt":"Viticulteur","wiki":null,"tel":"0388921013","postCode":67750,"city":"Scherwiller","addr":"72 rue de l'Ortenbourg ","cat":"AB","email":"","suspect":0}
,{"lat":48.624904,"lng":7.746566,"name":"T.verre","web":"http://tibo-glass.com/","txt":" Verrier à la main","wiki":null,"tel":"0678816844","postCode":67800,"city":"Hœnheim","addr":"9, rue du Maréchal Joffre, 67800 Hoenheim","cat":"OR","email":"lafleuriel.thibault@gmail.com","suspect":0}
]}