{"id":62,"producers":[
{"lat":50.291987,"lng":2.779584,"name":"ATELIER DU SIEGE","web":"","txt":" Tapissier d'ameublement/tapissier décorateur","wiki":null,"tel":"0321227006","postCode":62000,"city":"Arras","addr":"17 Grand Place, ","cat":"O","email":"didierdargy@yahoo.fr"}
,{"lat":50.943204,"lng":1.840374,"name":"A.C.S.A.","web":"http://www.ferronnerie-artisanale.fr","txt":" Ferronnier","wiki":null,"tel":"0620643192","postCode":62100,"city":"Calais","addr":"13, rue Marceau, 62100 CALAIS","cat":"O","email":"acsa62@yahoo.fr"}
,{"lat":50.943245,"lng":1.855883,"name":"NICOLAS BOUCHER","web":"http://restaurationmeubles.com","txt":"Vernisseur au tampon ","wiki":null,"tel":"0668095740","postCode":62100,"city":"Calais","addr":"84, rue des Fleurs, 62100 CALAIS","cat":"O","email":"nicolas.boucher6@wanadoo.fr"}
,{"lat":50.408865,"lng":2.948909,"name":"Association Les Jardins d'Insertion de l'Artois","web":"","txt":"","wiki":null,"tel":"0321201312","postCode":62110,"city":"Hénin-Beaumont","addr":"603 rue Jules Ferry ","cat":"A","email":""}
,{"lat":50.18349,"lng":2.593542,"name":"pépinière pour jardins-forêts","web":"https://pepiniere-pour-jardins-forets.hubside.fr/","txt":"Production écologique d'arbres et arbustes fruitiers, de vivaces (aromatiques, potagères...) AFI\nexemples : pommiers, poiriers, cerisiers, pruniers, pêchers, vignes, aronia, amélanchiers, groseilliers... thyms, romarins, rues, aunées, sauges... oignons rocambole, topinambour... Saules, prunelliers, églantiers...","wiki":null,"tel":"0666977178","postCode":62111,"city":"Pommier","addr":" Chemin blanc","cat":"P","email":"pepiniere.pour.jardins.forets@gmail.com"}
,{"lat":50.499809,"lng":2.698874,"name":"Verra Carlota","web":"http://www.verracarlota.fr","txt":"Verrier au chalumeau ","wiki":null,"tel":"0677228336","postCode":62113,"city":"Sailly-Labourse","addr":"5 rue d'annequin, ","cat":"O","email":"contact@verracarlota.fr"}
,{"lat":50.1448,"lng":2.676087,"name":"EARL Guilbert","web":"","txt":"","wiki":null,"tel":"0630548951","postCode":62116,"city":"Bucquoy","addr":"Ferme la Rettemoy ","cat":"A","email":""}
,{"lat":50.437513,"lng":2.984085,"name":"MAR'IMAGES","web":"http://www.mar-images.com","txt":"Photographe illustrateur","wiki":null,"tel":"0684748180","postCode":62119,"city":"Dourges","addr":"8, rue louis aragon, ","cat":"O","email":"contact@mar-images.com"}
,{"lat":50.659423,"lng":2.35491,"name":"","web":"","txt":"","wiki":null,"tel":"0321959851","postCode":62120,"city":"Roquetoire","addr":"238 rue du marais ","cat":"A","email":""}
,{"lat":50.200534,"lng":2.874794,"name":"La Ferme du Coin","web":"","txt":"","wiki":null,"tel":"0321226985","postCode":62128,"city":"Croisilles","addr":"Rue d'Arras ","cat":"A","email":""}
,{"lat":50.827143,"lng":1.812744,"name":"brasserie la risquette","web":"https://brasserielarisquette.com/","txt":"Micro brasserie situé dans une ancienne ferme sur Fiennes, propose une gamme de 4 bières avec visite, dégustation et vente le mercredi de 14h à 19h","wiki":null,"tel":"0607262460","postCode":62132,"city":"Fiennes","addr":" 850 chemin de la croix","cat":"AB","email":"brasserielarisquette@orange.fr"}
,{"lat":50.803536,"lng":1.84641,"name":"la ferme du bout du breuil","web":"https://www.lafermeduboutdubreuil.com/","txt":"Ferme et épicerie paysanne bio :\nproduction de porcs élevés à l’ancienne sur paille et nourris avec des céréales de qualité (lin, tournesol…), bœufs, veaux, lait cru et blés de variétés anciennes, œufs, pommes de terre en agriculture biologique et point de vente directe à la ferme \n(légumes et fruits de saison, jus de pomme, cidres, confitures, fromages…)\n\nLabel « Agriculture biologique »\nen partenariat avec une trentaine de producteurs\n\nau cœur du Boulonnais, dans le village d’Hermelinghen, \nentre Licques, Hardinghen, Guînes et Marquise, \nentre Calais et Boulogne-sur-Mer.","wiki":null,"tel":"0646342099","postCode":62132,"city":"Hermelinghen","addr":" 910, Route d’Hardinghen 62132 HERMELINGHEN 6","cat":"AM","email":"lafermeduboutdubreuil@gmail.com"}
,{"lat":50.74359,"lng":1.744408,"name":"ATELIER DU CHAT","web":"","txt":" Peintre en décor","wiki":null,"tel":"0321839976","postCode":62142,"city":"Belle-et-Houllefort","addr":"20, chemin des sequerbettes Route de Conteville, 62142 Belle et Houlefort","cat":"O","email":"atelierduchat@caramail.com"}
,{"lat":50.439284,"lng":2.558107,"name":"Asinerie des Petites Fleurs ","web":"","txt":"","wiki":null,"tel":"0321015357","postCode":62150,"city":"Rebreuve-Ranchicourt","addr":"204 rue d'Olhain ","cat":"A","email":""}
,{"lat":50.463797,"lng":1.590961,"name":"BOIS ET SCULPTURE","web":"http://www.boisetsculpture.fr/","txt":"Tourneur sur bois","wiki":null,"tel":"0677857090","postCode":62155,"city":"Merlimont","addr":"569, avenue des sapins, ","cat":"O","email":"manufull@hotmail.fr"}
,{"lat":50.248156,"lng":2.939969,"name":"Degeuser Horticulture","web":"","txt":"","wiki":null,"tel":"0321730910","postCode":62156,"city":"Vis-en-Artois","addr":"53 rue André Mercier ","cat":"A","email":""}
,{"lat":50.926634,"lng":2.057711,"name":"ATELIER GILLIOT","web":"http://www.atelier-gilliot.fr","txt":" Ebéniste","wiki":null,"tel":"0321827727","postCode":62162,"city":"Vieille-Église","addr":"255, rue de Bourbourg, 62162 VIEILLE-EGLISE","cat":"O","email":"d.gilliot@laposte.net"}
,{"lat":50.437274,"lng":1.710797,"name":"","web":"","txt":"","wiki":null,"tel":"0321815306","postCode":62170,"city":"Campigneulles-les-Grandes","addr":"9 place Verte ","cat":"A","email":""}
,{"lat":50.475191,"lng":1.857406,"name":"L'ÉGOUTTOIR","web":"","txt":" Ebéniste","wiki":null,"tel":"0321860741","postCode":62170,"city":"Aix-en-Issart","addr":"26, rue Principale, ","cat":"O","email":"legouttoir@wanadoo.fr"}
,{"lat":50.39988,"lng":1.631665,"name":"pascal france","web":"","txt":"L'exploitation agricole de Verton cultive des fruits et légumes et élève de la volaille.","wiki":null,"tel":"0321842988","postCode":62180,"city":"Verton","addr":" 4 rue des Prés ","cat":"AM","email":""}
,{"lat":50.20002,"lng":2.958243,"name":"Au Rythme des Saisons","web":"","txt":"","wiki":null,"tel":"0685426456","postCode":62182,"city":"Riencourt-lès-Cagnicourt","addr":"18 rue de Clichy 62182 Riencourt-les-Cagnicourt","cat":"A","email":""}
,{"lat":50.57015,"lng":2.436292,"name":"La Ferme des 3 Pommes","web":"","txt":"","wiki":null,"tel":"0688681773","postCode":62190,"city":"Bourecq","addr":"30 rue Principale ","cat":"A","email":""}
,{"lat":50.915286,"lng":1.774386,"name":"","web":"","txt":"","wiki":null,"tel":"0321852728","postCode":62231,"city":"Peuplingues","addr":"112 route de Calais ","cat":"A","email":""}
,{"lat":50.528747,"lng":2.617651,"name":"le rucher des hauts de france","web":"https://www.abeille-en-nord.fr/about https://www.facebook.com/apiculteur.annezin/ https://www.facebook.com/dsammiez","txt":"Apiculteur local du Béthunois, miels locaux et de France, apithérapies, gelée royale, bière au miel de béthune, confiseries,","wiki":null,"tel":"0688674715","postCode":62232,"city":"Annezin","addr":" 39 Rue des MARTYRS 62232 ANNEZIN","cat":"AA","email":"dsammiez@yahoo.fr"}
,{"lat":50.565192,"lng":2.622047,"name":"Antoine BERNARD","web":"","txt":"","wiki":null,"tel":"0683254030","postCode":62232,"city":"Hinges","addr":"26 Rue du 8 Mai 62232 HINGES","cat":"A","email":""}
,{"lat":50.39003,"lng":2.925741,"name":"SARL MARTIAUX","web":"","txt":"Sculpteur sur bois","wiki":null,"tel":"0670142668","postCode":62320,"city":"Drocourt","addr":"11, rue Albert Saussez, ","cat":"O","email":"ateliermartiaux@voila.fr"}
,{"lat":50.602396,"lng":2.576218,"name":"LE RUCHER DE LA RIVIERE AUX ROSEAUX","web":"","txt":"","wiki":null,"tel":"33321266116","postCode":62350,"city":"Robecq","addr":"1179 RUE DE CALONNE 62350 ROBECQ","cat":"A","email":""}
,{"lat":50.673347,"lng":1.698999,"name":"terre essentielle","web":"http://www.terre-essentielle.com/","txt":"Terre Essentielle propose une gamme d'huiles essentielles, eaux florales, huiles végétales et florales bios.","wiki":null,"tel":"0962085681","postCode":62360,"city":"Hesdin-l'Abbé","addr":" 1281 Rue Magnier","cat":"A","email":"christophe@terre-essentielle.com"}
,{"lat":50.932925,"lng":1.975136,"name":"le savon autrement","web":"http://savon-autrement.blogspot.fr/","txt":"Fabrication à l'ancienne de savons surgras bio au lait frais de chèvre Alpine bio.","wiki":null,"tel":"","postCode":62370,"city":"Guemps","addr":" 1692 rue Dessaint","cat":"P","email":""}
,{"lat":50.225033,"lng":2.216815,"name":"EARL de la Vallée du Puits","web":"","txt":"","wiki":null,"tel":"0321418430","postCode":62390,"city":"Villers-l'Hôpital","addr":"2 rue de Remaisnil ","cat":"A","email":""}
,{"lat":50.527404,"lng":2.653676,"name":"pierre olivier plants","web":"http://pierreolivierplants.fr","txt":"activité de production de plants de légumes BIO à repiquer pour les producteurs Bio et les passionnés de jardins. production de fleurs annuelles, fleurs vivaces et fleurs comestibles.","wiki":null,"tel":"0665001976","postCode":62400,"city":"Béthune","addr":" 69 rue des glaieuls","cat":"AM","email":"pierreolivierplants@gmail.com"}
,{"lat":50.525928,"lng":2.647011,"name":"gilliane collection","web":"http://gilliane.fr","txt":" Costumier","wiki":null,"tel":"0619888491","postCode":62400,"city":"Béthune","addr":"193 rue du perroy, ","cat":"O","email":"gilliane.collection@gmail.com"}
,{"lat":50.438367,"lng":2.442375,"name":"EARL LEBEL","web":"","txt":"","wiki":null,"tel":"0681101011","postCode":62460,"city":"Diéval","addr":"RUE MARIE CARON 62460 DIEVAL","cat":"A","email":""}
,{"lat":50.77193,"lng":2.20767,"name":"la cressonnière tilques","web":"http://www.la-cressonniere-de-tilques.com/","txt":"producteur de légumes en agriculture raisonnée.\nSpécialisée dans la vente de fruits et légumes directe producteur à Tilques, la Cressonnière de Tilques vous propose à la vente un large choix de produits frais et de saison, aux saveurs incomparables !","wiki":null,"tel":"3332112688","postCode":62500,"city":"Tilques","addr":" 8 Rue Hennebocque","cat":"AM","email":""}
,{"lat":50.613171,"lng":2.193739,"name":"","web":"","txt":"","wiki":null,"tel":"0671511858","postCode":62560,"city":"Coyecques","addr":"rue de la haigrie  62560 coyecques","cat":"A","email":""}
,{"lat":50.354726,"lng":2.826891,"name":"La Halte Farbusienne","web":"","txt":"","wiki":null,"tel":"0972998310","postCode":62580,"city":"Farbus","addr":"Rue du 19 mars ","cat":"A","email":""}
,{"lat":50.814412,"lng":1.96873,"name":"Perle de Fraises","web":"","txt":"","wiki":null,"tel":"0625978361","postCode":62610,"city":"Landrethun-lès-Ardres","addr":"671 rue du Val 62610 Landrethun-les-Ardres","cat":"A","email":""}
,{"lat":50.832415,"lng":2.031807,"name":"Au Jardin de Berthem","web":"","txt":"","wiki":null,"tel":"0681308111","postCode":62610,"city":"Louches","addr":"42 chemin vert ","cat":"A","email":""}
,{"lat":50.528679,"lng":1.730852,"name":"le rucher de la dordonne","web":"","txt":"Vente de produits de la ruche : Miel, pollen, pain d'épice.","wiki":null,"tel":"0659562552","postCode":62630,"city":"Maresville","addr":" 1 rue de la dordonne","cat":"AA","email":"lerucherdeladordonne@orange.fr"}
,{"lat":50.501695,"lng":1.90636,"name":"claire marin","web":"http://clairemarin.com","txt":" Peintre en décor","wiki":null,"tel":"0667485984","postCode":62650,"city":"Humbert","addr":"Hameau de potier, ","cat":"O","email":"clairemarin@hotmail.fr"}
,{"lat":50.534998,"lng":2.702632,"name":"","web":"","txt":"","wiki":null,"tel":"0627084532","postCode":62660,"city":"Beuvry","addr":"654 rue des Chantiers ","cat":"A","email":""}
,{"lat":50.453748,"lng":2.796883,"name":"PATRICE CARON","web":"","txt":"Sculpteur ornemaniste","wiki":null,"tel":"0686247000","postCode":62750,"city":"Loos-en-Gohelle","addr":"73, impasse vendeville, 62750 Loos en Gomelle","cat":"O","email":""}
,{"lat":50.480691,"lng":1.585912,"name":"CÔTE ET FIL","web":"","txt":"Fabricant d'objets décoratifs en tissus (patchworks, tissus appliqués, coussins, drapeaux.)","wiki":null,"tel":"0321849715","postCode":62780,"city":"Cucq","addr":"Boulevard LABRASSE Résidence SUMMERTIME, 62780 STELLA PLAGE","cat":"O","email":"bernadette.dhaussy@wanadoo.fr"}
,{"lat":50.767045,"lng":1.90411,"name":"la chèvrerie d'antho","web":"","txt":"éleveur de chèvre alpine, je vend mon lait à une laiterie et je fais de la transformation fromagère","wiki":null,"tel":"0688064103","postCode":62850,"city":"Herbinghen","addr":" 959 rue principale","cat":"AF","email":"acfdu79@orange.fr"}
,{"lat":50.175827,"lng":3.055643,"name":"","web":"","txt":"","wiki":null,"tel":"0321593033","postCode":62860,"city":"Inchy-en-Artois","addr":"27 rue de Moeuvres ","cat":"A","email":""}
,{"lat":50.232892,"lng":3.173402,"name":"Verger d'Epinoy","web":"","txt":"","wiki":null,"tel":"0321070874","postCode":62860,"city":"Épinoy","addr":"1 route Nationale 62860 Epinoy","cat":"A","email":""}
,{"lat":50.24618,"lng":3.11862,"name":"Maraicher","web":"","txt":"","wiki":null,"tel":"0678494606","postCode":62860,"city":"Oisy-le-Verger","addr":"10 rue Paul Trinet 62860 Oisy le verger","cat":"A","email":""}
,{"lat":50.817774,"lng":2.09495,"name":"HAZELART","web":"","txt":"Restaurateur de meubles","wiki":null,"tel":"0321356195","postCode":62890,"city":"Nordausques","addr":"224, impasse du chanoine, 62890 NORDAUSQUES","cat":"O","email":"hazelart.philippe@wanadoo.fr"}
,{"lat":50.406893,"lng":3.011329,"name":"la cahute fermière","web":"https://cahutefermiere.com/","txt":"Magasin alimentaire de produits locaux et bio en vente direct des producteurs situé près de la zone commercial d'Auchan Noyelles Godault dans la ZAC des Hauts de France","wiki":null,"tel":"0321373578","postCode":62970,"city":"Courcelles-lès-Lens","addr":" 1 avenue régis pollet ZAC des Hauts de France 629790 ","cat":"A","email":""}
]}