{"id":68,"producers":[
{"lat":48.054645,"lng":7.364066,"name":"le fact'oeuf","web":"https://www.factoeuf.fr/","txt":"livraison d'oeufs bio à domicile de poules élevées en agroforesterie sur Colmar","wiki":null,"tel":"0638016050","postCode":68000,"city":"Colmar","addr":" 7 KRAEHENBRUCKLE WEG","cat":"AV","email":""}
,{"lat":48.066389,"lng":7.358509,"name":"chants de la terre","web":"","txt":"Chants de la terre propose des légumes primeurs et de conservation et de plein champs, conserves de cornichons, basilic à l'huile, purée de potimarron, de tomate.","wiki":null,"tel":"0389419063","postCode":68000,"city":"Colmar","addr":" 114 Chemin du Lauchwerb","cat":"AM","email":""}
,{"lat":48.067215,"lng":7.367383,"name":"thierry koehly","web":"","txt":"Cultivateur de céréales, fruits et légumes à Colmar.","wiki":null,"tel":"0389413055","postCode":68000,"city":"Colmar","addr":" 14 Schneckenackerweg","cat":"AM","email":""}
,{"lat":48.083962,"lng":7.366266,"name":"ATELIER DE SCULPTURE SCHICKÉ","web":"http://jlschicke.nerim.net/","txt":"Sculpteur sur pierre","wiki":null,"tel":"0389413552","postCode":68000,"city":"Colmar","addr":"12 rue du Ladhof, 68000 COLMAR","cat":"O","email":"jean-luc@schicke.fr"}
,{"lat":48.082145,"lng":7.34655,"name":"Atelier Erny Jean-Jaques","web":"http://www.atelier-erny.fr","txt":"Sculpteur sur bois","wiki":null,"tel":"0389807117","postCode":68000,"city":"Colmar","addr":"6 place Saint Joseph, ","cat":"O","email":"atelier.erny@laposte.net"}
,{"lat":48.087853,"lng":7.325909,"name":"PIANOS ADES PRESTEL","web":"http://pianos-ades.fr","txt":" Facteur et restaurateur de pianos","wiki":null,"tel":"0389273677","postCode":68040,"city":"Ingersheim","addr":"183, route de Colmar, 68040 INGERSHEIM","cat":"O","email":"pianos.ades@wanadoo.fr"}
,{"lat":47.601335,"lng":7.330074,"name":"sarl du jardin au panier","web":"https://www.facebook.com/Du.Jardin.au.Panier","txt":"Du Jardin au Panier vous propose des paniers de légumes de saison.\nExiste en 2 formules : Duo 10€ , Famille 19€\nLa composition varie chaque semaine.\nEgalement vente de fruits et légumes en vrac sur les marchés et à la boutique.","wiki":null,"tel":"0668795487","postCode":68130,"city":"Hundsbach","addr":" 7a rue de Willer","cat":"AM","email":"dujardinaupanier@gmail.com"}
,{"lat":48.04859,"lng":7.11462,"name":"gibier et compagnie","web":"","txt":"Nous sommes une boucherie artisanale qui travaillons à 90% du gibier issu de la Vallée de Munster ou du Haut Rhin. Nous sommes installés à Stosswihr. Nous proposons des produits transformés comme des tourtes, des gendarmes de daim ou de cerf, de la terrine de gibier, du jambon cru fumé de sanglier.","wiki":null,"tel":"0368611198","postCode":68140,"city":"Stosswihr","addr":" 27 Chemin du Widental","cat":"A","email":"gibieretcompagnie@gmail.com"}
,{"lat":48.033903,"lng":7.144427,"name":"ATELIER BERTHAUD","web":"http://www.berthaud-sculpture.com","txt":"Modeleur-Mouleur","wiki":null,"tel":"0607255032","postCode":68140,"city":"Eschbach-au-Val","addr":"27, vieux chemin, 68140 Eschbach au val","cat":"O","email":"p-berthaud@orange.fr"}
,{"lat":48.041884,"lng":7.13761,"name":"LA MAISON LUQUET","web":"http://WWW.LAMAISONLUQUET.EU","txt":" Ferronnier","wiki":null,"tel":"0630323271","postCode":68140,"city":"Munster","addr":"17 RUE DES CLEFS, 68140 MUNSTER","cat":"O","email":"FORGE@LAMAISONLUQUET.EU"}
,{"lat":48.032595,"lng":7.11035,"name":"SABOTERIE HAEBERLE","web":"http://www.saboterie-haeberle.fr","txt":" Tourneur sur bois","wiki":null,"tel":"0389774638","postCode":68140,"city":"Luttenbach-près-Munster","addr":"37, rue Principale, 68140 LUTTENBACH près MUNSTER","cat":"O","email":"ahaeberle@orange.fr"}
,{"lat":48.045508,"lng":7.178406,"name":"WEREY PLÂTRE & STAFF","web":"http://www.wereystenger.com","txt":"Staffeur-stucateur","wiki":null,"tel":"0389773171","postCode":68140,"city":"Gunsbach","addr":"4,rue des Champs, 68140 GUNSBACH","cat":"O","email":"info@werey.com"}
,{"lat":48.195249,"lng":7.316648,"name":"CLAIRE MEYER -SEILLER","web":"http://www.decorpeint-clairemeyer.com","txt":" Peintre en décor","wiki":null,"tel":"0389737229","postCode":68150,"city":"Ribeauvillé","addr":"Rue de la Fraternité, 68150 RIBEAUVILLE","cat":"O","email":"claire.meyerseiller@wanadoo.fr"}
,{"lat":48.243059,"lng":7.171872,"name":"lahcene et cathy","web":"http://www.argasol.fr/","txt":"La Savonnerie Argasol du Val d'Argent produit des savons Bio sans huile de palme par une méthode de saponification à froid.","wiki":null,"tel":"0389588343","postCode":68160,"city":"Sainte-Marie-aux-Mines","addr":" 214 rue Clémenceau ","cat":"P","email":""}
,{"lat":47.743248,"lng":7.398911,"name":"julien winling","web":"https://www.julienwinling.com","txt":"Bonjour, je m'appelle Julien Winling. Je suis éleveur à Rixheim dans le Haut-Rhin dans le sud de l'Alsace. Je vous propose la vente directe à la ferme de viandes rouges fermières à prix éleveur : agneau de lait fermier élevé sous la mère - agneau fermier de pré - boeuf fermier de pré - steaks hachés 100% pur boeuf fermier de pré - chevreau (cabri) de lait fermier - veau de lait fermier élevé sous la mère.","wiki":null,"tel":"0673917081","postCode":68170,"city":"Rixheim","addr":" 11 rue de l'Eglise","cat":"AV","email":"contact@julienwinling.com"}
,{"lat":47.743204,"lng":7.398512,"name":"HORLOGERIE DU CENTRE","web":"http://www.horlogerie-rixheim.fr","txt":"Restaurateurs de montres de collection","wiki":null,"tel":"0603487682","postCode":68170,"city":"Rixheim","addr":"1, rue de L'étang, ","cat":"O","email":"contact@horlogerie-rixheim.fr"}
,{"lat":47.871707,"lng":7.333917,"name":"SARL VONESCH ROLAND","web":"http://www.rolandvonesch.com","txt":"Encadreur","wiki":null,"tel":"0389810155","postCode":68190,"city":"Ensisheim","addr":"6, rue Gutenberg  Zone Industrielle, ","cat":"O","email":"roland.vonesch@wanadoo.fr"}
,{"lat":47.742535,"lng":7.307711,"name":"ETS ERKEL","web":"http://www.erkel.fr","txt":" Sellier","wiki":null,"tel":"0389422613","postCode":68200,"city":"Mulhouse","addr":"75, rue de Belfort, ","cat":"O","email":"info@erkel.fr"}
,{"lat":47.637659,"lng":7.111434,"name":"le rucher de l'érablière","web":"","txt":"Apiculteur récoltant petite production locale. Miel produit sur le terroir Alsacien.","wiki":null,"tel":"0389401002","postCode":68210,"city":"Wolfersdorf","addr":" 10 Rue Principale","cat":"AA","email":"sylvia.wendling@free.fr"}
,{"lat":48.061366,"lng":7.41607,"name":"REBERT SARL MOBILIER","web":"http://www.rebert-mobilier.fr","txt":" Ebéniste","wiki":null,"tel":"0389714104","postCode":68280,"city":"Andolsheim","addr":"14 b, rue des messieurs, ","cat":"O","email":"rebert_mobilier@yahoo.fr"}
,{"lat":48.090378,"lng":7.505399,"name":"horrenberger","web":"","txt":"Horrenberger propose des légumes variés, pommes de terre et fraises.","wiki":null,"tel":"0389474439","postCode":68320,"city":"Durrenentzen","addr":" 17 rue des Commandos","cat":"AM","email":""}
,{"lat":47.58839,"lng":7.57836,"name":"weleda","web":"http://www.weleda.fr/index.php","txt":"Weleda est spécialisé dans les cosmétiques et compléments alimentaires bio.","wiki":null,"tel":"0389696800","postCode":68330,"city":"Huningue","addr":" 9 rue Eugène Jung ","cat":"A","email":""}
,{"lat":48.082968,"lng":7.130313,"name":"bruno chabrier","web":"","txt":"L'exploitation agricole d'Orbey élève caprin et ovin.","wiki":null,"tel":"0389773510","postCode":68370,"city":"Orbey","addr":" Bergerie des Combes","cat":"AB","email":""}
,{"lat":48.002802,"lng":7.282416,"name":"marzolf scea","web":"http://www.marzolf.fr","txt":"viticulteur propriétaire récoltant de vins fins d’Alsace, et crémant d'alsace, grand cru, vendange tardive, nouveauté : etiquette perso pour fetes etc","wiki":null,"tel":"0389493102","postCode":68420,"city":"Gueberschwihr","addr":" 9 rte de rouffach","cat":"AB","email":"vins@marzolf.fr"}
,{"lat":47.471508,"lng":7.449001,"name":"domaine du geissberg","web":"","txt":"Le Domaine de Geissberg confectionne des fromages de chèvre et de vache et du jus de pommes.","wiki":null,"tel":"0389073128","postCode":68480,"city":"Biederthal","addr":" 22 rue Principale","cat":"AF","email":""}
,{"lat":47.514431,"lng":7.358323,"name":"ferme véronique","web":"","txt":"La Ferme Véronique conçoit liqueurs et eaux de vie.","wiki":null,"tel":"0389072206","postCode":68480,"city":"Werentzhouse","addr":" 2, Rue de L'Ill","cat":"AB","email":""}
,{"lat":47.504963,"lng":7.275459,"name":"ATELIER L'ÉTOFFE DES FÉES","web":"http://www.lafabrique-mascottes.com","txt":" Costumier","wiki":null,"tel":"0647668152","postCode":68480,"city":"Kœstlach","addr":"30b rue des Romains, 68480 Koestlach","cat":"O","email":"contact@lafabrique-mascottes.com"}
,{"lat":47.491509,"lng":7.391736,"name":"SPENLEHAUSER-SPIESS","web":"","txt":"Restaurateur de faïence et de porcelaine","wiki":null,"tel":"0673073289","postCode":68480,"city":"Oltingue","addr":"1 rue Eglise, 68480 OLTINGUE","cat":"O","email":"fuchs-et-cie@wanadoo.fr"}
,{"lat":47.947938,"lng":7.09521,"name":"les pensées sauvages","web":"","txt":"Les Pensées Sauvages confectionnent des produits laitiers et de la charcuteries et de la viandes (porc et bœuf).","wiki":null,"tel":"0389264013","postCode":68610,"city":"Linthal","addr":" Remspach","cat":"AV","email":""}
,{"lat":48.279165,"lng":7.270332,"name":"ATELIER D'ART LUCIOLE","web":"http://www.atelierluciole.com","txt":" Doreur-ornemaniste","wiki":null,"tel":"0389584039","postCode":68660,"city":"Rombach-le-Franc","addr":"17, rue du Gal de Gaulle, 68660 Rombach le franc","cat":"O","email":"atelier.luciole@hotmail.fr"}
,{"lat":47.655675,"lng":7.269506,"name":"AU 26 GRAND RUE","web":"http://anne-marie-schoen.over-blog.com","txt":" Céramiste","wiki":null,"tel":"0687653833","postCode":68720,"city":"Tagolsheim","addr":"26 Grand Rue, ","cat":"O","email":"schoen.anne-marie@orange.fr"}
,{"lat":48.125112,"lng":7.279666,"name":"Mosaique/peinture","web":"http://mosaique-lh.jimdo.com","txt":" Mosaïste","wiki":null,"tel":"0389473945","postCode":68770,"city":"Ammerschwihr","addr":"22 grand'rue, ","cat":"O","email":"l.hunzinger@yahoo.fr"}
,{"lat":47.755957,"lng":7.049981,"name":"HUBERT BRAYE SARL","web":"http://www.braye.fr","txt":" Facteur et restaurateur d'orgues","wiki":null,"tel":"0614704722","postCode":68780,"city":"Sentheim","addr":"4, rue du Moulin, 68780 MORTZWILLER","cat":"O","email":"hubert.braye@wanadoo.fr"}
,{"lat":48.062847,"lng":7.30321,"name":"domaine stentz buecher","web":"http://www.stentz-buecher.fr","txt":"Production des vins d'Alsace, Crémant d'Alsace et Grands Crus d'Alsace","wiki":null,"tel":"0389806809","postCode":68920,"city":"Wettolsheim","addr":" 21, rue Kleb","cat":"AB","email":"stentz-buecher@wanadoo.fr"}
,{"lat":48.060606,"lng":7.30353,"name":"domaine du feldkirch","web":"","txt":"Cultivateur d'arbres fruitiers, il conçoit avec ses récoltes boissons, vins et spiritueux.","wiki":null,"tel":"0389806491","postCode":68920,"city":"Wettolsheim","addr":" 2 rue de la Batteuse","cat":"AB","email":""}
,{"lat":47.749278,"lng":7.227956,"name":"ferme okoniewski","web":"","txt":"La Ferme Okoniewski produit de la farine (blé, seigle, épeautre), des produits laitiers et des légumes.","wiki":null,"tel":"0389819312","postCode":68950,"city":"Reiningue","addr":" 1 rue de Mulhouse","cat":"AM","email":""}
,{"lat":47.719034,"lng":7.223135,"name":"jean-paul sirlin","web":"","txt":"Producteur de farines et laits de vaches à Heimsbrunn.","wiki":null,"tel":"0389819157","postCode":68990,"city":"Heimsbrunn","addr":" 1 rue Koenigsacker","cat":"AF","email":""}
]}