{"id":57,"producers":[
{"lat":49.112262,"lng":6.133777,"name":"ATELIER PATRICIA BRAUN","web":"http://atelier.braun.encadrement.over-blog.fr","txt":" Encadreur","wiki":null,"tel":"0635362582","postCode":57050,"city":"Longeville-lès-Metz","addr":"138 rue du Général de Gaulle, 57050 LONGEVILLE-LES-METZ","cat":"OO","email":"atelierbraun@aol.com","suspect":0}
,{"lat":49.139164,"lng":6.149589,"name":"AURÉLIE MICHEL BIJOUX ET OBJETS D'ART","web":"","txt":" Bijoutier fantaisie","wiki":null,"tel":"0684327287","postCode":57050,"city":"Metz","addr":"14, rue Georges Lenôtre, 57050 METZ","cat":"OB","email":"aurelie.michel79@gmail.com","suspect":0}
,{"lat":49.126965,"lng":6.153221,"name":"JEAN-LOUIS HURLIN","web":"http://www.maitresdart.com/jean_louis_hurlin-31/parcours_et_realisations.html","txt":" Sculpteur sur métal","wiki":null,"tel":"0637235145","postCode":57050,"city":"Le Ban-Saint-Martin","addr":"48 A route de Plappeville, 57050 Le Ban Saint-Martin","cat":"OF","email":"jlhurlin@orange.fr","suspect":0}
,{"lat":49.13144,"lng":6.165407,"name":"YVES NIEDDU","web":"http://www.yvesnieddu.com/luminaires/","txt":" Fabricant et restaurateur de lustres et luminaires","wiki":null,"tel":"0387332305","postCode":57050,"city":"Metz","addr":"Dalès, ","cat":"OE","email":"yves@yvesnieddu.com","suspect":0}
,{"lat":49.112733,"lng":6.200679,"name":"GABRIELE ANTON","web":"http://www.gabrieleanton.com","txt":" Fabricant d'accessoires de mode","wiki":null,"tel":"0632134064","postCode":57070,"city":"Metz","addr":"7, rue Loredan Larchey, ","cat":"HT","email":"contact@gabrieleanton.com","suspect":0}
,{"lat":49.124986,"lng":6.217023,"name":"HUGON METAL DESIGN","web":"","txt":"Sculpteur sur métal","wiki":null,"tel":"0387366200","postCode":57070,"city":"Metz","addr":"2 rue des Chaufourniers, 57070 METZ","cat":"OF","email":"fh@hugon-metal-design.fr","suspect":0}
,{"lat":49.354978,"lng":6.119243,"name":"ATELIER DE LUTHERIE A. STELLA","web":"","txt":" Luthier","wiki":null,"tel":"0382345593","postCode":57100,"city":"Thionville","addr":"28, rue St. Martin Veymerange, ","cat":"OL","email":"alain.stella@orange.fr","suspect":0}
,{"lat":49.357155,"lng":6.156385,"name":"ATELIER ÉMILIE RICOUR-LATOURTE","web":"","txt":"Doreur-ornemaniste","wiki":null,"tel":"0666422011","postCode":57100,"city":"Thionville","addr":"46, avenue Merlin, ","cat":"OE","email":"emilie.ricour@yahoo.fr","suspect":0}
,{"lat":49.097097,"lng":5.984918,"name":"scea de la gloriette","web":"http://www.farinedenoscereales.fr","txt":"Exploitation agricole qui produit des farines avec ses propres céréales (blé,seigle,épeautre) - des huiles (colza,cameline) - les lentilles vertes \nmatériel à la ferme : moulin à meule de pierre et presse à huile","wiki":null,"tel":"0387314137","postCode":57130,"city":"Rezonville-Vionville","addr":" 100 rue de Metz 57130 Rezonville ","cat":"AC","email":"sceadelagloriette@orange.fr","suspect":0}
,{"lat":49.061482,"lng":6.058263,"name":"BIJOU DE VOYAGE","web":"","txt":" Bijoutier fantaisie","wiki":null,"tel":"0675290148","postCode":57130,"city":"Ancy-Dornot","addr":"7, rue Saint Vincent, 57130 Ancy sur Moselle","cat":"OB","email":"andelattre@wanadoo.fr","suspect":0}
,{"lat":49.093341,"lng":5.947792,"name":"EGRISELLE","web":"http://www.egriselle.fr","txt":" Fabricant et restaurateur de jeux et jouets","wiki":null,"tel":"0387314028","postCode":57130,"city":"Rezonville-Vionville","addr":"21, rue de Paris, 57130 Vionville","cat":"J","email":"wendling.marine@wanadoo.fr","suspect":0}
,{"lat":49.347209,"lng":6.141868,"name":"Atelier Yvo Vitro","web":"http://https://atelier-yvo-vitro.business.site/","txt":"Restaurateur de vitraux","wiki":null,"tel":"0633686510","postCode":57180,"city":"Terville","addr":"79 route de Verdun, ","cat":"OR","email":"atelier.yvo.vitro@gmail.com","suspect":0}
,{"lat":49.041176,"lng":7.393872,"name":"ADS Vitrerie Siebering","web":"http://www.vitreriedart.fr","txt":"Verrier","wiki":null,"tel":"0387961957","postCode":57230,"city":"Reyersviller","addr":"16 B rue Principale, 57230 REYERSVILLER","cat":"OR","email":"bonjour@vitreriedart.fr","suspect":0}
,{"lat":49.198083,"lng":6.160804,"name":"HORLOGERIE BIJOUTERIE BIANCHI","web":"http://www.maison-bianchi.fr","txt":"Sertisseur","wiki":null,"tel":"0387803742","postCode":57280,"city":"Maizières-lès-Metz","addr":"68 route de Metz, 57280 Maizières-Lès-Metz","cat":"OB","email":"bianchi_alexandre@hotmail.com","suspect":0}
,{"lat":49.240917,"lng":6.208646,"name":"L’Ayotte","web":"","txt":"","wiki":null,"tel":"0387582933","postCode":57300,"city":"Ay-sur-Moselle","addr":"1 Rue Schleiter ","cat":"AG","email":"","suspect":0}
,{"lat":49.396733,"lng":6.150089,"name":"honapi.com","web":"https://www.honapi.com","txt":"Apiculteur récoltant et producteur de miel de Moselle, miel de Lorraine et miel biologique de Luxembourg. Nous proposons un Miel de fleurs, miel de printemps et miel d'été de notre rucher de thionville, ottange, hettange-grande et luxembourg.","wiki":null,"tel":"0634560053","postCode":57330,"city":"Hettange-Grande","addr":" 1 allée des merisiers ","cat":"AA","email":"info@honapi.com","suspect":0}
,{"lat":49.050907,"lng":7.264453,"name":"AUX BRINS TRESSES","web":"","txt":" Vannier","wiki":null,"tel":"0684200378","postCode":57410,"city":"Rohrbach-lès-Bitche","addr":"79, rue des Alliés, 57410 Rohrbach-les-Bitche","cat":"OO","email":"auxbrinstresses@tiscali.fr","suspect":0}
,{"lat":48.992925,"lng":7.303241,"name":"CRISTALLERIE DE MONTBRONN","web":"http://www.cristallerie-montbronn.com","txt":"Tailleur","wiki":null,"tel":"0387963611","postCode":57415,"city":"Montbronn","addr":"13 rue des Verriers, 57415 MONTBRONN","cat":"OR","email":"alain.ferstler@cristallerie-montbronn.com","suspect":0}
,{"lat":49.17192,"lng":6.71136,"name":"ATELIER DE MOSAÏQUE D'ART URSCHEL L'ARTISAN","web":"http://www.urschel-mosaic.com","txt":"Sculpteur sur pierre","wiki":null,"tel":"0685681230","postCode":57490,"city":"Carling","addr":"6, rue du chemin de Fer, ","cat":"OE","email":"info@urschel-mosaic.com","suspect":0}
,{"lat":49.236933,"lng":6.178656,"name":"Delphine Dollez","web":"http://http:/delphinedollez.wix.com/delphinedollez","txt":" Restaurateur de tableaux","wiki":null,"tel":"0685528731","postCode":57525,"city":"Talange","addr":"94 Grand Rue, ","cat":"OD","email":"delphinedollez@aim.com","suspect":0}
,{"lat":49.108849,"lng":6.395787,"name":"le verger d'olivier","web":"","txt":"Verger avec potager à l'arrière de la maison familiale \nVente du surplus des fruits en haute saison en fonction du rendement (cerises, mirabelles, prunes, quetsches, pommes, tomates, courgettes etc)\net des produits dérivés fait à partir des fruits et légumes du jardin : confitures, gelées, bocaux, jus de pommes en bouteille ou cubis\nSans traitements, sans conservateurs, fait maison artisanalement et localement, activité amateur\nSuivant les préceptes anciens, la permaculture, la récupération de l'eau de pluie etc pour un respect de la nature\nFan de plantes ornementales je propose aussi des boutures\nLe tout 100% made in lorraine\nJus de pommes : fruits cueillis à la main, sans traitements, sans conservateurs, sans sucres, sans colorants, sans eau, pasteurisé, sans consigne\nbouteille 1L ------ 3€\ncubi 3L ----- 9€\n\nconfiture 2€50 + 0.5€ de consigne du pot soit 3€\nfiole confiture 1€ + 0.20 ct de consigne soit 1€20\nbocal entre 2 et 8€ en fonction du contenu et de la taille + 1€ de consigne soit entre 3 et 9€\n\nbocal ","wiki":null,"tel":"0782316714","postCode":57530,"city":"Courcelles-Chaussy","addr":" 21 avenue de la libération ","cat":"AM","email":"levergerdolivier@gmail.com","suspect":0}
,{"lat":48.612541,"lng":7.067093,"name":"ATELIER ","web":"http://www.auverreluisant.com","txt":"Maître-verrier (ou Vitrailliste)","wiki":null,"tel":"0387086788","postCode":57560,"city":"Saint-Quirin","addr":"91, rue de la Verrerie, ","cat":"OR","email":"verre-luisant@wanadoo.fr","suspect":0}
,{"lat":48.637161,"lng":7.090189,"name":"POTERIE DE LA FORGE","web":"http://www.poteriedelaforge.fr","txt":" Potier de grès","wiki":null,"tel":"0387037496","postCode":57560,"city":"Abreschviller","addr":"Rue de la forge, ","cat":"OP","email":"serge.comazzi@wanadoo.fr","suspect":0}
,{"lat":48.711533,"lng":7.10568,"name":"FAIENCE ET CRISTAL DE FRANCE: FAIENCERIE DE NIDERVILLER, MANUFACTURES ROYALES DE LUNÉVILLE SAINT CLÉMENT, CRISTALLERIES DE PORTI","web":"","txt":"Verrier à la main","wiki":null,"tel":"0607163425","postCode":57565,"city":"Niderviller","addr":"1 rue de la Faïencerie Faïencerie de Niderviller, ","cat":"OE","email":"jl.janin@terresdest.fr","suspect":0}
,{"lat":48.987346,"lng":6.773463,"name":"mireille bour","web":"","txt":"L'exploitation agricole d'Erstroff confectionne des jus de fruits.","wiki":null,"tel":"0387017045","postCode":57660,"city":"Erstroff","addr":" 25 rue de la Côte ","cat":"AF","email":"","suspect":0}
,{"lat":48.979436,"lng":6.747575,"name":"savonnerie artisanale de lorraine","web":"http://www.savonnerie-artisanale-lorraine.fr/","txt":"Fabricant de savons et de produits cosmétiques bio, la savonnerie est spécialisée dans la petite et moyenne série.","wiki":null,"tel":"0387017020","postCode":57660,"city":"Grostenquin","addr":" ZA rue des Eglantiers","cat":"P","email":"","suspect":0}
,{"lat":49.036033,"lng":6.754467,"name":"PEINTURES KLING","web":"http://www.peintureskling.fr","txt":"Peintre en décor","wiki":null,"tel":"0387909294","postCode":57660,"city":"Lixing-lès-Saint-Avold","addr":"12 rue de l'Eglise, 57660 Lixing les Saint Avold","cat":"OD","email":"peintureskling@wanadoo.fr","suspect":0}
,{"lat":49.423677,"lng":5.96908,"name":"earl la pierreuse","web":"","txt":"Producteur et transformateur, \nGraine de colza de la graine de lin , graine de tournesol, et noisettes.\nCes graines sont transformées en huile première pression a  froid! Dans notre atelier de pressage,  et conditionnées, en bouteilled de 0, 50l et 0, 25 l","wiki":null,"tel":"0609714999","postCode":57710,"city":"Aumetz","addr":" 1rue Devant le Bois","cat":"A","email":"","suspect":0}
,{"lat":49.162058,"lng":6.851513,"name":"gaec terre de l'est","web":"https://www.facebook.com/TerredelEst","txt":"Maraîchage en Permaculture 100% Naturel.\nProduction de fruits et légumes, variétés anciennes.\nVente directe à la ferme.\nQu’est-ce que LA PERMACULTURE ?\nIl s’agit d’une méthode d’aménagement et d’organisation d'un écosystème dont la préoccupation fondamentale est la résilience et la régénération.\nNotre activité consiste à reproduire dans une exploitation agricole le système que la nature a mis en place en prenant l'exemple de nos forêts qui s’auto-gèrent depuis l’âge du carbonifère.","wiki":null,"tel":"0786866650","postCode":57800,"city":"Rosbruck","addr":" 16 rue Houchard","cat":"AM","email":"terredelest@outlook.fr","suspect":0}
,{"lat":48.719102,"lng":7.218421,"name":"FUSION LIBRE","web":"http://www.fusionlibre.fr","txt":"Verrier au chalumeau ","wiki":null,"tel":"0950085816","postCode":57820,"city":"Saint-Louis","addr":"Z.A. Hofmuhl, 57820 SAINT-LOUIS","cat":"OR","email":"fusionlibre@yahoo.fr","suspect":0}
,{"lat":48.733435,"lng":7.250838,"name":"MAISON WURM","web":"http://www.cristal-wurm.com","txt":"Tailleur","wiki":null,"tel":"0387253066","postCode":57820,"city":"Lutzelbourg","addr":"16 rue Ackermann, ","cat":"OR","email":"info@cristal-wurm.com","suspect":0}
,{"lat":49.188567,"lng":6.673093,"name":"ATELIER DE VITRAIL D'ART","web":"","txt":" Maître-verrier (ou Vitrailliste)","wiki":null,"tel":"0675171597","postCode":57880,"city":"Ham-sous-Varsberg","addr":"76, Chemin des Corbeaux, ","cat":"OR","email":"riegelsab@cegetel.net","suspect":0}
,{"lat":49.10154,"lng":6.156799,"name":"ALFONSI STÉPHANE","web":"http://www.facebook.com/stephane.alfonsi","txt":" Calligraphe","wiki":null,"tel":"0683162487","postCode":57950,"city":"Montigny-lès-Metz","addr":"104, rue de Pont-à-Mousson, ","cat":"OD","email":"alfonsi.stephane@sfr.fr","suspect":0}
,{"lat":49.101784,"lng":6.145303,"name":"ATELIER DE LUTHERIE HENRI MERCIER","web":"http://www.metiersdart-lorraine.org/","txt":" Luthier","wiki":null,"tel":"0387571661","postCode":57950,"city":"Montigny-lès-Metz","addr":"10, rue des Prés, ","cat":"OL","email":"mercier.henri@gmail.com","suspect":0}
,{"lat":49.101272,"lng":6.149532,"name":"Brod'trip","web":"","txt":" Brodeur","wiki":null,"tel":"0677930714","postCode":57950,"city":"Montigny-lès-Metz","addr":"20 rue de la Victoire, ","cat":"HD","email":"brodtrip.metz@gmail.com","suspect":0}
,{"lat":49.357251,"lng":6.188044,"name":"DALVAM TWS","web":"http://beads-beauty.monsite-orange.fr","txt":"Brodeur","wiki":null,"tel":"0675178536","postCode":57970,"city":"Yutz","addr":"1A rue de Verdun, ","cat":"HD","email":"dalvam.tws@wanadoo.fr","suspect":0}
,{"lat":49.12228,"lng":6.91185,"name":"ART IN VITRAUX","web":"","txt":" Maître-verrier (ou Vitrailliste)","wiki":null,"tel":"0387894347","postCode":57980,"city":"Tenteling","addr":"5, rue de Théding, 57980 EBRING-TENTELING","cat":"OR","email":"patrice.thines.vitraux@orange.fr","suspect":0}
]}