{"id":31,"producers":[
{"lat":43.606389,"lng":1.442399,"name":"a la petite semelle","web":"","txt":"Vente de produits carnés et de \"DDC\" (Denrées Dures à Cuire)","wiki":null,"tel":"0534481456","postCode":31000,"city":"Toulouse","addr":" 1099 route du Plantaurel","cat":"A","email":""}
,{"lat":43.61277,"lng":1.438432,"name":"Art & Cadres - Les Encadreurs Réunis","web":"http://www.artetcadres.com","txt":" Encadreur","wiki":null,"tel":"0675168946","postCode":31000,"city":"Toulouse","addr":"20, avenue Honoré Serres BAL 24, ","cat":"O","email":"artetcadresinternational@orange.fr"}
,{"lat":43.602781,"lng":1.442096,"name":"ART de BRIQUE","web":"http://www.artdebrique.com","txt":" Tailleur de pierre","wiki":null,"tel":"0627580611","postCode":31000,"city":"Toulouse","addr":"28, rue de Sainte Ursule, 31000 TOULOUSE","cat":"O","email":"artdebrique@gmail.com"}
,{"lat":43.601585,"lng":1.458172,"name":"ARTISAN DU SIEGE","web":"","txt":" Tapissier d'ameublement/tapissier décorateur","wiki":null,"tel":"0686857256","postCode":31000,"city":"Toulouse","addr":"40, rue du pont guilhemery, 31000 TOULOUSE","cat":"O","email":"artisan-du-siege@hotmail.fr"}
,{"lat":43.598917,"lng":1.448265,"name":"ATELIER DE RESTAURATION DE MEUBLES ET SIÈGES ANCIENS","web":"","txt":"Restaurateur de meubles","wiki":null,"tel":"0698474320","postCode":31000,"city":"Toulouse","addr":"3, rue des 3 Banquets, ","cat":"O","email":""}
,{"lat":43.597102,"lng":1.453531,"name":"ENCADREMENTS VIALARD","web":"","txt":" Encadreur","wiki":null,"tel":"0561636131","postCode":31000,"city":"Toulouse","addr":"8, rue de la brasserie, 31000 TOULOUSE","cat":"O","email":"helene.saban@wanadoo.fr"}
,{"lat":43.601305,"lng":1.441166,"name":"IDÉE EN TÊTE","web":"","txt":"Fabricant d'accessoires de mode","wiki":null,"tel":"0562271604","postCode":31000,"city":"Toulouse","addr":"7 bis rue Cujas, ","cat":"O","email":"caroline.ablin@dbmail.com"}
,{"lat":43.614511,"lng":1.447822,"name":"JOCELIN & MARLAINE","web":"http://www.jocelinetmarlaine.com","txt":"Tapissier d'ameublement/tapissier décorateur","wiki":null,"tel":"0642424530","postCode":31000,"city":"Toulouse","addr":"39 rue Volta, 31000 TOULOUSE","cat":"O","email":"elise@jocelinetmarlaine.com"}
,{"lat":43.596217,"lng":1.44367,"name":"LAUJOA","web":"http://www.laujoa.com","txt":" Joaillier","wiki":null,"tel":"0683743898","postCode":31000,"city":"Toulouse","addr":"12 rue Saint Rémésy, ","cat":"O","email":"laure@laujoa.com"}
,{"lat":43.602235,"lng":1.452823,"name":"Maison Argile","web":"http://https://maisonargile.wordpress.com/","txt":"Tourneur céramique","wiki":null,"tel":"0620212780","postCode":31000,"city":"Toulouse","addr":"17 rue Caraman, ","cat":"O","email":"j.chareunphol@gmail.com"}
,{"lat":43.595982,"lng":1.444163,"name":"Scribo Lucem","web":"http://www.photographes-toulouse.fr","txt":"Photographe illustrateur","wiki":null,"tel":"0633897456","postCode":31000,"city":"Toulouse","addr":"19 rue Pharaon, ","cat":"O","email":"laurentbelet@photographe.name"}
,{"lat":43.537995,"lng":1.387441,"name":"verger de candie - verger de foncoussières","web":"https://www.vergerdecandie.com","txt":"Agriculteurs","wiki":null,"tel":"0648473049","postCode":31100,"city":"Toulouse","addr":" Rond point du Général Pottier 31000 Toulouse ","cat":"AV","email":"info@vergerdecandie.com"}
,{"lat":43.586969,"lng":1.382659,"name":"Mélopée","web":"http://www.melopee.fr","txt":"Luthier en guitare","wiki":null,"tel":"0685113452","postCode":31100,"city":"Toulouse","addr":"20 chemin de Català, 31100 TOULOUSE","cat":"O","email":"contact@melopee.fr"}
,{"lat":43.496957,"lng":1.414642,"name":"AJINOV ateliers jardin idéal naturel oasis vitale","web":"","txt":"Producteur & Transformateur de Plantes à Parfum, Aromatiques et Médicinales. Cultivées en permaculture et biodynamie sans intrants chimiques ! (-: \nHerbo risterie : 50 Plantes séchées (racines, feuilles, fleurs, fruits écorces..) / \n8 Tisanes thématiques, mélanges de plantes & d'autres en création.../\nHuiles de massage/\nPestos /\nHydrolats / \nSels (Nature & Progrès) aux aromates (Poissons,Viandes,Végétal) & à l'Ail des Ours /\nBâtons de fumigation /\nPoudres Soins Cheveux /\nPlantes aromatiques en pot suivant saison /\nAloès Vera","wiki":null,"tel":"0688760702","postCode":31120,"city":"Lacroix-Falgarde","addr":" 17 bis route de Goyrans Ferme Ségueilla ","cat":"AV","email":""}
,{"lat":43.504159,"lng":1.39459,"name":"Le poisson maraicher","web":"","txt":"Maraichage","wiki":null,"tel":"0611410844","postCode":31120,"city":"Pinsaguel","addr":"4 rue de la république 31120 pinsaguel","cat":"A","email":""}
,{"lat":43.529359,"lng":1.415042,"name":"Midi Cueillette","web":"","txt":"Maraîcher","wiki":null,"tel":"0561769181","postCode":31120,"city":"Portet-sur-Garonne","addr":"Chemin des Sables ","cat":"A","email":""}
,{"lat":43.498873,"lng":1.372262,"name":"PIGMA","web":"http://pgma.free.fr","txt":"Photographe illustrateur","wiki":null,"tel":"0613795206","postCode":31120,"city":"Roquettes","addr":"4, rue du Pastel, ","cat":"O","email":"pigma@free.fr"}
,{"lat":43.61036,"lng":1.51897,"name":"ATELIER IN VITRO","web":"http://www.invitro.fr","txt":"Verrier à la main","wiki":null,"tel":"0614795951","postCode":31130,"city":"Balma","addr":"151, route de Mons, ","cat":"O","email":"invitro@free.fr"}
,{"lat":43.61328,"lng":1.49823,"name":"ATELIER JOMARAY","web":"http://www.jomaray.com","txt":" Peintre décorateur sur tissu","wiki":null,"tel":"0603851893","postCode":31130,"city":"Balma","addr":"26, rue de La Bourdette, 31130 BALMA","cat":"O","email":"jomaray.ayroles@wanadoo.fr"}
,{"lat":43.580225,"lng":1.520523,"name":"Atmos.FER","web":"http://www.atmos-fer.net","txt":" Ferronnier","wiki":null,"tel":"0561802626","postCode":31130,"city":"Quint-Fonsegrives","addr":"10 rue Hermès Ecoparc 1, ","cat":"O","email":"contact@atmos-fer.net"}
,{"lat":43.60428,"lng":1.51392,"name":"FARANDOLE DECOR","web":"http://www.farandole-decor.fr","txt":"Peintre en décor","wiki":null,"tel":"0619329585","postCode":31130,"city":"Balma","addr":"13 rue des Vignes, ","cat":"O","email":"sandrine@farandole-decor.fr"}
,{"lat":43.59341,"lng":1.566152,"name":"Léocadie LEHAGRE","web":"http://leocadielehagre.fr","txt":"Verrier à la main","wiki":null,"tel":"0627368420","postCode":31130,"city":"Flourens","addr":"44 avenue du Lac, 31130 FLOURENS","cat":"O","email":"leocadielh@yahoo.fr"}
,{"lat":43.675374,"lng":1.412499,"name":"CHRISTIAN CANILLO","web":"http://www.christian-canillo.com","txt":" Bronzier","wiki":null,"tel":"0561350954","postCode":31140,"city":"Aucamville","addr":"77 chemin de Lespinasse, ","cat":"O","email":"info@christian-canillo.com"}
,{"lat":43.67472,"lng":1.435838,"name":"Eric Valat","web":"http://ericvalat.com","txt":"Sculpteur sur métal","wiki":null,"tel":"0631614201","postCode":31140,"city":"Aucamville","addr":"21 Chemin Méric, 31140 AUCAMVILLE","cat":"O","email":"ericvalat@gmail.com "}
,{"lat":43.698914,"lng":1.47664,"name":"HODIGITRIA","web":"http://www.hodigitria.org","txt":" Restaurateur de tableaux","wiki":null,"tel":"0781040724","postCode":31140,"city":"Saint-Loup-Cammas","addr":"16 rue de la gerbe d'or, 31140 Saint Loup Cammas","cat":"O","email":"hodigitria@orange.fr"}
,{"lat":43.658136,"lng":1.442683,"name":"Metal-Bronze-System","web":"http://www.metal-bronze-system.com","txt":" Métallier - Serrurrier","wiki":null,"tel":"0561135000","postCode":31140,"city":"Launaguet","addr":"47 rue de Bordelongue, 31140 launaguet","cat":"O","email":"jovo.mbs@gmail.com"}
,{"lat":43.042633,"lng":0.927225,"name":"l'abeille des sources","web":"http://labeilledessources.com","txt":"Apiculteur","wiki":null,"tel":"0610888980","postCode":31160,"city":"Castelbiague","addr":" 849 ROUTE DE MANE","cat":"AA","email":"labeilledessources@hotmail.com"}
,{"lat":43.02648,"lng":0.923348,"name":"ôde des pyrénées","web":"","txt":"Spirulinier","wiki":null,"tel":"0656690706","postCode":31160,"city":"Castelbiague","addr":"431 chemin des petits bérets, Gaouats ","cat":"A","email":""}
,{"lat":43.032883,"lng":0.886502,"name":"FERME PITELLE","web":"","txt":"AGRICULTEUR BIO","wiki":null,"tel":"0609942912","postCode":31160,"city":"Montastruc-de-Salies","addr":"QUARTIER DE LANNES 31160 MONTASTRUC DE SALIES","cat":"A","email":""}
,{"lat":43.618187,"lng":1.430649,"name":"AHPY, CREATION ANNETTE HARDOUIN","web":"http://www.ahpy.eu","txt":"Tailleur-couturier","wiki":null,"tel":"0608610512","postCode":31200,"city":"Toulouse","addr":"89 rue du Caillou Gris, ","cat":"O","email":"ahpy31@gmail.com"}
,{"lat":43.619526,"lng":1.443647,"name":"Alice Arazar Céramiste","web":"http://https://www.alicearazarceramiste.com/","txt":" Potier de grès","wiki":null,"tel":"0617776923","postCode":31200,"city":"Toulouse","addr":"35 RDC rue de Tunis, ","cat":"O","email":"alice.arazar@gmail.com"}
,{"lat":43.633755,"lng":1.413947,"name":"Application du Bois","web":"http://www.applicationdubois.com","txt":" Menuisier ","wiki":null,"tel":"0616077074","postCode":31200,"city":"Toulouse","addr":"30 chemin de Chantelle, ","cat":"O","email":"contact@applicationdubois.com"}
,{"lat":43.635311,"lng":1.454792,"name":"ATELIER DU FAUBOURG","web":"","txt":" Restaurateur de meubles","wiki":null,"tel":"0561582383","postCode":31200,"city":"Toulouse","addr":"96,chemin de Lanusse, ","cat":"O","email":"sverkom@hotmail.fr"}
,{"lat":43.626856,"lng":1.447262,"name":"Atelier SILLA","web":"http://www.ateliersilla.com","txt":" Tapissier d'ameublement/tapissier décorateur","wiki":null,"tel":"0687661561","postCode":31200,"city":"Toulouse","addr":"98 rue Michel Ange fond de cour, 31200 TOULOUSE","cat":"O","email":"ateliersilla@gmail.com"}
,{"lat":43.635395,"lng":1.463965,"name":"BIJOUTERIE MIAILHES","web":"http://www.bijoutier31.fr","txt":"Joaillier","wiki":null,"tel":"0561480566","postCode":31200,"city":"Toulouse","addr":"114, route d'Albi, ","cat":"O","email":"bijoutier31@orange.fr"}
,{"lat":43.639285,"lng":1.455972,"name":"Estelle Terrisse","web":"http://www.estelleterrisse.com","txt":" Bijoutier en métaux précieux","wiki":null,"tel":"0663385803","postCode":31200,"city":"Toulouse","addr":"La Mèche 67 chemin Pujibet, ","cat":"O","email":"etc.bijoux@gmail.com"}
,{"lat":43.652144,"lng":1.433599,"name":"LE LUDION","web":"http://www.leludion.fr","txt":"Facteur et restaurateur d'orgues","wiki":null,"tel":"0607624394","postCode":31200,"city":"Toulouse","addr":"302, avenue de fronton, 31200 TOULOUSE","cat":"O","email":"orguedebarbarie@leludion.com"}
,{"lat":43.619738,"lng":1.429188,"name":"Sculpture Mosaïque","web":"","txt":" Mosaïste","wiki":null,"tel":"0684772276","postCode":31200,"city":"Toulouse","addr":"96, rue de Chaussas ATELIER Local 3, ","cat":"O","email":"corinne.bresquignan@laposte.net"}
,{"lat":43.074336,"lng":0.59525,"name":"le jardin de baya","web":"","txt":"Productrice de légumes et tisanes bio en agroécologie. Stand le samedi matin sur le marché de Bagnères-de-Luchon et vente de paniers de légumes hebdomadaires","wiki":null,"tel":"0783079116","postCode":31210,"city":"Huos","addr":" 4 rue des Tilleuls","cat":"AM","email":""}
,{"lat":43.087688,"lng":0.556374,"name":"Atelier Vitrail du Mont Royal","web":"http://atelier-vitrail-delois.fr","txt":"Restaurateur de vitraux","wiki":null,"tel":"0688237596","postCode":31210,"city":"Montréjeau","addr":"224 chemin de la Côte Rouge, ","cat":"O","email":"ateliervitrail.du.montroyal@gmail.com"}
,{"lat":43.259664,"lng":1.023769,"name":"péré michel","web":"","txt":"Vente directe de légumes de saison à la ferme tous les mercredis de 16h à 20h et sur le marché de Cazères sur Garonne.","wiki":null,"tel":"0659256591","postCode":31220,"city":"Mondavezan","addr":" 410 impasse de la tuilerie","cat":"AM","email":"fan.de.trac@gmail.com"}
,{"lat":43.22101,"lng":0.949721,"name":"Les Jardins de Saint-Jean","web":"","txt":"Maraîcher","wiki":null,"tel":"0561903325","postCode":31220,"city":"Marignac-Laspeyres","addr":"Lieu-dit Saint-Jean ","cat":"A","email":""}
,{"lat":43.2268,"lng":0.982021,"name":"gaec lasserre lasserre nathalie","web":"","txt":"agricultrice","wiki":null,"tel":"0673397740","postCode":31220,"city":"Marignac-Laspeyres","addr":"loubac 31220 marignac laspeyres","cat":"A","email":""}
,{"lat":43.200006,"lng":1.011409,"name":"Atelier Julie Bonnafous","web":"http://atelierjuliebonnafous.jimdo.com","txt":"Restaurateur de vitraux","wiki":null,"tel":"0683067173","postCode":31220,"city":"Martres-Tolosane","addr":"28 Boulevard du Nord, 31220 Martres Tolosane","cat":"O","email":"atelier.juliebonnafous@hotmail.fr"}
,{"lat":43.193916,"lng":0.998374,"name":"FAÏENCERIE D'ART  ","web":"","txt":"Peintre sur faïence","wiki":null,"tel":"0561988931","postCode":31220,"city":"Martres-Tolosane","addr":"2 bis, avenue des Pyrénées, 31220 MARTRES-TOLOSANE","cat":"O","email":"faiencerie-larenaissance@wanadoo.fr"}
,{"lat":43.201756,"lng":1.007799,"name":"FAIENCERIE MARTRES TOLOSANE MATET","web":"http://www.matet.com","txt":"Peintre sur faïence","wiki":null,"tel":"0685905262","postCode":31220,"city":"Martres-Tolosane","addr":"15, rue du matet, 31220 MARTRES TOLOSANE","cat":"O","email":"faienceriedumatet@alicepro.fr"}
,{"lat":43.208974,"lng":1.08562,"name":"SYLVIE POTIER MOSAÏQUE","web":"http://www.sylviepotier.com","txt":"Maître-verrier (ou Vitrailliste)","wiki":null,"tel":"0770632111","postCode":31220,"city":"Cazères","addr":"37 avenue Pasteur, 31220 CAZERES sur Garonne","cat":"O","email":"sylviepotiermosaique@free.fr"}
,{"lat":43.395531,"lng":0.84013,"name":"ja et les haricots magiques","web":"http://jaetlesharicotsmagiques.com","txt":"Nous produisons toute l'année une trentaine de légume de saison en agriculture biologique.\nNous commercialison nos produits par le biai de commité d'entreprise sous forme de panier et a la ferme sous rendez-vous.\nNous vendons sur le marché de Samatan le lundi matin.\nNotre exploitation est essentiellement sous abri froid (3500 metre carré) et 1000 metre carré de plein champs.","wiki":null,"tel":"0659491347","postCode":31230,"city":"L'Isle-en-Dodon","addr":" Chemin des Boubies","cat":"AM","email":"lesharicotsdeja@gmail.com"}
,{"lat":43.377713,"lng":0.839974,"name":"Le Graphomane","web":"http://www.graphomane.com","txt":"Restaurateur de reliures","wiki":null,"tel":"0650277491","postCode":31230,"city":"L'Isle-en-Dodon","addr":"67 rue du Pré Commun, 31230 L'Isle en Dodon","cat":"O","email":"fm99@hotmail.fr"}
,{"lat":43.654453,"lng":1.498734,"name":"fleur d'épice","web":"http://safranbio.jimdo.com","txt":"safranière","wiki":null,"tel":"0562797255","postCode":31240,"city":"Saint-Jean","addr":"2 rue petterson 31240 saint-jean","cat":"AA","email":"safranbio@laposte.net"}
,{"lat":43.658085,"lng":1.516356,"name":"G.V.M.D. GILLES-VALEILLE-MATIÈRISTE-DÉCORATEUR","web":"http://histoiresdemurs.com","txt":" Staffeur-stucateur","wiki":null,"tel":"0661425856","postCode":31240,"city":"Saint-Jean","addr":"72, chemin de Montrabé, 31240 Saint Jean","cat":"O","email":"gilles.valeille@cegetel.net"}
,{"lat":43.460043,"lng":2.004374,"name":"ATELIER 2L LOUISE LANGE","web":"","txt":" Modéliste","wiki":null,"tel":"0562578963","postCode":31250,"city":"Revel","addr":"7 Boulevard de la République, 31250 REVEL","cat":"O","email":"atelierlouiselange@gmail.com"}
,{"lat":43.45713,"lng":2.00199,"name":"ATELIER ACER","web":"http://www.arnaudsimon.fr","txt":"Marqueteur de pailles","wiki":null,"tel":"0620186969","postCode":31250,"city":"Revel","addr":"19, boulevard denfert rochereau, 31250 REVEL","cat":"O","email":"atelier.acer@wanadoo.fr"}
,{"lat":43.493541,"lng":2.02181,"name":"ATELIER DE LA PETITE","web":"","txt":"Restaurateur de meubles","wiki":null,"tel":"0561275301","postCode":31250,"city":"Revel","addr":"Les pugets Couffinal, ","cat":"O","email":"laura.boisson@yahoo.fr"}
,{"lat":43.459734,"lng":2.004797,"name":"ENTREPRISE CHANTAL AUGERE","web":"http://www.chantalaugere.com","txt":"Modéliste","wiki":null,"tel":"0561275614","postCode":31250,"city":"Revel","addr":"22, rue Victor Hugo, 31250 REVEL","cat":"O","email":"info@chantalaugere.com"}
,{"lat":43.455873,"lng":2.00285,"name":"ETS LATTES JEAN ET FILS","web":"http://www.meubleslattes.fr","txt":"Sculpteur sur bois","wiki":null,"tel":"0561835183","postCode":31250,"city":"Revel","addr":"9, avenue de saint Ferréol, 31250 revel","cat":"O","email":"contact@meubleslattes.fr"}
,{"lat":43.077894,"lng":0.977519,"name":"savons potions et cie","web":"http://www.savonspotionsetcie.com","txt":"Créateur de savons, shampoing et cosmétiques naturels et biologiques à base de plante.","wiki":null,"tel":"0671118187","postCode":31260,"city":"Touille","addr":" 6 Chemin des Garennes","cat":"P","email":"contact@savonspotionsetcie.com"}
,{"lat":43.086203,"lng":0.905806,"name":"EMMANUEL KIEFFER","web":"http://www.emmanuel-kieffer.com","txt":" Sculpteur sur métal","wiki":null,"tel":"0561982424","postCode":31260,"city":"Figarol","addr":"","cat":"O","email":"emmanuel.kieffer565@orange.fr"}
,{"lat":43.528961,"lng":1.351221,"name":"ARENOV","web":"http://www.arenov.fr","txt":" Maçon","wiki":null,"tel":"0610282667","postCode":31270,"city":"Cugnaux","addr":"4 avenue du Comminges Artisan d'Art maçon du patrimoine bâti, 31270 CUGNAUX","cat":"O","email":"contact@arenov.fr"}
,{"lat":43.59386,"lng":1.424883,"name":"Bernard COURTIADE","web":"http://www.courtiade-dorure.fr","txt":"Peintre sur bois","wiki":null,"tel":"0668927781","postCode":31300,"city":"Toulouse","addr":"7, rue du Tchad, ","cat":"O","email":"bernard.courtiade@gmail.com"}
,{"lat":43.596414,"lng":1.432778,"name":"MESSIEZ-POCHE","web":"http://planet artisans","txt":"Vernisseur finisseur","wiki":null,"tel":"0615202023","postCode":31300,"city":"Toulouse","addr":"34, rue des teinturiers Angle rue Joseph Vié, 31300 toulouse","cat":"O","email":"th.messiezpoche@free.fr"}
,{"lat":43.598872,"lng":1.431823,"name":"UNIC'COUTURE","web":"http://www.creationslaurieelma.com","txt":" Modéliste","wiki":null,"tel":"0534512121","postCode":31300,"city":"Toulouse","addr":"41, rue Réclusane, ","cat":"O","email":"laurie.elma-uniccouture@club-internet.fr"}
,{"lat":43.220056,"lng":1.16081,"name":"gaec du berge","web":"","txt":"Producteur de Lait cru et tomme de vaches sur Gensac sur Garonne","wiki":null,"tel":"","postCode":31310,"city":"Gensac-sur-Garonne","addr":" Lieu dit le BERGE","cat":"AF","email":"fermeduberge31@gmail.com"}
,{"lat":43.264352,"lng":1.212685,"name":"BIJOUX CARRÉ","web":"http://www.bijoux-carre.com","txt":"Bijoutier fantaisie","wiki":null,"tel":"0561871718","postCode":31310,"city":"Rieux-Volvestre","addr":"Route de Latrape, ","cat":"O","email":"bijoux.carre@ville-rieux.net"}
,{"lat":43.20067,"lng":1.28311,"name":"LAURE THIBAUD","web":"http://ceramiquelaurethibaud.blogspot.com/","txt":"Potier de porcelaine","wiki":null,"tel":"0561904639","postCode":31310,"city":"Latour","addr":"Lieu dit, ","cat":"O","email":"laure.thibaudedieu@orange.fr"}
,{"lat":43.207163,"lng":1.231509,"name":"SUERES","web":"http://monsite.orange.fr/ceramik","txt":"Potier raku","wiki":null,"tel":"0620190731","postCode":31310,"city":"Montesquieu-Volvestre","addr":"32, impasse de la Rouquette, 31310 MONTESQUIEU-VOLVESTRE","cat":"O","email":"sueresceramik@yahoo.fr"}
,{"lat":43.488568,"lng":1.474501,"name":"ATELIER EOLCHA","web":"http://www.atelier-eolcha.com","txt":" Maître-verrier (ou Vitrailliste)","wiki":null,"tel":"0663076719","postCode":31320,"city":"Rebigue","addr":"7 impasse des Chênes Rouges, ","cat":"O","email":"eolcha@free.fr"}
,{"lat":43.50921,"lng":1.525289,"name":"ATELIER PIERRE MANGIN","web":"http://www.atelierpierremangin.fr","txt":" Staffeur-stucateur","wiki":null,"tel":"0561278773","postCode":31320,"city":"Péchabou","addr":"Chemin Legoux, 31320 PECHABOU","cat":"O","email":"contact@pierremangin.fr"}
,{"lat":43.746265,"lng":1.239455,"name":"ACI reliure","web":"http://acireliure.fr","txt":"Restaurateur de reliures","wiki":null,"tel":"0562791883","postCode":31330,"city":"Larra","addr":"8 Patus de Bordevieille, ","cat":"O","email":"aci.reliure@orange.fr"}
,{"lat":43.819064,"lng":1.505392,"name":"Ferme de Cantegril","web":"","txt":"Eleveur laitier et arboriculteur","wiki":null,"tel":"0614941604","postCode":31340,"city":"Villematier","addr":"1953 route de Vacquiers ","cat":"A","email":""}
,{"lat":43.846082,"lng":1.498047,"name":"Atelier Coucoureux","web":"http://https://www.ateliercoucoureux.com/","txt":" Ferronnier","wiki":null,"tel":"0658781471","postCode":31340,"city":"Villemur-sur-Tarn","addr":"12 avenue Michel Rocard, 31340 Villemur sur Tarn","cat":"O","email":"ateliercoucoureux@gmail.com"}
,{"lat":43.190601,"lng":0.667205,"name":"la poule perchée","web":"","txt":"Petit producteur d’œufs fermier, poules de plein air, nourries aux grains Bio, agriculture naturelle, œufs blanc ou roux","wiki":null,"tel":"0650289543","postCode":31350,"city":"Cardeilhac","addr":" 3 chemin de Loubet du Bois","cat":"AV","email":"lapouleperchee@free.fr"}
,{"lat":43.415708,"lng":1.170634,"name":"Elevage Des Lys à la Ferme","web":"","txt":"Agricultrice","wiki":null,"tel":"0676154314","postCode":31370,"city":"Poucharramet","addr":"Lieu dit Les Magrères 31370 POUCHARRAMET","cat":"A","email":""}
,{"lat":43.693844,"lng":1.582412,"name":"Jean-Claude Puech","web":"","txt":"Apiculteur","wiki":null,"tel":"0608111966","postCode":31380,"city":"Gragnague","addr":"600 route des Coteaux ","cat":"A","email":""}
,{"lat":43.314953,"lng":1.18673,"name":"EARL CABAL","web":"","txt":"AGRICULTEUR ELEVEUR","wiki":null,"tel":"0619176281","postCode":31390,"city":"Peyssies","addr":"15 ROUTE DE CARBONNE 31390 PEYSSIES","cat":"A","email":""}
,{"lat":43.565645,"lng":1.453657,"name":"Clement Mathieu Luthier","web":"","txt":" Luthier en guitare","wiki":null,"tel":"0750360268","postCode":31400,"city":"Toulouse","addr":"75 Chemin de la Salade Ponsan, ","cat":"O","email":"clementmathieulutherie@gmail.com"}
,{"lat":43.587329,"lng":1.45948,"name":"3Dvarius","web":"http://https://www.3d-varius.com","txt":" Luthier","wiki":null,"tel":"0620755403","postCode":31400,"city":"Toulouse","addr":"87 avenue Crampel, ","cat":"O","email":"contact@3d-varius.com"}
,{"lat":43.547858,"lng":1.452179,"name":"Murielle Junquera","web":"http://muriellejunquera.fr","txt":"Verrier","wiki":null,"tel":"0663582758","postCode":31400,"city":"Toulouse","addr":"3 chemin Louis plantade, ","cat":"O","email":"Gjunquera@aol.com"}
,{"lat":43.396981,"lng":1.248821,"name":"Cueillette Lavernose","web":"","txt":"Maraîcher","wiki":null,"tel":"0764098764","postCode":31410,"city":"Lavernose-Lacasse","addr":"Comménian ","cat":"A","email":""}
,{"lat":43.194463,"lng":0.81051,"name":"Ferme du Pujoloun","web":"","txt":"Eleveur Bovins ovins et Porcins","wiki":null,"tel":"0670306075","postCode":31420,"city":"Aulon","addr":"167 PUJOLOUN 31420 AULON","cat":"A","email":""}
,{"lat":43.263819,"lng":0.971984,"name":"Jardineo","web":"","txt":"Producteur de plants bio","wiki":null,"tel":"0667305419","postCode":31420,"city":"Francon","addr":"93 impasse de Couronne  ","cat":"A","email":""}
,{"lat":43.323051,"lng":1.033664,"name":"jonathan sénéchal","web":"","txt":"Producteur de fruits et légumes dans la ville de Pouy-de-Touges.","wiki":null,"tel":"0609302846","postCode":31430,"city":"Pouy-de-Touges","addr":" Lieu-dit Maire","cat":"AM","email":""}
,{"lat":43.485071,"lng":1.514936,"name":"Safran du lauragais","web":"","txt":"Production de pistils de safran biologique","wiki":null,"tel":"0613870418","postCode":31450,"city":"Pompertuzat","addr":"Chemin de la veine  ","cat":"A","email":""}
,{"lat":43.436091,"lng":1.553137,"name":"Lalauragaise","web":"","txt":"apiculteur","wiki":null,"tel":"0684873487","postCode":31450,"city":"Belbèze-de-Lauragais","addr":"L'avocat 31450 Belbèze de Lauragais","cat":"A","email":""}
,{"lat":43.445323,"lng":1.576096,"name":"La Ferme de Cagueloup","web":"","txt":"Producteur de Volailles et Magasin de Producteurs Fermiers","wiki":null,"tel":"0561457621","postCode":31450,"city":"Montgiscard","addr":"250 route Saint Léon ","cat":"A","email":""}
,{"lat":43.490782,"lng":1.512743,"name":"CAROLE CHAUVELIN","web":"http://www.art-du-fusing.com","txt":"Verrier","wiki":null,"tel":"0603510187","postCode":31450,"city":"Pompertuzat","addr":"7, rue Garoche, ","cat":"O","email":"jean-gilles.chauvelin@wanadoo.fr"}
,{"lat":43.565899,"lng":1.793672,"name":"chouette des savonnettes","web":"http://www.chouette-des-savonnettes.fr","txt":"Savonnerie artisanale et cosmétiques naturels en saponification à froid\nJe travaille avec des ingrédients bio et/ou locaux\nPetite production\nCircuit court/vente directe","wiki":null,"tel":"0674388415","postCode":31460,"city":"Loubens-Lauragais","addr":" 4 chemin d'en Raillac","cat":"P","email":"contact@chouette-des-savonnettes.fr"}
,{"lat":43.588385,"lng":1.765233,"name":"Atelier Art'Maury","web":"http://https://atelier-art-maury.fr/","txt":" Ferronnier","wiki":null,"tel":"0670182943","postCode":31460,"city":"Vendine","addr":"10 Chemin du Clos, ","cat":"O","email":"contact@atelier-art-maury.fr"}
,{"lat":43.528442,"lng":1.75856,"name":"ETABLISSEMENTS VITRAC","web":"","txt":" Tapissier d'ameublement/tapissier décorateur","wiki":null,"tel":"0561831923","postCode":31460,"city":"Caraman","addr":"2, cours pasteur, ","cat":"O","email":"jeanclaude.vitrac@yahoo.fr"}
,{"lat":43.548813,"lng":1.245183,"name":"ATELIER BOIS ET COULEURS","web":"http://www.abcsculpture.fr","txt":"Sculpteur sur bois","wiki":null,"tel":"0562202752","postCode":31470,"city":"Fonsorbes","addr":"41 bis, rue Noêl Serrani ZAC de Moundran, 31470 FONSORBES","cat":"O","email":"info@abcsculpture.fr"}
,{"lat":43.599584,"lng":1.220543,"name":"Valérie Tanfin Artisan d'art plumassière","web":"http://www.valerietanfin.com","txt":" Plumassier","wiki":null,"tel":"0986280439","postCode":31490,"city":"Léguevin","addr":"34 chemin de Cazalas, ","cat":"O","email":"contact@valerietanfin.com"}
,{"lat":43.609218,"lng":1.457667,"name":"LE LIT OCCITAN","web":"http://www.lit.occitan.fr","txt":"Tapissier d'ameublement/tapissier décorateur","wiki":null,"tel":"0661661313","postCode":31500,"city":"Toulouse","addr":"13, rue Soult, ","cat":"O","email":"lit.occitan@wanadoo.fr"}
,{"lat":43.603758,"lng":1.458829,"name":"MANRIQUE GÉRARD","web":"http://manrique-gerard.blogg.org","txt":"Staffeur-stucateur","wiki":null,"tel":"0671003101","postCode":31500,"city":"Toulouse","addr":"13, rue de Luppé, ","cat":"O","email":"g.manrique@sfr.fr"}
,{"lat":43.62343,"lng":1.469202,"name":"VIRGINIE LOBROT","web":"","txt":" Tapissier d'ameublement/tapissier décorateur","wiki":null,"tel":"0608378800","postCode":31500,"city":"Toulouse","addr":"20, avenue de la Roseraie, ","cat":"O","email":"virginie.lobrot@free.fr"}
,{"lat":43.463416,"lng":1.966018,"name":"nayral du zénith","web":"https://app.cagette.net/group/7489","txt":"Fruits et légumes biologiques produits sur la commune de Saint Félix Lauragais, à 10minutes du centre de Revel !","wiki":null,"tel":"0644888746","postCode":31540,"city":"Saint-Félix-Lauragais","addr":" Lieu dit Nayral","cat":"AM","email":"nayralduzenith@gmail.com"}
,{"lat":43.46389,"lng":1.94807,"name":"le moulin de saint pierre","web":"http://www.le-moulin-de-saint-pierre.com/","txt":"Farine Bio blé (Bise T65, Semi-complète T80, Complète T110, Intégrale T150) seigle, sarrasin, pois chiche et petit-épeautre.\nLentilles et pois chiches en sachet.","wiki":null,"tel":"0617392041","postCode":31540,"city":"Roumens","addr":" Borde Neuve 2055 route de Revel","cat":"AC","email":"david.coursieres@gmail.com"}
,{"lat":43.478776,"lng":1.923711,"name":"A L'OR ET DU BOIS","web":"http://www.aloretdubois.com","txt":"Restaurateur de meubles","wiki":null,"tel":"0685118280","postCode":31540,"city":"Montégut-Lauragais","addr":"11 Rue du Forgeron, 31540 Montegut Lauragais","cat":"O","email":"atelier@aloretdubois.com"}
,{"lat":43.220634,"lng":1.472117,"name":"l'osmophore","web":"http://www.losmophore.fr","txt":"L'osmophore, ce sont des savons saponifiés à froid, fabriqués avec des ingrédients issus de l'agriculture biologique et naturels (huiles et beurres végétaux, poudres végétales et minérales, huiles essentielles).","wiki":null,"tel":"0609175013","postCode":31550,"city":"Marliac","addr":" La Brougue Les Oustalots","cat":"P","email":"mavicky31@hotmail.fr"}
,{"lat":43.305,"lng":1.54884,"name":"Spiruline du Sud-Ouest","web":"","txt":"Algoculteur","wiki":null,"tel":"0625532949","postCode":31550,"city":"Cintegabelle","addr":"Chemin des Camuses ","cat":"A","email":""}
,{"lat":43.396938,"lng":1.552952,"name":"NATHALIE CHAULAIC","web":"","txt":" Mosaïste","wiki":null,"tel":"0686266734","postCode":31560,"city":"Saint-Léon","addr":"La Miejeanne, 31560 Saint-Leon","cat":"O","email":"mosaique@nathaliechaulaic.com"}
,{"lat":43.167151,"lng":0.550818,"name":"Ferme des Arroutis","web":"","txt":"Eleveur","wiki":null,"tel":"0561942196","postCode":31580,"city":"Saint-Plancard","addr":"Ferme des Arroutis  Rive Vave ","cat":"A","email":""}
,{"lat":43.648582,"lng":1.648924,"name":"ELOISE BARO MOSAISTE D'ART","web":"http://www.eloisebaro.com","txt":" Ferronnier","wiki":null,"tel":"0752637369","postCode":31590,"city":"Verfeil","addr":"19 RUE DE LA PLAINE, 31590 VERFEIL","cat":"O","email":"baroeloise@gmail.com"}
,{"lat":43.403184,"lng":1.311803,"name":"PERRET","web":"http://www.sylviane-perret.com","txt":"Potier de grès","wiki":null,"tel":"0681635284","postCode":31600,"city":"Muret","addr":"8, chemin de Saint-Amans, ","cat":"O","email":"sylviane.perret@free.fr"}
,{"lat":43.733157,"lng":1.472248,"name":"ATELIER BRONZE D'ART","web":"","txt":"Ciseleur","wiki":null,"tel":"0561845102","postCode":31620,"city":"Labastide-Saint-Sernin","addr":"9, chemin Matrimonis, 31620 LABASTIDE ST SERNIN","cat":"O","email":"frederic.heltzle@wanadoo.fr"}
,{"lat":43.806563,"lng":1.332739,"name":"Entre Terre & Pierre Atelier de Sculpture","web":"http://https://sculpteur-mickaelregent-78.webself.net","txt":"Modeleur-Mouleur","wiki":null,"tel":"0633070736","postCode":31620,"city":"Saint-Rustice","addr":"2 Chemin Moun Païs, 31620 Saint Rustice","cat":"O","email":"mickaelregent@hotmail.fr"}
,{"lat":43.780348,"lng":1.633757,"name":"Garin Gerard","web":"","txt":"Apiculteur","wiki":null,"tel":"0627653131","postCode":31660,"city":"Buzet-sur-Tarn","addr":"74 Rue Du fourbanal 31660 Buzet sur Tarn","cat":"A","email":""}
,{"lat":43.177535,"lng":0.810384,"name":"laurent welsh","web":"","txt":"Cultivateur de fruits et légumes et arboriculteur à Latoue.","wiki":null,"tel":"0682956370","postCode":31800,"city":"Latoue","addr":" Cabiros","cat":"AM","email":""}
,{"lat":43.112993,"lng":0.746893,"name":"Le Safran Saint-Gaudinois","web":"","txt":"Productrice de safran","wiki":null,"tel":"0561953830","postCode":31800,"city":"Saint-Gaudens","addr":"155 bis avenue François Mitterrand ","cat":"A","email":""}
,{"lat":43.684098,"lng":1.36488,"name":"Le Couturier du Mobilier","web":"http://www.lecouturierdumobilier.com","txt":" Tapissier d'ameublement/tapissier décorateur","wiki":null,"tel":"0671131105","postCode":31840,"city":"Seilh","addr":"39 Allée des Tricheries, ","cat":"O","email":"lecouturierdumobilier@gmail.com"}
]}