{"id":87,"producers":[
{"lat":45.817723,"lng":1.237392,"name":"ASSOCIATION ESPRIT PORCELAINE","web":"http://www.espritporcelaine.fr","txt":"Modeleur-Mouleur","wiki":null,"tel":"0680172604","postCode":87000,"city":"Limoges","addr":"42 rue de Bourneville, 87000 LIMOGES","cat":"OE","email":"contact@espritporcelaine.fr","suspect":0}
,{"lat":45.820257,"lng":1.252946,"name":"CHERON-TESSIER SARL","web":"http://www.emauxcheron.com","txt":" Emailleur","wiki":null,"tel":"0555346565","postCode":87000,"city":"Limoges","addr":"17, rue Gustave Flaubert, ","cat":"OF","email":"tessiercheron@hotmail.com","suspect":0}
,{"lat":45.828843,"lng":1.262112,"name":"GALERIE CHRISTEL","web":"http://www.galeriechristel.com","txt":" Emailleur","wiki":null,"tel":"0555342336","postCode":87000,"city":"Limoges","addr":"15, boulevard Louis Blanc, ","cat":"OF","email":"contact@galeriechristel.com","suspect":0}
,{"lat":45.822808,"lng":1.238073,"name":"L.J.C. ÉMAUX D'ART","web":"","txt":" Emailleur","wiki":null,"tel":"0667041878","postCode":87000,"city":"Limoges","addr":"14 rue Jules Verne, ","cat":"OR","email":"emaux.art.ljc.87@gmail.com","suspect":0}
,{"lat":45.830048,"lng":1.276964,"name":"le fil du livre","web":"","txt":" Relieur","wiki":null,"tel":"0678856778","postCode":87000,"city":"Limoges","addr":"81 avenue du sablard, ","cat":"OD","email":"lefildulivre@voila.fr","suspect":0}
,{"lat":45.832643,"lng":1.267656,"name":"LIBER ANICORUM","web":"http://www.liberanicorum.com","txt":" Restaurateur de reliures","wiki":null,"tel":"0698701468","postCode":87000,"city":"Limoges","addr":"5 rue des Pénitents Blancs, ","cat":"OD","email":"ajaleal@free.fr","suspect":0}
,{"lat":45.838196,"lng":1.274287,"name":"LIMOGES DIFFUSION","web":"http://limoges-diffusion.com","txt":"Peintre sur porcelaine","wiki":null,"tel":"0681824939","postCode":87000,"city":"Limoges","addr":"35 rue Elisée Reclus, 87000 LIMOGES","cat":"OD","email":"porcelaine@limoges-diffusion.com","suspect":0}
,{"lat":45.829123,"lng":1.262033,"name":"MAURICETTE PINOTEAU ENAMELS","web":"http://www.m-pinoteau.fr","txt":"Emailleur","wiki":null,"tel":"0555323967","postCode":87000,"city":"Limoges","addr":"6 Boulevard Louis Blanc, 87000 LIMOGES","cat":"OF","email":"webmaster@m-pinoteau.com","suspect":0}
,{"lat":45.832399,"lng":1.257519,"name":"RATINAUD CREATIONS","web":"http://www.ratinaud.com","txt":"Joaillier","wiki":null,"tel":"0555336471","postCode":87000,"city":"Limoges","addr":"3 rue Daniel Lamazière - BP 200 22, 87001 LIMOGES","cat":"OB","email":"ratinaud.philippe@wanadoo.fr","suspect":0}
,{"lat":45.835305,"lng":1.255939,"name":"RENAISSANCE DU TAPIS","web":"http://www.kabiry.com","txt":" Rentrayeur (restaurateur de tapis et tapisseries)","wiki":null,"tel":"0667768378","postCode":87000,"city":"Limoges","addr":"26, rue François Chénieux, ","cat":"OE","email":"fery@kabiry.com","suspect":0}
,{"lat":45.83488,"lng":1.245256,"name":"BERNARDAUD","web":"http://www.bernardaud.fr","txt":" Céramiste","wiki":null,"tel":"0555105550","postCode":87100,"city":"Limoges","addr":"27, rue Albert Thomas, 87050 LImoges","cat":"OP","email":"info@bernardaud.fr","suspect":0}
,{"lat":45.838685,"lng":1.247718,"name":"BOUCHAREL JP","web":"http://www.emaux-bouchard.com","txt":"Emailleur","wiki":null,"tel":"0555323110","postCode":87100,"city":"Limoges","addr":"44, avenue Montjovis, ","cat":"OP","email":"","suspect":0}
,{"lat":45.850054,"lng":1.244824,"name":"L'OR BLANC","web":"","txt":" Peintre en décor","wiki":null,"tel":"0587849439","postCode":87100,"city":"Limoges","addr":"87 rue de Bellac, ","cat":"OE","email":"lucien.cubaut@numericable.fr","suspect":0}
,{"lat":45.837306,"lng":1.263798,"name":"MAUD KISS ÉMAUX D'ART","web":"http://kiss.maud@free.fr","txt":" Emailleur","wiki":null,"tel":"0555775626","postCode":87100,"city":"Limoges","addr":"24, rue Petiniaud dubos, 87100 LIMOGES","cat":"OF","email":"kiss.maud@free.fr","suspect":0}
,{"lat":45.842046,"lng":1.241647,"name":"PORCELAINE H. LAPLAGNE","web":"","txt":" Céramiste","wiki":null,"tel":"0555775312","postCode":87100,"city":"Limoges","addr":"24 rue Gallieni, 87100 LIMOGES","cat":"OP","email":"porcelaine.laplagne@wanadoo.fr","suspect":0}
,{"lat":45.83735,"lng":1.246217,"name":"SOCIÉTÉ DOUMINGE","web":"http://vitraux.douminge.free.fr/","txt":"Restaurateur de vitraux","wiki":null,"tel":"0555793710","postCode":87100,"city":"Limoges","addr":"60 Avenue des Ruchoux, 87100 LIMOGES","cat":"OR","email":"vitraux.douminge@wanadoo.fr","suspect":0}
,{"lat":45.845716,"lng":1.257635,"name":"Saveurs Fermières","web":"www.saveurs-fermieres.fr","txt":"Produits : Rayon bio","wiki":null,"tel":"0555798851","postCode":87100,"city":"Limoges","addr":"38 rue de la Mauvendière 87100 Limoges","cat":"AG","email":"","suspect":0}
,{"lat":45.775575,"lng":1.204316,"name":"atelier de restauration de tableaux Jeannette Brin","web":"http://jeannettebrin.fr","txt":" Restaurateur de tableaux","wiki":null,"tel":"0623361736","postCode":87110,"city":"Bosmie-l'Aiguille","addr":"10 rue de jumilhac, 87110 Bosmie-l'aiguille","cat":"OD","email":"jeannettebrin@gmail.com","suspect":0}
,{"lat":45.723022,"lng":1.299793,"name":"DOMINIQUE FOLLIOT","web":"","txt":" Dinandier","wiki":null,"tel":"0555004516","postCode":87110,"city":"Le Vigen","addr":"Domaine de Ligoure, ","cat":"OF","email":"dominique.folliot@hotmail.fr","suspect":0}
,{"lat":45.78069,"lng":1.308284,"name":"La Petite Ferme","web":"www.la-petite-ferme.com","txt":"Produits : Rayon bio, Fruits, Légumes, Viandes, Traiteur et charcuterie, Volaille et lapin, Fromages, Oeufs et produits laitiers, Pain et patisseries, Miels et confitures, Huiles et vinaigres, Épicerie, Vins et alcools, Jus et sirops","wiki":null,"tel":"0555302933","postCode":87110,"city":"Le Vigen","addr":"Le Bas Fauré ","cat":"AG","email":"","suspect":0}
,{"lat":45.773088,"lng":1.797794,"name":"thomas & amélie fhal","web":"","txt":"La Ferme de Champeau propose des céréales, produits laitiers, viandes et charcuteries.","wiki":null,"tel":"0555697881","postCode":87120,"city":"Saint-Amand-le-Petit","addr":" Ferme de Champeau","cat":"AV","email":"","suspect":0}
,{"lat":45.714424,"lng":1.566317,"name":"FEELING'S SYLVIE COQUET","web":"","txt":"Peintre sur porcelaine","wiki":null,"tel":"0622572703","postCode":87130,"city":"Linards","addr":"Boulandie, ","cat":"OD","email":"scoquet@wanadoo.fr","suspect":0}
,{"lat":46.306331,"lng":1.354554,"name":"MAISON AUDOUSSET","web":"","txt":" Tapissier d'ameublement/tapissier décorateur","wiki":null,"tel":"0555762272","postCode":87160,"city":"Saint-Sulpice-les-Feuilles","addr":"8 rue du 8 mai 1945, 87160 Saint Sulpice les Feuilles","cat":"OE","email":"didier.audousset@orange.fr","suspect":0}
,{"lat":45.821406,"lng":1.212214,"name":"PORCELAINES JAMMET SEIGNOLLES & CIE","web":"http://www.jseignolles.fr","txt":" Peintre sur porcelaine","wiki":null,"tel":"0555012944","postCode":87170,"city":"Isle","addr":"14 Ancienne Route d'Aixe, ","cat":"OE","email":"contact@jseignolles.fr","suspect":0}
,{"lat":46.300561,"lng":1.234358,"name":"BOUGIES D'ART FRANÇOISE DROUOT","web":"http://www.bougies-artisanales.com","txt":" Cirier","wiki":null,"tel":"0555682919","postCode":87190,"city":"Saint-Léger-Magnazeix","addr":"Chez Trillard, 87190 Saint Léger Magnazeix","cat":"OE","email":"contact@bougies-artisanales.com","suspect":0}
,{"lat":45.886071,"lng":0.900687,"name":"GANTERIE DE SAINT-JUNIEN","web":"http://www.ganterie-saintjunien.fr","txt":" Gantier","wiki":null,"tel":"0608017208","postCode":87200,"city":"Saint-Junien","addr":"18, rue Louis Codet - BP 84, 87203 SAINT-JUNIEN","cat":"OT","email":"thierry.thome@hermes.com","suspect":0}
,{"lat":45.91413,"lng":0.837189,"name":"LA VIE EN ROSE","web":"http://www.lavieenrose-limoges.com","txt":" Peintre sur porcelaine","wiki":null,"tel":"0555023637","postCode":87200,"city":"Saint-Junien","addr":"Le Bas Moulin  BP 96, 87203 SAINT-JUNIEN","cat":"OE","email":"lavieenrose@cegetel.net","suspect":0}
,{"lat":45.887711,"lng":0.887347,"name":"MÉGISSERIE COLOMBIER","web":"http://www.tannery-colombier.com","txt":"Tanneur","wiki":null,"tel":"0555023060","postCode":87200,"city":"Saint-Junien","addr":"13, avenue Gay Lussac, 87203 Saint Junien","cat":"OT","email":"colombier@cuir-colombier.fr","suspect":0}
,{"lat":45.930149,"lng":0.920428,"name":"PORCELAINE D'ART","web":"","txt":"Peintre sur porcelaine","wiki":null,"tel":"0631338738","postCode":87200,"city":"Saint-Junien","addr":"Les Trois Bornes - Route du Derot, 87200 Saint Junien","cat":"OD","email":"jgoscimski@gmail.com","suspect":0}
,{"lat":45.886366,"lng":0.898968,"name":"SAS AGNELLE","web":"http://www.agnelle.com","txt":" Gantier","wiki":null,"tel":"0555021353","postCode":87200,"city":"Saint-Junien","addr":"30, boulevard de la République, ","cat":"OT","email":"agnelle@agnelle.com","suspect":0}
,{"lat":45.889996,"lng":0.899974,"name":"SUMMER & WINTER","web":"","txt":" Maroquinier","wiki":null,"tel":"0555029924","postCode":87200,"city":"Saint-Junien","addr":"19, rue Junien Rigaud, 87200 SAINT-JUNIEN","cat":"OT","email":"summer.winter@wanadoo.fr","suspect":0}
,{"lat":45.887854,"lng":0.901642,"name":"Aux Quatre Saisons","web":"http://www.aux4saisons-mp.fr/","txt":"","wiki":null,"tel":"0555327843","postCode":87200,"city":"Saint-Junien","addr":"6 rue Lucien Dumas ","cat":"AG","email":"","suspect":0}
,{"lat":45.808646,"lng":1.416575,"name":"ATELIER D'ÉTAIN","web":"","txt":" Potier d'étain","wiki":null,"tel":"0555096058","postCode":87220,"city":"Aureil","addr":"Les Crouzettes, 87220 AUREIL","cat":"OF","email":"agrilouis@neuf.fr","suspect":0}
,{"lat":45.812335,"lng":1.302276,"name":"MERIGOUS","web":"http://www.merigous.fr","txt":"Peintre sur porcelaine","wiki":null,"tel":"0687114511","postCode":87220,"city":"Feytiat","addr":"1, rue Marthe Dutheil PA du Ponteix, ","cat":"OD","email":"info@merigous.fr","suspect":0}
,{"lat":45.67817578940308,"lng":1.074961003493583,"name":"Broussaud Textiles","web":"https://www.broussaud.com/","txt":"Tisseur-industriel","wiki":null,"tel":"0555369246","postCode":87230,"city":"Les Cars","addr":"1 rue Prieuré","cat":"HI","email":"commercial@broussaud.com","suspect":0}
,{"lat":45.656001,"lng":1.05014,"name":"ACCORD BOIS CHÂTAIGNIER","web":"http://accordboischataignier.fr.st","txt":"Vannier","wiki":null,"tel":"0682856416","postCode":87230,"city":"Bussière-Galant","addr":"Aurin, 87230 BUSSIERE GALANT","cat":"OO","email":"serge.chevrier2@wanadoo.fr","suspect":0}
,{"lat":45.951352,"lng":1.498539,"name":"BM FERRONNERIE","web":"http://BM Ferronnerie.com","txt":" Ferronnier","wiki":null,"tel":"0623497716","postCode":87240,"city":"Saint-Laurent-les-Églises","addr":"Les Landes, 87240 Saint-Laurent-les-Eglises","cat":"OF","email":"baumard.mickael@sfr.fr","suspect":0}
,{"lat":45.937507,"lng":1.349759,"name":"CO-RÉ-GRAPH","web":"http://www.crg-impression.fr","txt":"Décorateur sur bois","wiki":null,"tel":"0953801641","postCode":87240,"city":"Ambazac","addr":"Zone Artisanale du Puy Roudier, ","cat":"OE","email":"contact@crg-impression.fr","suspect":0}
,{"lat":45.992671,"lng":1.367491,"name":"FRANCK TIONI SELLIER-MAROQUINIER","web":"http://www.francktioni.com","txt":" Maroquinier","wiki":null,"tel":"0626897825","postCode":87240,"city":"Saint-Sylvestre","addr":"Le Bourg, ","cat":"OT","email":"contact@francktioni.com","suspect":0}
,{"lat":46.1135,"lng":1.355882,"name":"CRÉATIONS PATRICK CRESPIN","web":"http://www.crespinpatrick.com","txt":"Verrier à la main","wiki":null,"tel":"0555761281","postCode":87250,"city":"Bessines-sur-Gartempe","addr":"ZI Occitania, ","cat":"OR","email":"info@crespinpatrick.com","suspect":0}
,{"lat":45.712887,"lng":1.477236,"name":"ATELIER DE RESTAURATION DE MEUBLES","web":"","txt":"Restaurateur de meubles","wiki":null,"tel":"0555322062","postCode":87260,"city":"Saint-Bonnet-Briance","addr":"Lieu-dit La Gare, 87260 Saint Bonnet Briance","cat":"OO","email":"siebeneicher@wanadoo.fr","suspect":0}
,{"lat":45.887992,"lng":1.236262,"name":"Au Brin de Campagne","web":"","txt":"","wiki":null,"tel":"0587411075","postCode":87270,"city":"Couzeix","addr":"28 Route de Poitiers ","cat":"AG","email":"","suspect":0}
,{"lat":45.881045,"lng":1.278757,"name":"HAVILAND","web":"http://www.haviland.fr","txt":"Peintre sur porcelaine","wiki":null,"tel":"0607354455","postCode":87280,"city":"Limoges","addr":"25, rue Philippe-Lebon Z.I Nord, 87073 Limoges","cat":"OD","email":"mpariente@haviland.fr","suspect":0}
,{"lat":45.887254,"lng":1.275476,"name":"PORCELAINE ARTISANAL LIMOGES","web":"http://www.artisanalimoges.fr","txt":"Emailleur","wiki":null,"tel":"0555382141","postCode":87280,"city":"Limoges","addr":"30 ALLEE DES GRAVELLES Z.I Nord, 87280 LIMOGES","cat":"OP","email":"artisanalimoges@wanadoo.fr","suspect":0}
,{"lat":45.740978,"lng":0.92502,"name":"ATELIER FABRICATION HARNACHEMENT","web":"","txt":" Sellier","wiki":null,"tel":"0555788096","postCode":87310,"city":"Saint-Laurent-sur-Gorre","addr":"Bayerie, 87310 saint laurent sur gorre","cat":"OT","email":"boudin.stephanie@orange.fr","suspect":0}
,{"lat":45.833478,"lng":1.304039,"name":"LIM DEC","web":"http://limdec.porcelaine.free.fr","txt":" Peintre en décor","wiki":null,"tel":"0555306819","postCode":87350,"city":"Panazol","addr":"43 rue François Sarre, ","cat":"OE","email":"limdec.porcelaine@free.fr","suspect":0}
,{"lat":45.558763,"lng":1.380763,"name":"lapeyre","web":"","txt":"vente de légumes de saison et oeufs, suivant disponibilité car petite production. tout est fait à la main. quelques poules pondeuses une trentaine, aucun pesticide les produits sont garantie naturelle.","wiki":null,"tel":"0778121559","postCode":87380,"city":"Meuzac","addr":" la bernardie","cat":"AM","email":"thuizat.elise@hotmail.fr","suspect":0}
,{"lat":45.593749,"lng":1.408825,"name":"céline leyssenne","web":"","txt":"Cultivatrice de petits fruits rouges et potimarrons, elle propose aussi des confitures et des œufs.","wiki":null,"tel":"0555489982","postCode":87380,"city":"Château-Chervix","addr":" La Chapelle","cat":"AF","email":"","suspect":0}
,{"lat":45.727742,"lng":0.717455,"name":"TRACES EN TERRE","web":"http://www.traces-en- terre.com","txt":"Tourneur céramique","wiki":null,"tel":"0676850315","postCode":87440,"city":"Maisonnais-sur-Tardoire","addr":"Labraud, 87440 Maisonnais sur Tardoire","cat":"OP","email":"kristiane.hink@orange.fr","suspect":0}
,{"lat":45.51512,"lng":1.324792,"name":"champignons coussacois","web":"https://www.facebook.com/ChampignonsCoussacois","txt":"Je suis productrice de champignons dans une petite ferme à Coussac-Bonneval en Haute-Vienne. \n\nJe cultive les pleurotes, l'hydne hérisson et les champignons reishi. \n\nToutes les étapes de la préparation du mycélium à la récolte sont réalisées à la ferme afin de garantir un produit de qualité exempt de tout produit chimique ou pesticide.","wiki":null,"tel":"0604151510","postCode":87500,"city":"Coussac-Bonneval","addr":" Rotin","cat":"AO","email":"champignons.coussacois@gmail.com","suspect":0}
,{"lat":45.566155,"lng":1.235398,"name":"Les émaux Arédiens","web":"http://www.lesemauxarediens.fr","txt":" Emailleur","wiki":null,"tel":"0670369092","postCode":87500,"city":"Saint-Yrieix-la-Perche","addr":"Vignolas 5 Route de La Plagne, ","cat":"OF","email":"contact@lesemauxarediens.fr","suspect":0}
,{"lat":45.917916,"lng":1.172498,"name":"Les émaux de Vincent","web":"","txt":" Emailleur","wiki":null,"tel":"0631167301","postCode":87510,"city":"Nieul","addr":"11, rue des Etangs, ","cat":"OF","email":"vgermaneau@gmail.com","suspect":0}
,{"lat":45.932006,"lng":1.033123,"name":"ARTS ET EMAUX DE LIMOGES","web":"","txt":"Emailleur","wiki":null,"tel":"0555032045","postCode":87520,"city":"Oradour-sur-Glane","addr":"3 rue de la Glane, 87520 Oradour sur Glane","cat":"OP","email":"pouret.christiane@neuf.fr","suspect":0}
,{"lat":45.902205,"lng":1.318781,"name":"Le Relais Fermier","web":"http://le-relais-fermier.jimdo.com/","txt":"Produits : Rayon bio","wiki":null,"tel":"0544202463","postCode":87570,"city":"Rilhac-Rancon","addr":"15 Avenue de la Libération ","cat":"AG","email":"","suspect":0}
,{"lat":45.863561,"lng":1.387537,"name":"BEYRAND","web":"http://www.beyrand.com","txt":" Imprimeur en sérigraphie","wiki":null,"tel":"0607898491","postCode":87590,"city":"Saint-Just-le-Martel","addr":"Rue du 8 mai, ","cat":"OD","email":"pbeyrand@beyrand.com","suspect":0}
,{"lat":45.824328,"lng":1.361466,"name":"Jean Martial Moreau","web":"http://jeanmartialmoreau.free.fr","txt":"Sculpteur sur métal","wiki":null,"tel":"0631914586","postCode":87590,"city":"Saint-Just-le-Martel","addr":"3, rue du pré de l'or, Les Biards, ","cat":"OF","email":"jeanmartialmoreau@yahoo.fr","suspect":0}
,{"lat":45.758275,"lng":0.808706,"name":"le jardin des fées des neiges","web":"https://www.facebook.com/profile.php?id=100083460815967","txt":"Légumes Naturels, cultivés en permaculture-maraîchage sol vivant\nVente directe et sur les marchés","wiki":null,"tel":"0638248350","postCode":87600,"city":"Vayres","addr":" 4, rue fées des neiges ","cat":"AM","email":"","suspect":0}
,{"lat":45.850619,"lng":1.065522,"name":"ATELIER JEAN-LOUIS SCHMITT","web":"","txt":" Céramiste","wiki":null,"tel":"0786482651","postCode":87700,"city":"Saint-Yrieix-sous-Aixe","addr":"La Graulière, ","cat":"OP","email":"jlouis.schmitt@gmail.com","suspect":0}
,{"lat":45.813816,"lng":1.134395,"name":"CRÉATION CHÂTAIGNIER","web":"http://www.creationchataignier.com ","txt":"Menuisier en sièges","wiki":null,"tel":"0612164014","postCode":87700,"city":"Aixe-sur-Vienne","addr":"ferme de POMPADOUR, 87700 AIXE SUR VIENNE","cat":"OO","email":"a.dupasquier@wanadoo.fr","suspect":0}
,{"lat":45.795286,"lng":1.136539,"name":"La Terre n'appartient à personne","web":"http://https://www.laterrenappartientapersonne.com/","txt":" Maître-verrier (ou Vitrailliste)","wiki":null,"tel":"0678309602","postCode":87700,"city":"Aixe-sur-Vienne","addr":"4, rue Victor Hugo, 87700 Aixe-Sur-Vienne","cat":"OR","email":"lacointinette@gmail.com","suspect":0}
,{"lat":45.802269,"lng":1.125303,"name":"MARIE GONZALES PEINTRE EN DECORS","web":"http://mariegonzales.canalblog.com","txt":"Peintre en décor","wiki":null,"tel":"0666118865","postCode":87700,"city":"Aixe-sur-Vienne","addr":"Lieu-dit Vienne, ","cat":"OD","email":"marie.c.gonzales@gmail.com","suspect":0}
,{"lat":45.797858,"lng":1.122009,"name":"PORCELAINES JACQUES PERGAY","web":"http://www.jacquespergay.com","txt":" Modeleur-Mouleur","wiki":null,"tel":"0555701984","postCode":87700,"city":"Aixe-sur-Vienne","addr":"Route de Cognac la Forêt, ","cat":"OE","email":"pergay.diffusion@wanadoo.fr","suspect":0}
]}