{"id":50,"producers":[
{"lat":49.093554,"lng":-1.075748,"name":"ferme du perriers","web":"","txt":"Ferme de taille familiale en agriculture biologique depuis 1999.\nMarché de producteurs bio et locaux sur notre ferme les mardis et vendredis de 16h à 19h: la Cabane Penchée","wiki":null,"tel":"0662244623","postCode":50000,"city":"Baudre","addr":" route de Baudre 50000 Saint-Lô ","cat":"A","email":"","suspect":0}
,{"lat":48.68122,"lng":-0.952715,"name":"L'ATELIER","web":"","txt":" Graveur","wiki":null,"tel":"0950735072","postCode":50140,"city":"Saint-Barthélemy","addr":"2, rue Mannessiez, 50140 Saint-Bathelemy","cat":"OF","email":"elodiestudler@free.fr","suspect":0}
,{"lat":48.639727,"lng":-0.944308,"name":"ZUREK","web":"http://www.doreur-restauration-art.fr","txt":" Doreur-ornemaniste","wiki":null,"tel":"0688038446","postCode":50140,"city":"Mortain-Bocage","addr":"La brocherie, 50140 Mortain","cat":"OO","email":"zurek.ryszard@neuf.fr","suspect":0}
,{"lat":49.010133,"lng":-0.945294,"name":"ferme de la hogue","web":"https://fermedelahogue.fr/","txt":"Production de légumes en conversion bio, que vous pouvez retrouver lors des marchés a la ferme (le mercredi aprem 16h30-19h et le samedi matin 9h30-12h) ou tous les jours de la semaine en passant commande sur notre site internet www.fermedelahogue.fr","wiki":null,"tel":"0681795315","postCode":50160,"city":"Torigny-les-Villes","addr":" 6 la Hogue 50160 Guilberville ","cat":"AM","email":"contact@fermedelahogue.fr","suspect":0}
,{"lat":48.989139,"lng":-0.940203,"name":"ÉBÉNISTERIE DENIS LEPAGE","web":"http://boitabois.fr","txt":" Ebéniste","wiki":null,"tel":"0233556401","postCode":50160,"city":"Torigny-les-Villes","addr":"2 le petit buisson route de Montbertrand, 50160 Guilberville","cat":"OO","email":"denislepage@wanadoo.fr","suspect":0}
,{"lat":48.592804,"lng":-1.440549,"name":"le champ des possibles","web":"https://www.facebook.com/LeChampDesPossiblesTanis","txt":"Le champ des possible est une ferme en polyculture élevage (bovin viande) en conversion vers l'agriculture biologique.","wiki":null,"tel":"0769611249","postCode":50170,"city":"Tanis","addr":" 13 rue de la gare","cat":"AV","email":"gilles.emmanuel@gmail.com","suspect":0}
,{"lat":49.186316,"lng":-1.412192,"name":"L’ÉTINCELLE","web":"http://www.etincelle-atelier.com","txt":" Ferronnier","wiki":null,"tel":"0233450650","postCode":50190,"city":"Périers","addr":"2 cours St Malo, 50190 PERIERS","cat":"OF","email":"marc.desvallees@wanadoo.fr","suspect":0}
,{"lat":49.064904,"lng":-1.449546,"name":"LES ATELIERS AUBERT-LABANSAT","web":"http://www.maisons-histoire.fr","txt":"Tailleur de pierre","wiki":null,"tel":"0233766060","postCode":50200,"city":"Coutances","addr":"Le Vaudôme Route de Lessay, 50200 COUTANCES","cat":"OM","email":"g.pierre@aubert-labansat.com","suspect":0}
,{"lat":49.06378,"lng":-1.433066,"name":"La Ferme Coutançaise","web":"http://www.ferme-coutancaise.com/","txt":"Produits : Fruits, Légumes, Poissons, Viandes, Traiteur et charcuterie, Volaille et lapin, Fromages, Oeufs et produits laitiers, Pain et patisseries, Miels et confitures, Huiles et vinaigres, Épicerie, Vins et alcools, Jus et sirops","wiki":null,"tel":"0233079422","postCode":50200,"city":"Coutances","addr":"92A Avenue Division Leclerc ","cat":"AG","email":"","suspect":0}
,{"lat":48.654126,"lng":-1.240586,"name":"barbedette","web":"","txt":"Petit ferme qui élevés c'est animaux de façon traditionnelle, non intensif.\nNous vendons nos produits sous vide en caissette. \nRéserver des maintenant.","wiki":null,"tel":"0233501356","postCode":50220,"city":"Marcilly","addr":" Le court champs 19 route de la boulouze","cat":"A","email":"ferme.barbedette@gmai.com","suspect":0}
,{"lat":48.685774,"lng":-1.358736,"name":"Le Parchemin des Limbes","web":"http://leparchemindeslimbes.fr","txt":"Relieur","wiki":null,"tel":"0620205329","postCode":50300,"city":"Avranches","addr":"13, rue Saint Gervais 5, rue de l'Hyvernière, ","cat":"OD","email":"parchemindeslimbes@yahoo.fr","suspect":0}
,{"lat":48.687074,"lng":-1.360908,"name":"SARL STUDIO DELAROQUE","web":"http://www.studiodelaroque.com","txt":"Photographe illustrateur","wiki":null,"tel":"0607511712","postCode":50300,"city":"Avranches","addr":"11 rue des Fossés, 50300 AVRANCHES","cat":"OD","email":"studio-delaroque-photo@wanadoo.fr","suspect":0}
,{"lat":48.661659,"lng":-1.340262,"name":"SIMON STEPHANE","web":"http://www.ebeniste-avranches.com","txt":"Vernisseur au tampon ","wiki":null,"tel":"0699231442","postCode":50300,"city":"Avranches","addr":"1 allée de la baie, 50300 Saint-Martin-des-Champs","cat":"OO","email":"stephane.simon19@free.fr","suspect":0}
,{"lat":48.6762,"lng":-1.35538,"name":"UN BRUIT QUI COURT","web":"http://wwww.hyperien.com","txt":" Fabricant et restaurateur d'abat-jour","wiki":null,"tel":"0662731192","postCode":50300,"city":"Avranches","addr":"13 Bd du Luxembourg, 50300 AVRANCHES","cat":"OE","email":"michele@hyperien.com","suspect":0}
,{"lat":49.385774,"lng":-1.526762,"name":"Atelier des petits pavés","web":"http://www.cecilebouvarel.com","txt":" Mosaïste","wiki":null,"tel":"0233415810","postCode":50390,"city":"Saint-Sauveur-le-Vicomte","addr":"1, rue des petits pavés de l'abbaye, 50390 Saint Sauveur-le-Vicomte","cat":"OE","email":"atelier@cecilebouvarel.com","suspect":0}
,{"lat":48.915538,"lng":-1.191231,"name":"OUDIN CHRISTIAN","web":"http://pf.purson@wanadoo.fr","txt":"Peintre sur bois","wiki":null,"tel":"0233902632","postCode":50410,"city":"Percy-en-Normandie","addr":"9, rue Louis Carpon, 50 410 PERCY","cat":"OD","email":"pf.purson@wanadoo.fr","suspect":0}
,{"lat":48.912734,"lng":-1.130276,"name":"THE STONE WORKSHOP","web":"http://www.lauracowling.com","txt":" Graveur sur pierre","wiki":null,"tel":"0233590054","postCode":50410,"city":"Percy-en-Normandie","addr":"La Lande, 50410 Le Chefresne","cat":"OZ","email":"lauracowling@yahoo.com","suspect":0}
,{"lat":49.251705,"lng":-1.270719,"name":"ferme du chastel","web":"http://Facebook/ferme du Chastel.com»","txt":"Producteurs local & familial de fromages de chèvre fermier BIO \n- Vente à la ferme tous les jours de 17h à 19h \n- Marché de producteurs à la ferme tous les vendredi de 17h à 19h","wiki":null,"tel":"0686640291","postCode":50500,"city":"Terre-et-Marais","addr":" 33 Lieu-dit Le Mesnil, rue du Mesnil 50500 Saint-Georges-de-Bohon ","cat":"AF","email":"fermeduchastel@gmail.com","suspect":0}
,{"lat":48.916254,"lng":-1.437971,"name":"Atelier Mapie BelGary","web":"http://www.mapiebelgary.com","txt":"Sculpteur sur métal","wiki":null,"tel":"0684318029","postCode":50510,"city":"Cérences","addr":"rue des Douves, 50510 Cerences","cat":"OF","email":"mapiebelgary@orange.fr","suspect":0}
,{"lat":49.070527,"lng":-1.296532,"name":"damien lemasson","web":"http://www.cidre-lemasson.fr/","txt":"Damien Lemasson est producteur de cidre. Il produit aussi des Calvados et d’autres produits plus originaux comme le p’tit Zef en apéritif.","wiki":null,"tel":"0233458073","postCode":50570,"city":"Cametours","addr":" Le Vaucher","cat":"AB","email":"cidrelemasson@yahoo.fr","suspect":0}
,{"lat":49.18005,"lng":-1.256703,"name":"LEHODEY VANI-BOIS","web":"http://agencement-lehodey.fr","txt":"Vannier","wiki":null,"tel":"0233562101","postCode":50570,"city":"Remilly Les Marais","addr":"1 rue de la Vannerie, 50570 REMILLY SUR LOZON","cat":"OO","email":"lvb@vanibois.fr","suspect":0}
,{"lat":49.18682,"lng":-1.147083,"name":"ferme de l'orangerie","web":"https://ferme-orangerie.fr","txt":"Ferme Biologique , de taille familiale. Nous vous proposons des produits laitiers transformés par nos soins .\nfb: Ferme de L'Orangerie","wiki":null,"tel":"0679023950","postCode":50620,"city":"Le Dézert","addr":" l'Orangerie","cat":"AF","email":"fermedelorangerie@gmail.com","suspect":0}
,{"lat":49.586781,"lng":-1.369356,"name":"ferme du vastel","web":"http://www.lafermeduvastel.net/","txt":"Dans la famille depuis plus de 150 ans, la ferme du Vastel s'est endormie dans les années 50. Elle se réveille en 2007 avec une toute petite production cidricole.","wiki":null,"tel":"0964165273","postCode":50630,"city":"Teurthéville-Bocage","addr":" Le Vastel","cat":"A","email":"fermeduvastel@gmail.com","suspect":0}
,{"lat":49.219093,"lng":-1.053888,"name":"FAUVEL","web":"http://www.fauvel.fr","txt":" Paveur-dalleur","wiki":null,"tel":"0233568331","postCode":50680,"city":"Moon-sur-Elle","addr":"3 La croix sous l'Ange, ","cat":"OM","email":"sarl-fauvel@orange.fr","suspect":0}
,{"lat":49.495464,"lng":-1.511199,"name":"la ferme de domi et isa","web":"","txt":"Production et vente directe de glaces et sorbets, viandes de veau et génisse.","wiki":null,"tel":"0233951947","postCode":50700,"city":"Yvetot-Bocage","addr":" 8 bis route de la Vautière ","cat":"AV","email":"dominique.poisson4@wanadoo.fr","suspect":0}
,{"lat":49.500731,"lng":-1.498599,"name":"ENTREPRISE BODIN","web":"http://www.ent-bodin.com","txt":"Tailleur de pierre","wiki":null,"tel":"0233402033","postCode":50700,"city":"Yvetot-Bocage","addr":"7 Village Tapotin, ","cat":"OE","email":"bodin.ste@wanadoo.fr","suspect":0}
,{"lat":48.840916,"lng":-1.220482,"name":"ATELIER DU CUIVRE","web":"http://www.atelierducuivre.com","txt":" Dinandier","wiki":null,"tel":"0607666748","postCode":50800,"city":"Villedieu-les-Poêles-Rouffigny","addr":"54 rue General Huard, 50800 VILLEDIEU-LES-PÖELES","cat":"OF","email":"atelierducuivre@wanadoo.fr","suspect":0}
,{"lat":48.838474,"lng":-1.223759,"name":"CORNILLE-HAVARD","web":"http://www.cornille-havard.com","txt":"Médailleur","wiki":null,"tel":"0233610056","postCode":50800,"city":"Villedieu-les-Poêles-Rouffigny","addr":"10, rue du Pont Chignon, 50800 Villedieu-les-Poêles","cat":"OE","email":"info@cornille-havard.com","suspect":0}
,{"lat":48.827246,"lng":-1.254184,"name":"TENDANCE NATURELLE","web":"http://www.tendancenaturelle.com","txt":" Peintre en décor","wiki":null,"tel":"0677713987","postCode":50800,"city":"La Lande-d'Airou","addr":"La Hulinière, ","cat":"OE","email":"crepel.david@orange.fr","suspect":0}
,{"lat":48.837569,"lng":-1.222259,"name":"Délices de Campagne","web":"www.delicesdecampagne.com","txt":"","wiki":null,"tel":"0233919946","postCode":50800,"city":"Villedieu-les-Poêles-Rouffigny","addr":"3 Rue du Général de Gaulle 50800 Villedieu-les-Poêles","cat":"AG","email":"","suspect":0}
]}