{"id":43,"producers":[
{"lat":45.044766,"lng":3.884863,"name":"AMES ET CORDES","web":"","txt":" Luthier","wiki":null,"tel":"0675991354","postCode":43000,"city":"Le Puy-en-Velay","addr":"14, rue Cardinal de Polignac, 43000 Le Puy en Velay","cat":"OL","email":"douillard.pascal@yahoo.fr","suspect":0}
,{"lat":45.031262,"lng":3.883152,"name":"ATELIER ALAIN GIRAUD","web":"http://atelier-giraud.ebeniste-restaurateur.com","txt":" Restaurateur de meubles","wiki":null,"tel":"0471056684","postCode":43000,"city":"Le Puy-en-Velay","addr":"Henri Chas, ","cat":"OO","email":"algiraud@club-internet.fr","suspect":0}
,{"lat":45.046897,"lng":3.892296,"name":"ATELIER DU CHAT BOTTE","web":"http://www.lechatbotte.net et www. costumesd'époque.net","txt":"Tailleur-couturier","wiki":null,"tel":"0471010284","postCode":43000,"city":"Le Puy-en-Velay","addr":"7 boulevard du Marechal Joffre, 43000 LE PUY EN VELAY","cat":"OE","email":"costumes@lechatbotte.net","suspect":0}
,{"lat":45.043886,"lng":3.886088,"name":"ATELIER PIERIS SCULPTURE","web":"http://www.pieris-rousseau.com","txt":"Modeleur-Mouleur","wiki":null,"tel":"0667664721","postCode":43000,"city":"Le Puy-en-Velay","addr":"31 rue St François-Régis, 43000 Le Puy en Velay","cat":"OE","email":"contact@pieris-rousseau.com","suspect":0}
,{"lat":45.044616,"lng":3.88257,"name":"AZNAR","web":"","txt":"Orfèvre","wiki":null,"tel":"0676207896","postCode":43000,"city":"Le Puy-en-Velay","addr":"Raphaël, 43000 Le Puy en Velay","cat":"OB","email":"croix_st_esprit@cegetel.net","suspect":0}
,{"lat":45.044985,"lng":3.882672,"name":"IRIDAT/CEDF","web":"http://www.ladenteledupuy.com","txt":"Dentellier","wiki":null,"tel":"0471020168","postCode":43000,"city":"Le Puy-en-Velay","addr":"38/44 rue Raphaël, ","cat":"HD","email":"enseignement@ladentelledipuy.com","suspect":0}
,{"lat":45.044537,"lng":3.878989,"name":"J-M. MARCAGGI","web":"","txt":" Céramiste","wiki":null,"tel":"0673071692","postCode":43000,"city":"Le Puy-en-Velay","addr":"10, boulevard Gambetta, 43000 Le Puy en Velay","cat":"OP","email":"c.kaol@free.fr","suspect":0}
,{"lat":45.033758,"lng":3.8828,"name":"LE COMPAGNON SA","web":"http://www.lecompagnon.fr","txt":"Tailleur de pierre","wiki":null,"tel":"0607134299","postCode":43000,"city":"Le Puy-en-Velay","addr":"9, rue du Ruisseau, 43000 Le Puy en Velay","cat":"OZ","email":"armel@lecompagnon.fr","suspect":0}
,{"lat":45.046708,"lng":3.88046,"name":"LES ATELIERS DE CHANTELOUBE","web":"http://www.lesateliersdechanteloube.com","txt":"Tailleur de pierre","wiki":null,"tel":"0623224285","postCode":43000,"city":"Le Puy-en-Velay","addr":"69 rue des farges, 43000 Le Puy","cat":"OE","email":"ateliers.chanteloube@wanadoo.fr","suspect":0}
,{"lat":45.042129,"lng":3.883272,"name":"PHOTO TREVIS","web":"http://www.janine-trevis.com","txt":" Photographe illustrateur","wiki":null,"tel":"0471052595","postCode":43000,"city":"Le Puy-en-Velay","addr":"15, place du breuil, 43000 Le Puy en Velay","cat":"OD","email":"contact@janine-trevis.com","suspect":0}
,{"lat":45.044134,"lng":3.882786,"name":"VOISIN","web":"","txt":" Tapissier d'ameublement/tapissier décorateur","wiki":null,"tel":"0471040886","postCode":43000,"city":"Le Puy-en-Velay","addr":"9, rue Raphaël, 43000 Le Puy en Velay","cat":"OE","email":"dentelledupuy@wanadoo.fr","suspect":0}
,{"lat":45.295185,"lng":3.390527,"name":"les jardins de maxime","web":"","txt":"Maraîchage diversifié ( légumes, fruits rouges, fleurs, aromates, plants...)\nRetrouvez moi au pieds des marches de la mairie à Brioude tous les samedis matins (Avril à Novembre) pour le marché hebdomadaire, ou directement au jardin 2 rue Gabriel Péri à Brioude les mercredis de 16h00 à 19h00 (produits d'épicerie, pain etc. également disponible sur place)","wiki":null,"tel":"0678807516","postCode":43100,"city":"Brioude","addr":" 2 rue Gabriel Péri ","cat":"AM","email":"Lesjardinsdemaxime@yahoo.com","suspect":0}
,{"lat":45.26266,"lng":3.453705,"name":"FlorVital","web":"","txt":"","wiki":null,"tel":"0471767583","postCode":43100,"city":"Lavaudieu","addr":"Place Saint-André ","cat":"A","email":"","suspect":0}
,{"lat":45.303738,"lng":3.378224,"name":"LES PETITS FAUTEUILS D'AUDREY","web":"","txt":" Tapissier d'ameublement/tapissier décorateur","wiki":null,"tel":"0679037172","postCode":43100,"city":"Brioude","addr":"33, avenue d'auvergne, ","cat":"OE","email":"loyeraudrey@yahoo.fr","suspect":0}
,{"lat":45.305105,"lng":3.359721,"name":"MEUBLES GILLES AMAT","web":"","txt":" Ebéniste","wiki":null,"tel":"0684648131","postCode":43100,"city":"Paulhac","addr":"Route de Beaumont, ","cat":"OO","email":"meubles.amat@wanadoo.fr","suspect":0}
,{"lat":45.32357,"lng":4.169229,"name":"","web":"","txt":"","wiki":null,"tel":"0471584418","postCode":43120,"city":"Monistrol-sur-Loire","addr":"Le Bruchet 43120 Monistrol sur Loire","cat":"A","email":"","suspect":0}
,{"lat":45.295247,"lng":4.195836,"name":"Pépinières Fournel","web":"","txt":"","wiki":null,"tel":"0471616880","postCode":43120,"city":"Monistrol-sur-Loire","addr":"Le Cordu ","cat":"A","email":"","suspect":0}
,{"lat":45.288732,"lng":4.169562,"name":"Meubles DECROIX Ebenisterie","web":"http://meublesdecroix.fr","txt":"Vernisseur finisseur","wiki":null,"tel":"0471665507","postCode":43120,"city":"Monistrol-sur-Loire","addr":"6 bis avenue 11 novembre, 43120 MONISTROL SUR LOIRE","cat":"OO","email":"meublesdecroix@wanadoo.fr","suspect":0}
,{"lat":45.28756,"lng":4.161357,"name":"La Ferme des Paysans","web":"www.lafermedespaysans.fr","txt":"Produits : Rayon bio, Fruits, Légumes, Viandes, Traiteur et charcuterie, Volaille et lapin, Fromages, Oeufs et produits laitiers, Pain et patisseries, Miels et confitures, Huiles et vinaigres, Épicerie, Vins et alcools, Jus et sirops","wiki":null,"tel":"0471665509","postCode":43120,"city":"Monistrol-sur-Loire","addr":"Le Pêcher ","cat":"AG","email":"","suspect":0}
,{"lat":45.223041,"lng":4.068651,"name":"de la graine aux paniers","web":"","txt":"De la Graine aux Paniers a pour activité le maraîchage et la confection de produits dérivés (pain, pâte,...).","wiki":null,"tel":"0471615241","postCode":43130,"city":"Retournac","addr":" Lieu-dit la Bourange","cat":"AM","email":"","suspect":0}
,{"lat":45.250102,"lng":3.998485,"name":"ERUPTION","web":"http://www.emaillage-sur-lave.com","txt":" Emailleur","wiki":null,"tel":"0607718809","postCode":43130,"city":"Solignac-sous-Roche","addr":"La Sogne LA SOGNE, 43130 SOLIGNAC SOUS ROCHE","cat":"OP","email":"Murielle.GACHET@wanadoo.fr","suspect":0}
,{"lat":45.298811,"lng":4.367492,"name":"Après la mousson","web":"http://apres-la-mousson.com","txt":"Fabricant d'objets décoratifs en tissus (patchworks, tissus appliqués, coussins, drapeaux.)","wiki":null,"tel":"0671118716","postCode":43140,"city":"Saint-Victor-Malescours","addr":"Le Plait La Maison du Capitaine, 43140 Saint Victor Malescours","cat":"OE","email":"odilechabanelkurzaj@gmail.com","suspect":0}
,{"lat":45.290086,"lng":4.324767,"name":"ATELIER DE LANGELLIÈRE","web":"","txt":" Céramiste","wiki":null,"tel":"0471662890","postCode":43140,"city":"Saint-Victor-Malescours","addr":"43140 St Victor-Malescours","cat":"OP","email":"langelliere@cegetel.net","suspect":0}
,{"lat":44.903354,"lng":3.937711,"name":"","web":"","txt":"","wiki":null,"tel":"0668651610","postCode":43150,"city":"Saint-Martin-de-Fugères","addr":"Auteyrac ","cat":"A","email":"","suspect":0}
,{"lat":44.913095,"lng":4.134093,"name":"Les Fermiers du Mézenc","web":"","txt":"","wiki":null,"tel":"0471083430","postCode":43150,"city":"Les Estables","addr":"Le Bourg 43150 Estables","cat":"AG","email":"","suspect":0}
,{"lat":45.338418,"lng":3.694711,"name":"la ferme des mellys","web":"http://www.gebnout.fr/","txt":"La Ferme des Mellys confectionne une gamme de produits 100 % végétale composée de plantes sauvages et céréales de variétés anciennes.","wiki":null,"tel":"0471000845","postCode":43160,"city":"La Chaise-Dieu","addr":" Baffour","cat":"A","email":"","suspect":0}
,{"lat":45.278405,"lng":3.718146,"name":"BÉRODOT","web":"http://www.casadart.fr","txt":"Potier de porcelaine","wiki":null,"tel":"0471009280","postCode":43160,"city":"Sembadel","addr":"Sembadel - Bourg, 43160 La Chaise Dieu","cat":"OP","email":"berodot@casadart.fr","suspect":0}
,{"lat":45.130096,"lng":4.252299,"name":"","web":"","txt":"","wiki":null,"tel":"0471560373","postCode":43190,"city":"Chenereilles","addr":"Le Suchairoux ","cat":"A","email":"","suspect":0}
,{"lat":45.094144,"lng":4.054813,"name":"jardins de l'herm","web":"https://www.facebook.com/jorisduclaut","txt":"Maraîcher sur la commune du Pertuis, je propose une gamme d'une trentaine de légumes + plants d'Arnica Montana. Vente à la ferme le mercredi et vendredi soir.","wiki":null,"tel":"0680685061","postCode":43200,"city":"Le Pertuis","addr":" L'herm","cat":"AM","email":"jorisduclaut@hotmail.fr","suspect":0}
,{"lat":45.140168,"lng":4.154185,"name":"L'Escargot d'Yssi","web":"","txt":"","wiki":null,"tel":"0631791975","postCode":43200,"city":"Yssingeaux","addr":"Le Neyrial ","cat":"A","email":"","suspect":0}
,{"lat":45.089847,"lng":4.156806,"name":"","web":"","txt":"","wiki":null,"tel":"0603951081","postCode":43200,"city":"Araules","addr":"leygat 43200 araules","cat":"A","email":"","suspect":0}
,{"lat":45.144409,"lng":4.112712,"name":"Saveurs des Fermes d’Yssi","web":"","txt":"Produits : Fruits, Légumes, Poissons, Viandes, Traiteur et charcuterie, Volaille et lapin, Fromages, Oeufs et produits laitiers, Miels et confitures, Huiles et vinaigres, Vins et alcools, Jus et sirops","wiki":null,"tel":"0471652087","postCode":43200,"city":"Yssingeaux","addr":"Route de Retournac ","cat":"AG","email":"","suspect":0}
,{"lat":45.190931,"lng":4.380224,"name":"Virginie Lauret","web":"","txt":"","wiki":null,"tel":"0631631845","postCode":43220,"city":"Dunières","addr":"Limenesse ","cat":"A","email":"","suspect":0}
,{"lat":45.23158,"lng":4.39778,"name":"ORGUES GAGNAIRE","web":"","txt":"Facteur et restaurateur de pianos","wiki":null,"tel":"0471753265","postCode":43220,"city":"Riotord","addr":"2 montée du Collet, ","cat":"OL","email":"","suspect":0}
,{"lat":45.208238,"lng":3.46382,"name":"UN PENCHANT POUR ...","web":"","txt":" Potier de grès","wiki":null,"tel":"0471743918","postCode":43230,"city":"Salzuit","addr":"le bourg, ","cat":"OP","email":"annedelan@wanadoo.fr","suspect":0}
,{"lat":45.047533,"lng":4.029424,"name":"biofloral","web":"http://www.biofloral.fr/","txt":"BIOFLORAL se consacre à l'élaboration manuelle et artisanale de produits naturels et 100% Bio (huiles essentielles, baumes,...).","wiki":null,"tel":"0471030949","postCode":43260,"city":"Saint-Pierre-Eynac","addr":" Les Jardins d'Espaladous Le Crouzet","cat":"A","email":"","suspect":0}
,{"lat":45.016186,"lng":4.071611,"name":"jardin de la tortue","web":"","txt":"Le Jardin de la Tortue cultive fruits et légumes et vend des produits dérivés (chutneys, boissons,...).","wiki":null,"tel":"0471034220","postCode":43260,"city":"Saint-Julien-Chapteuil","addr":" Lieu-dit Tiboulet 43260 Montusclat ","cat":"AM","email":"","suspect":0}
,{"lat":45.060277,"lng":4.108368,"name":"escargots des sucs","web":"","txt":"","wiki":null,"tel":"0670565171","postCode":43260,"city":"Queyrières","addr":"monedeyres les hautes ","cat":"A","email":"","suspect":0}
,{"lat":45.006078,"lng":4.010924,"name":"L'ATELIER DU MEUBLE","web":"","txt":"Vernisseur finisseur","wiki":null,"tel":"0471050555","postCode":43260,"city":"Lantriac","addr":"La Collange, ","cat":"OO","email":"nathalie.issartel@wanadoo.fr","suspect":0}
,{"lat":45.116676,"lng":3.644864,"name":"les ruches du haut-allier","web":"https://www.facebook.com/RuchesHtAllier/","txt":"Apiculteur professionnel implanté en Auvergne, dans les gorges de l'Allier :\n- Vente directe de produits de la ruche,\n- Transformation alimentaire,\n- Service de pollinisation.","wiki":null,"tel":"0781048080","postCode":43300,"city":"Vissac-Auteyrac","addr":" Lachaud-Curmilhac","cat":"AA","email":"RuchesHtAllier@gmail.com","suspect":0}
,{"lat":45.061846,"lng":3.643967,"name":"joel clavel","web":"","txt":"Cultivateur de légumineuse, il confectionne des produits laitiers issue du lait de vache.","wiki":null,"tel":"0471742965","postCode":43300,"city":"Siaugues-Sainte-Marie","addr":" Lieu-dit Rilhac","cat":"AF","email":"","suspect":0}
,{"lat":45.101599,"lng":3.492719,"name":"DENIS RICHARD EBENISTE","web":"","txt":"Vernisseur finisseur","wiki":null,"tel":"0471771119","postCode":43300,"city":"Langeac","addr":"Avenue de la Gare, ","cat":"OO","email":"denis.richard6@wanadoo.fr","suspect":0}
,{"lat":45.098979,"lng":3.495994,"name":"Derrière le verre","web":"http://https://www.derriereleverre.com","txt":" Maître-verrier (ou Vitrailliste)","wiki":null,"tel":"0624171517","postCode":43300,"city":"Langeac","addr":"1 rue Lecomte, ","cat":"OR","email":"derriereleverre@gmx.fr","suspect":0}
,{"lat":45.098945,"lng":3.496552,"name":"Esther Farrache","web":"http://estherfarrache.com","txt":"Joaillier","wiki":null,"tel":"0652973731","postCode":43300,"city":"Langeac","addr":"11b rue St Pierre de Chavanon, ","cat":"OB","email":"esther.farrache@gmail.com","suspect":0}
,{"lat":45.070386,"lng":3.747676,"name":"LES CHAUMIERS DU MEZENC","web":"","txt":" Chaumier","wiki":null,"tel":"0471083167","postCode":43320,"city":"Chaspuzac","addr":"2 chemin du pré de pouille, 43320 CHASPUZAC","cat":"OM","email":"pierre-Gimbert@bbox.fr","suspect":0}
,{"lat":45.068327,"lng":3.694064,"name":"Les roches qui dansent","web":"http://www.lesrochesquidansent.com","txt":"Sculpteur sur pierre","wiki":null,"tel":"0782157027","postCode":43320,"city":"Saint-Jean-de-Nay","addr":"Le bourg, 43320 Saint Jean de Nay","cat":"OZ","email":"elise.tracs@gmail.com","suspect":0}
,{"lat":45.130235,"lng":3.822126,"name":"david chalendard","web":"","txt":"Maraîcher horticulteur, il cultive légumineuses et oléo-protéagineux à Saint-Paulien.","wiki":null,"tel":"0661305202","postCode":43350,"city":"Saint-Paulien","addr":" Vialette","cat":"AM","email":"","suspect":0}
,{"lat":45.10778,"lng":3.820342,"name":"ARTISANAT DU CUIR","web":"http://artcuir.fr","txt":"Sculpteur sur cuir","wiki":null,"tel":"0471005018","postCode":43350,"city":"Saint-Paulien","addr":"Place de l'Eglise, ","cat":"OT","email":"artisanducuir@yahoo.fr","suspect":0}
,{"lat":44.951571,"lng":3.888017,"name":"SARL MAP","web":"","txt":"Tailleur de pierre","wiki":null,"tel":"0699646571","postCode":43370,"city":"Solignac-sur-Loire","addr":"route de la gare, ","cat":"OZ","email":"sarlmap43@sfr.fr","suspect":0}
,{"lat":45.134433,"lng":3.449402,"name":"edouard mortier","web":"","txt":"Maraîcher horticulteur à Aubazat, il propose également des plants.","wiki":null,"tel":"0471774593","postCode":43380,"city":"Aubazat","addr":" Lieu-dit Francon","cat":"AM","email":"","suspect":0}
,{"lat":45.200588,"lng":3.389624,"name":"ATELIER CATHY","web":"http://cj.boidard.free.fr","txt":" Peintre décorateur sur tissu","wiki":null,"tel":"0471747134","postCode":43380,"city":"Villeneuve-d'Allier","addr":"Route de Brioude  La Doualène, 43380 Villeneuve d'Allier","cat":"OE","email":"cathyboidard@free.fr","suspect":0}
,{"lat":45.194333,"lng":3.388742,"name":"Couleurs d'avant","web":"http://www.couleursdavant.com","txt":" Peintre sur bois","wiki":null,"tel":"0630760688","postCode":43380,"city":"Saint-Ilpize","addr":"Maison des Artisans Place du Plain, 43380 SAINT ILPIZE","cat":"OO","email":"couleursdavant@gmail.com","suspect":0}
,{"lat":45.199184,"lng":3.38243,"name":"SARAH GAULTIER","web":"http://www.unange-passe.fr","txt":" Tailleur-couturier","wiki":null,"tel":"0607080545","postCode":43380,"city":"Villeneuve-d'Allier","addr":"Le Bourg, ","cat":"HT","email":"contact@unange-passe.fr","suspect":0}
,{"lat":45.382,"lng":3.445,"name":"AU TOURNE-SOL","web":"http://www.poterie-autournesol.fr","txt":"Tourneur céramique","wiki":null,"tel":"0471761381","postCode":43390,"city":"Saint-Hilaire","addr":"Bonjour, 43390 St. Hilaire","cat":"A","email":"angelika.lebe@wanadoo.fr","suspect":0}
,{"lat":45.072826,"lng":4.325629,"name":"ARLETTE ET MARC SIMON CéRAMISTES","web":"http://www.eaclesroches.com","txt":" Céramiste","wiki":null,"tel":"0471592668","postCode":43400,"city":"Le Chambon-sur-Lignon","addr":"Les Roches, 43400 Chambon-sur-Lignon","cat":"OP","email":"simon.ceramistes@gmail.com","suspect":0}
,{"lat":45.049425,"lng":4.37185,"name":"CHEYNE ÉDITEUR","web":"http://www.cheyne-editeur.com","txt":" Imprimeur en typographie","wiki":null,"tel":"0471597646","postCode":43400,"city":"Le Chambon-sur-Lignon","addr":"Lieu-dit Cheyne, ","cat":"OD","email":"cheyne-editeur@wanadoo.fr","suspect":0}
,{"lat":45.370631,"lng":3.530791,"name":"ENTRE A&M","web":"","txt":"Sculpteur statuaire","wiki":null,"tel":"0630978103","postCode":43440,"city":"Saint-Vert","addr":"Salcruz, 43440 Saint Vert","cat":"OF","email":"lmcreation@club-internet.fr","suspect":0}
,{"lat":45.319266,"lng":3.166093,"name":"brasserie alagnon","web":"http://www/brasserie-alagnon.fr","txt":"La Brasserie Alagnon confectionne des bières de fermentation haute, non filtrées, refermentées en bouteilles ou en fûts sous le nom de \"la Damoizelle\".","wiki":null,"tel":"0471741890","postCode":43450,"city":"Blesle","addr":" La Bonale","cat":"AB","email":"brasserie.alagnon@gmail.com","suspect":0}
,{"lat":45.324698,"lng":3.17349,"name":"POTERIE DE LA SOURCE","web":"","txt":" Potier de grès","wiki":null,"tel":"0471762886","postCode":43450,"city":"Blesle","addr":"Chadecol, ","cat":"OP","email":"ph.gilibert@orange.fr","suspect":0}
,{"lat":45.324921,"lng":4.006981,"name":"Producteurs Fermiers de la Contrée de Chalencon","web":"","txt":"","wiki":null,"tel":"0471613994","postCode":43500,"city":"Boisset","addr":"Le Bourg ","cat":"AG","email":"","suspect":0}
,{"lat":45.267374,"lng":4.007575,"name":"les huiles essentielles de cherchebrot","web":"http://www.huilesessentiellescherchebrot.com/","txt":"artisan distillateur d'huiles essentielles et eau florales a Tiranges , lieu dit cherchebrot\ndistillation a la vapeur d'eau basse pression avec un procédé innovant ,plus respectueux des essences ,production de lavande fine sur place camomille ;distillation d'essences locales resineux angelique ,achillée millefeuille ,carotte sauvage ...","wiki":null,"tel":"0471561397","postCode":43530,"city":"Tiranges","addr":" lieu dit Cherchebrot","cat":"P","email":"cherchebrot.he@yahoo.fr","suspect":0}
,{"lat":44.978085,"lng":3.633846,"name":"DOMAINE DE DOUX CHÊNE","web":"http://www.domainededouxchene.com","txt":"Tisserand","wiki":null,"tel":"0471572288","postCode":43580,"city":"Monistrol-d'Allier","addr":"Douchanez, 43580 Monistrol d'Allier","cat":"HT","email":"mambrizout@aol.com","suspect":0}
,{"lat":44.986052,"lng":3.710468,"name":"MOREAU J-F","web":"","txt":" Maroquinier","wiki":null,"tel":"0471572230","postCode":43580,"city":"Saint-Privat-d'Allier","addr":"le bourg, 43580 St Didier d'allier","cat":"OT","email":"jfm.moreau@laposte.net","suspect":0}
,{"lat":45.248454,"lng":4.069221,"name":"le mas de l'ane","web":"http://www.savonnerieduvelay.com/","txt":"Le Mas de l'Ane confectionne des savons bio au lait d'ânesse selon la méthode de  saponification à froid.","wiki":null,"tel":"0471619621","postCode":43590,"city":"Beauzac","addr":" Grand Champ","cat":"P","email":"nostrechamin@hotmail.fr","suspect":0}
,{"lat":45.223558,"lng":4.266185,"name":"L'ATELIER DES VENTS","web":"http://www.m-atelierdesvents.fr","txt":"Facteur et restaurateur d'instruments traditionnels","wiki":null,"tel":"0471750466","postCode":43620,"city":"Saint-Pal-de-Mons","addr":"Villedemont, 43620 St Pal de Mons","cat":"OL","email":"michel.atelierdesvents@orange.fr","suspect":0}
,{"lat":44.995608,"lng":3.917578,"name":"CHAIZE PASCAL","web":"","txt":"Restaurateur de meubles","wiki":null,"tel":"0471088874","postCode":43700,"city":"Coubon","addr":"lot. le parc, ","cat":"OO","email":"pascal.chaize@tiscali.fr","suspect":0}
,{"lat":45.054787,"lng":3.964213,"name":"Flavien Barrois","web":"http://www.flavienbarrois.fr","txt":"Lapidaire","wiki":null,"tel":"0771576732","postCode":43700,"city":"Saint-Germain-Laprade","addr":"474 Avenue René Descartes, ","cat":"OB","email":"contact@flavienbarrois.fr","suspect":0}
,{"lat":45.047769,"lng":3.928816,"name":"TERRE DE LUMIÈRE","web":"http://www.terredelumiere.net","txt":"Potier raku","wiki":null,"tel":"0677948665","postCode":43700,"city":"Brives-Charensac","addr":"14, route de Lyon, 43700 Brives-charensac","cat":"OP","email":"genevieve.gleyze-rome@club-internet.fr","suspect":0}
,{"lat":45.187065,"lng":3.886539,"name":"le chevrou","web":"","txt":"Jérôme, Hervé et Sandrine, vous accueillent à la ferme pour vous faire découvrir leurs produits au lait de chèvres.\nDu fromages en passant par la faisselle, les crèmes dessert, la tomme.... 100% lait de nos chèvres.","wiki":null,"tel":"0672206604","postCode":43800,"city":"Vorey","addr":" 32 route des Côtes ","cat":"AF","email":"","suspect":0}
]}