{"id":45,"producers":[
{"lat":47.902697,"lng":1.899844,"name":"ARTISA'NAT","web":"http://www.artisa-nat.com","txt":"Tapissier d'ameublement/tapissier décorateur","wiki":null,"tel":"0660872544","postCode":45000,"city":"Orléans","addr":"41, rue d'Illiers, 45000 ORLEANS","cat":"O","email":"artisa-nat@wanadoo.fr"}
,{"lat":47.910834,"lng":1.893191,"name":"ATELIER FRANCOIS BRINGAS","web":"","txt":" Tapissier d'ameublement/tapissier décorateur","wiki":null,"tel":"0661784484","postCode":45000,"city":"Orléans","addr":"103, boulevard de Châteaudun, 45000 ORLEANS","cat":"O","email":"f-bringas@orange.fr"}
,{"lat":47.90427,"lng":1.90927,"name":"ATELIER MARIE WOLF","web":"http://www.ateliermariewolf.com","txt":" Modéliste","wiki":null,"tel":"0620567631","postCode":45000,"city":"Orléans","addr":"16, rue Théophile Chollet, ","cat":"O","email":"atelier.marie.wolf@wanadoo.fr"}
,{"lat":47.899921,"lng":1.906927,"name":"CREAT'M","web":"","txt":" Mosaïste","wiki":null,"tel":"0238726948","postCode":45000,"city":"Orléans","addr":"267, rue de Bourgogne, 45000 ORLEANS","cat":"O","email":"creatmm@orange.fr"}
,{"lat":47.89986,"lng":1.905762,"name":"CREATOR","web":"http://www.creator45.com","txt":" Joaillier","wiki":null,"tel":"0238533235","postCode":45000,"city":"Orléans","addr":"295, rue de Bourgogne, ","cat":"O","email":"contact@creator45.com"}
,{"lat":47.903658,"lng":1.89825,"name":"SARL Michel Parmenon","web":"http://www.parmenon-flute.com","txt":" Facteur et restaurateur d'instruments à vent en métal (cuivre, argent, or.)","wiki":null,"tel":"0238420910","postCode":45000,"city":"Orléans","addr":"49 rue du colombier, 45000 ORLEANS","cat":"O","email":"contact@parmenon-flute.com"}
,{"lat":47.899483,"lng":1.907443,"name":"TAILLANDERIE ALEXIS","web":"","txt":" Coutelier","wiki":null,"tel":"0238539187","postCode":45000,"city":"Orléans","addr":"29, rue du Poirier, ","cat":"O","email":""}
,{"lat":47.885337,"lng":1.895893,"name":"ALCOCK","web":"","txt":"Peintre en décor","wiki":null,"tel":"0603953222","postCode":45100,"city":"Orléans","addr":"75, rue de la cigogne, ","cat":"O","email":"philip.alcock@wanadoo.fr"}
,{"lat":47.883507,"lng":1.901998,"name":"MISS GRENADINE","web":"http://www.missgrenadine.com","txt":"Modéliste","wiki":null,"tel":"0238560295","postCode":45100,"city":"Orléans","addr":"11 passage du Moins Roux, ","cat":"O","email":"info@missgrenadine.com"}
,{"lat":47.859951,"lng":2.277424,"name":"ABBAMETAL","web":"","txt":" Ferronnier","wiki":null,"tel":"0238582389","postCode":45110,"city":"Saint-Martin-d'Abbat","addr":"58, rue des Maux Petits, 45110 St Martin d'Abbat","cat":"O","email":"abbametal@orange.fr"}
,{"lat":47.863633,"lng":2.22108,"name":"CENTRE DE FORMATION DE RESTAURATION DU PATRIMOINE ECRIT","web":"http://www.coeur-de-france.com/maupin.html","txt":"Restaurateur de reliures","wiki":null,"tel":"0662576173","postCode":45110,"city":"Châteauneuf-sur-Loire","addr":"3 ter rue Abbadie, 45110 Chateauneuf-sur-Loire","cat":"O","email":"olivier.maupin@wanadoo.fr"}
,{"lat":47.859466,"lng":2.278744,"name":"MATIGNON NICOLE","web":"","txt":"Fabricant et restaurateur de lustres et luminaires","wiki":null,"tel":"0676756271","postCode":45110,"city":"Saint-Martin-d'Abbat","addr":"70, rue des Maux Petits, 45110 Saint Martin D' Abbat","cat":"O","email":"murielmat@aliceadsl.fr"}
,{"lat":48.006769,"lng":2.738007,"name":"L'ATELIER D'EXCEPTION","web":"http://www.atelier-exception.fr","txt":"Peintre sur porcelaine","wiki":null,"tel":"0238987213","postCode":45120,"city":"Châlette-sur-Loing","addr":"154, rue Gambetta, ","cat":"O","email":"info@atelier-exception.fr"}
,{"lat":47.805659,"lng":1.662361,"name":"CERAMIQUES LARISTAN","web":"http://www.ceramiques-laristan.com ","txt":"Tourneur céramique","wiki":null,"tel":"0681692328","postCode":45130,"city":"Baule","addr":"rue de l'Orme aux loups  Z.A. les Bredanes, ","cat":"O","email":"info@ceramiques-laristan.com"}
,{"lat":47.936527,"lng":1.613831,"name":"IGOR WOLINSKI","web":"http://www.igorwolinski.fr","txt":" Maître-verrier (ou Vitrailliste)","wiki":null,"tel":"0680899641","postCode":45130,"city":"Épieds-en-Beauce","addr":"34 Saintry, 45130 Epieds-en-Beauce","cat":"O","email":"info@igorwolinski.fr"}
,{"lat":47.843843,"lng":2.162224,"name":"la ferme aux abeilles","web":"","txt":"Vente de fruits et légumes, herbes aromatiques et miels.","wiki":null,"tel":"0238580129","postCode":45150,"city":"Ouvrouer-les-Champs","addr":" 56 route des Chevaliers","cat":"AM","email":"mat-rix@wanadoo.fr"}
,{"lat":47.80176,"lng":1.598662,"name":"PHILIPPE DEVOYER","web":"","txt":" Armurier","wiki":null,"tel":"0681538657","postCode":45190,"city":"Villorceau","addr":"3, rue du Mée, ","cat":"O","email":"cdevoyer@yahoo.fr"}
,{"lat":47.959486,"lng":2.7558,"name":"PLAT net GREEN","web":"","txt":"MARAICHER HORTICULTEUR","wiki":null,"tel":"0756945200","postCode":45200,"city":"Amilly","addr":"634 RUE DE VILLENEUVE 45200 AMILLY","cat":"AM","email":""}
,{"lat":47.982649,"lng":2.752038,"name":"CRISTALLERIE D'ART JEAN HARTWIG","web":"http://www.cristallerie-hartwig.com   www.paperweigths.cristallerie-hartwig.com","txt":"Verrier","wiki":null,"tel":"0651768783","postCode":45200,"city":"Amilly","addr":"1010, rue de la Nivelle, ","cat":"O","email":"jh54@cristallerie-hartwig.com"}
,{"lat":47.996286,"lng":2.734976,"name":"D'ÉTOFFE EN BEAUTÉ","web":"","txt":"Tailleur-couturier","wiki":null,"tel":"0686929235","postCode":45200,"city":"Montargis","addr":"9, rue de la Poterne, 45200 MONTARGIS","cat":"O","email":"myriampascal.berry@free.fr"}
,{"lat":47.997965,"lng":2.733948,"name":"LE CLAIR DE VERRE","web":"http://leclairdeverre.fr","txt":"Restaurateur de vitraux","wiki":null,"tel":"0238934250","postCode":45200,"city":"Montargis","addr":"27 rue du Loing, ","cat":"O","email":"leclairdeverre@laposte.net"}
,{"lat":48.121313,"lng":2.96206,"name":"Rucher des 4 Vallées","web":"","txt":"APICULTEUR PROFESSIONNEL","wiki":null,"tel":"0607236777","postCode":45210,"city":"Rozoy-le-Vieil","addr":"72 CHEMIN DU BOIS DE BASLIN 45210 ROZOY LE VIEIL","cat":"AA","email":""}
,{"lat":48.110858,"lng":2.790919,"name":"L'ATELIER TOOKI BON YAKI","web":"","txt":"Tourneur céramique","wiki":null,"tel":"0668383259","postCode":45210,"city":"Ferrières-en-Gâtinais","addr":"Maison des métiers d'art 18, Grande Rue, 45210 Ferrieres-en-Gatinais","cat":"O","email":"ateliertookibonyaki@hotmail.fr"}
,{"lat":48.064051,"lng":2.895005,"name":"Natacha MONDON et Éric PIERRE","web":"http://https://www.natachamondonericpierre.fr","txt":"Verrier","wiki":null,"tel":"0679660277","postCode":45210,"city":"La Selle-sur-le-Bied","addr":"5, rue de Bretagne, ","cat":"O","email":"atelier.natmonde@wanadoo.fr"}
,{"lat":47.925916,"lng":2.923514,"name":"vergers de la bernillière","web":"","txt":"vente au detail du lundi au samedi ( 8h à12h) (15h à 19h)","wiki":null,"tel":"0232382123","postCode":45220,"city":"Château-Renard","addr":" 200 rte de gy","cat":"A","email":""}
,{"lat":47.986272,"lng":2.85025,"name":"RAYMONDE POUZIEUX","web":"","txt":" Passementier","wiki":null,"tel":"0238946358","postCode":45220,"city":"Saint-Germain-des-Prés","addr":"Ferme les Métairies 37 chemin des Guiberts, ","cat":"O","email":"r.pouzieu@orange.fr"}
,{"lat":47.68361,"lng":1.79032,"name":"TUILERIE DE LA BRETECHE","web":"http://wwww.tuilerie-de-la-breteche.fr","txt":"Paveur-dalleur","wiki":null,"tel":"0238454388","postCode":45240,"city":"Ligny-le-Ribault","addr":"Tuilerie de la Breteche, ","cat":"O","email":"info@tuilerie-de-la-breteche.fr"}
,{"lat":47.638408,"lng":2.740765,"name":"Cadre et Loire","web":"","txt":" Encadreur","wiki":null,"tel":"0681091638","postCode":45250,"city":"Briare","addr":"22 rue des Bordes, 45250 BRIARE","cat":"O","email":"cadres.loire@orange.fr"}
,{"lat":48.002004,"lng":2.380905,"name":"le jardin des sablons","web":"https://www.facebook.com/Lejardindessablonsnesploy","txt":"Le jardin des Sablons est créé depuis janvier 2021. Notre ferme est en maraichage biologique, d'une surface de 1200m2 de tunnels froids et env 1ha de plein champ. Notre volonté de produire des légumes de qualités, frais et variés, et de commercialer localement dans un rayon de 30 km ( vente directe, marchés, épiceries rurales, restaurants, cantines scolaires). La ferme opère selon les principes de l’agro-écologie et du maraîchage bio-intensif","wiki":null,"tel":"0672075737","postCode":45270,"city":"Nesploy","addr":" 3 chemin de st phayer","cat":"AM","email":"lozeyann@gmail.com"}
,{"lat":47.982552,"lng":2.418697,"name":"regnier bruno producteur maraicher","web":"","txt":"producteur maraîcher","wiki":null,"tel":"0641460188","postCode":45270,"city":"Quiers-sur-Bezonde","addr":" 636 chemin de la lambiniere 45270 quiers sur bezonde le loiret 45270 Bellegarde ","cat":"AM","email":"pepiniereregnier@orange.fr"}
,{"lat":48.177589,"lng":2.303739,"name":"La Ferme de Montcelard","web":"","txt":"Céréalier","wiki":null,"tel":"0674127267","postCode":45300,"city":"Estouy","addr":"Montcelard ","cat":"AC","email":""}
,{"lat":48.000808,"lng":1.724555,"name":"sas la cabane d'Agathe","web":"","txt":"producteur","wiki":null,"tel":"0659040611","postCode":45310,"city":"Saint-Péravy-la-Colombe","addr":"6 chesne 45310 st peravy la colombe","cat":"AC","email":""}
,{"lat":48.011637,"lng":1.553308,"name":"J-D BELLAMY","web":"http://www.jenda-bellamy.fr","txt":"Tailleur de pierre","wiki":null,"tel":"0640401782","postCode":45310,"city":"Villamblain","addr":"27 rue Château d'Eau, ","cat":"O","email":"contact@jenda-bellamy.fr"}
,{"lat":48.029429,"lng":3.030327,"name":"Huilerie des Fouets","web":"","txt":"Huilier","wiki":null,"tel":"0689916813","postCode":45320,"city":"Courtenay","addr":"Les Fouets ","cat":"AO","email":""}
,{"lat":48.051007,"lng":2.293322,"name":"\"la safranaise\"","web":"","txt":"Safranière","wiki":null,"tel":"0238321764","postCode":45340,"city":"Chambon-la-Forêt","addr":" \"Le Bout d'en Haut\" 7 rue de Bellevue","cat":"AO","email":"3fleurs@sfr.fr"}
,{"lat":48.084857,"lng":2.365221,"name":"Damien Leroy","web":"","txt":"Agriculteur","wiki":null,"tel":"0679910790","postCode":45340,"city":"Batilly-en-Gâtinais","addr":"30 rue des Six Maisons Arconville ","cat":"AC","email":""}
,{"lat":47.590342,"lng":2.752872,"name":"BLONDY EBENISTE RESTAURATEUR","web":"","txt":"Restaurateur de meubles","wiki":null,"tel":"0670518424","postCode":45360,"city":"Châtillon-sur-Loire","addr":"4 bis, rue du Cormier, 45360 Chatillon-sur-Loire","cat":"O","email":"cuben@neuf.fr"}
,{"lat":47.795026,"lng":1.721317,"name":"ATELIER DE VANNERIE","web":"","txt":" Vannier","wiki":null,"tel":"0238459587","postCode":45370,"city":"Dry","addr":"493 rue Jésus, ","cat":"O","email":"maraquin.dominique@orange.fr"}
,{"lat":47.824852,"lng":1.761857,"name":"SANTONS SOLOGNOTS","web":"http://www.santons-solognots.fr","txt":" Santonnier","wiki":null,"tel":"0238457399","postCode":45370,"city":"Cléry-Saint-André","addr":"190, rue du Maréchal Foch, 45370 Clery-Saint-André","cat":"O","email":"contact@santons-solognots.fr"}
,{"lat":47.893922,"lng":1.851342,"name":"TAILLARDAT","web":"http://www.taillardat.fr","txt":"Vernisseur finisseur","wiki":null,"tel":"0238512403","postCode":45380,"city":"La Chapelle-Saint-Mesmin","addr":"Parc d'activités de la Saussaye - 955 Rue des Bruyères, 45075 ORLEANS","cat":"O","email":"contact@taillardat.fr"}
,{"lat":48.204045,"lng":2.469406,"name":"DPSM","web":"http://www123.decors-peints.com","txt":" Peintre en décor","wiki":null,"tel":"0682188056","postCode":45390,"city":"Puiseaux","addr":"Rue de la République, 45390 PUISEAUX","cat":"O","email":"elidecorpeint@wanadoo.fr"}
,{"lat":47.922325,"lng":1.91226,"name":"ATELIER SOLOGNOT","web":"http://www.ateliersolognot.fr","txt":" Coutelier","wiki":null,"tel":"0612761120","postCode":45400,"city":"Fleury-les-Aubrais","addr":"26, rue Pierre brossolette, 45400 Fleury les Aubrais","cat":"O","email":"contact@ateliersolognot.fr"}
,{"lat":47.969107,"lng":1.96639,"name":"CHEVILLOTTE SAS","web":"http://www.chevillotte.com","txt":"Tourneur sur bois","wiki":null,"tel":"0660368973","postCode":45400,"city":"Chanteau","addr":"PA des Montées  - 23 rue Jean Moulin, 45072 Orléans","cat":"O","email":"p.courtemanche@chevillotte.com"}
,{"lat":47.90588,"lng":1.994005,"name":"les abeilles de chécy","web":"https://www.les-abeilles-de-checy.fr/","txt":"Nous sommes apiculteurs dans le Loiret.\nInstallée à Chécy (à 7 km d'Orléans), notre petite exploitation apicole comprend une cinquantaine de ruches et bénéficie d'un environnement protégé, inscrit au patrimoine mondial de l'Unesco.\nNous pratiquons une apiculture naturelle.","wiki":null,"tel":"0670275383","postCode":45430,"city":"Chécy","addr":" 20 rue du Quillard","cat":"AA","email":"valerie-marc-reynol@orange.fr"}
,{"lat":47.798502,"lng":2.380257,"name":"Les ZZZ'HappyCulteurs","web":"","txt":"Apiculteur","wiki":null,"tel":"0643428585","postCode":45460,"city":"Bonnée","addr":"7 rue de chappe ","cat":"AA","email":""}
,{"lat":47.944314,"lng":2.069654,"name":"ferme de champagne","web":"http://www.fermedechamapgne.fr","txt":"PRODUCTEUR DE POMMES, POIRES, COINGS, CERISES, ASPERGES, CONFITURES, JUS, ETC + BOUTIQUE DE VENTE DIRECTE A LA FERME AVEC 40 PRODUCTEURS LOCAUX","wiki":null,"tel":"0624364337","postCode":45470,"city":"Traînou","addr":" 378 RUE DE CHAMPAGNE","cat":"AF","email":"fermedechampagne@gmail.com"}
,{"lat":47.978138,"lng":2.101872,"name":"ATELIER D'ART GRAPHIQUE","web":"","txt":"Peintre en décor","wiki":null,"tel":"0238655556","postCode":45470,"city":"Traînou","addr":"230, rue de la Motte Moreau, 45470 TRAINOU","cat":"O","email":"ateliergraphique.ledreau@orange.fr"}
,{"lat":48.144121,"lng":2.078438,"name":"HUILERIE LALUQUE","web":"","txt":"AGRICULTRICE -HUILIER","wiki":null,"tel":"0682121935","postCode":45480,"city":"Bazoches-les-Gallerandes","addr":"15 rue de la fontaine IZY 45480 Bazoches les gallerandes","cat":"AO","email":""}
,{"lat":47.686715,"lng":2.643889,"name":"earl jean claude et cindy mellot","web":"http://coteauxdugiennois-jcmellot.com","txt":"Jean Claude est viticulteur depuis 1984 et à son compte en tant que viticulteur à titre principal depuis 1991, et au 1er janvier 2015, sa fille Cindy est associée avec lui en Earl","wiki":null,"tel":"","postCode":45500,"city":"Gien","addr":" 6 résidence le petit parc ","cat":"A","email":"chmell@orange.fr"}
,{"lat":47.688848,"lng":2.540161,"name":"EARL Sologne Autruches","web":"","txt":"Producteur et éleveur d'autruches","wiki":null,"tel":"0238369114","postCode":45500,"city":"Saint-Gondon","addr":"La Gravière ","cat":"AV","email":""}
,{"lat":47.655947,"lng":2.655437,"name":"Atelier Ocre et Barbotine","web":"","txt":"Potier de terre cuite","wiki":null,"tel":"0617508096","postCode":45500,"city":"Saint-Martin-sur-Ocre","addr":"161 rue des Marnis, 45500 St Martin sur Ocre","cat":"O","email":"barryma@orange.fr"}
,{"lat":47.688895,"lng":2.622039,"name":"FAÏENCERIE DE GIEN","web":"http://www.gien.com","txt":"Restaurateur de faïence et de porcelaine","wiki":null,"tel":"0238670005","postCode":45500,"city":"Gien","addr":"78, place de la Victoire, ","cat":"O","email":""}
,{"lat":47.598449,"lng":2.599826,"name":"PIERRE ET PASSION","web":"","txt":"Tailleur de pierre","wiki":null,"tel":"0238368257","postCode":45500,"city":"Autry-le-Châtel","addr":"16, rue du Tonnerre, 45500 AUTRY LE CHÂTEL","cat":"O","email":"alain.chanteloup0765@orange.fr"}
,{"lat":47.771177,"lng":2.42773,"name":"Domaine de l'Orme","web":"","txt":"Eleveur bovin","wiki":null,"tel":"0781731484","postCode":45570,"city":"Ouzouer-sur-Loire","addr":"L'Orme ","cat":"AV","email":""}
,{"lat":47.832591,"lng":1.968652,"name":"Chimène D","web":"http://www.chimened.com","txt":" Brodeur","wiki":null,"tel":"0660803197","postCode":45590,"city":"Saint-Cyr-en-Val","addr":"70 rue du 11 Novembre 1918, 45590 SAINT CYR EN VAL","cat":"O","email":"contact@chimened.com"}
,{"lat":47.800914,"lng":2.266473,"name":"EARL Aubier","web":"","txt":"Maraicher","wiki":null,"tel":"0238580311","postCode":45600,"city":"Guilly","addr":"Ménivelle ","cat":"AM","email":""}
,{"lat":47.85372,"lng":2.026381,"name":"Poterie Mirette","web":"","txt":"Tourneur céramique","wiki":null,"tel":"","postCode":45640,"city":"Sandillon","addr":"1087 rue du Dhiot, ","cat":"O","email":"poteriemirette@gmail.com"}
,{"lat":47.625577,"lng":2.493235,"name":"Les Billots de Sologne","web":"http://www.billot-sologne.com","txt":" Ebéniste","wiki":null,"tel":"0630916034","postCode":45720,"city":"Coullons","addr":"11, rue des Prés, ","cat":"O","email":"sgerard@billot-sologne.com"}
,{"lat":47.890207,"lng":1.882418,"name":"Brodman","web":"","txt":" Brodeur","wiki":null,"tel":"0663391739","postCode":45750,"city":"Saint-Pryvé-Saint-Mesmin","addr":"3 Impasse des Genevriers, ","cat":"O","email":"zdzislaw.wojcik@bbox.fr"}
,{"lat":47.914318,"lng":1.964659,"name":"LE VOLTAIRE","web":"http://www.levoltaire.com","txt":" Tapissier d'ameublement/tapissier décorateur","wiki":null,"tel":"0608215203","postCode":45800,"city":"Saint-Jean-de-Braye","addr":"1, avenue du Général Leclerc, ","cat":"O","email":"claude.laurenceau@wanadoo.fr"}
]}