{"id":41,"producers":[
{"lat":47.562439,"lng":1.28606,"name":"cobeia","web":"https://www.cobeia.com/","txt":"Cobeia est une plateforme sociale pour mettre en relation les agriculteurs et les artisans de la France entière avec les consommateurs et ainsi valoriser les productions locales et les circuits courts. \n\nChaque producteur a son stand sur Cobeia, comme si vous étiez au marché ! Chaque stand est indépendant et vous êtes en relation directe avec le producteur, en profitant d'un paiement sécurisé en ligne.\n\nTrouvez facilement les agriculteurs et artisans référencés sur la plateforme. Toutes les informations à portée de main ! Comment commander, mode de production.\n\nVous pouvez également communiquer directement avec les producteurs ou les autres utilisateurs. Suivez vos producteurs favoris pour être notifié automatiquement de leurs actualités.\n\n - En plus, la plateforme regroupe tous les outils dont les producteurs ont besoin pour vendre en direct à ses clients, gestion de stocks, outil communication, gestion de points de vente. \n \nL'idée est de faciliter  les échanges avec le consommateur et de mettre en avant vo","wiki":null,"tel":"0627282628","postCode":41000,"city":"Blois","addr":" 53 RUE DE L AMIRAL QUERVILLE 41000 BLOIS","cat":"A","email":"support@cobeia.com","suspect":0}
,{"lat":47.594375,"lng":1.346712,"name":"DECORENKO","web":"http://wwwdecorenko.com","txt":" Peintre en décor","wiki":null,"tel":"0608670099","postCode":41000,"city":"Blois","addr":"77 avenue de Verdun, ","cat":"OE","email":"o.jacenko@gmail.com","suspect":0}
,{"lat":47.588261,"lng":1.32912,"name":"COC'ART CREATIONS","web":"http://www.cocart.fr","txt":" Fabricant et restaurateur de lustres et luminaires","wiki":null,"tel":"0687210723","postCode":41000,"city":"Blois","addr":"19 rue Bretonnerie, ","cat":"OE","email":"contact@cocart.net","suspect":0}
,{"lat":47.587901,"lng":1.311595,"name":"L'ATELIER DU BIJOUX","web":"","txt":"Joaillier","wiki":null,"tel":"0254422628","postCode":41000,"city":"Blois","addr":"55, rue Etienne Baudet, ","cat":"OB","email":"","suspect":0}
,{"lat":47.587587,"lng":1.336075,"name":"LE CADRE DU PUITS CHATEL","web":"","txt":" Encadreur","wiki":null,"tel":"0623069008","postCode":41000,"city":"Blois","addr":"8, rue du Puits Chatel, ","cat":"OO","email":"guillouchedidier@wanadoo.fr","suspect":0}
,{"lat":47.591525,"lng":1.32092,"name":"PASCAL CHOLET - ÉBÉNISTE RESTAURATEUR","web":"","txt":"Restaurateur de meubles","wiki":null,"tel":"0254423322","postCode":41000,"city":"Blois","addr":"24, rue Michel Begon, ","cat":"OO","email":"pascalcholet@voila.fr","suspect":0}
,{"lat":47.584787,"lng":1.331322,"name":"VÉRONIK ERNEST MODISTE","web":"","txt":"Fabricant d'accessoires de mode","wiki":null,"tel":"0254787808","postCode":41000,"city":"Blois","addr":"50, rue Saint-Lubin, ","cat":"OE","email":"veronikernest@free.fr","suspect":0}
,{"lat":47.870805,"lng":1.001226,"name":"ferme du petit pont","web":"","txt":"La Ferme du Petit Pont cultive des fruits et légumes et fabrique des produits laitiers issue du lait de chèvre.","wiki":null,"tel":"0606891789","postCode":41100,"city":"Azé","addr":" La Ferme du Petit Pont","cat":"AM","email":"","suspect":0}
,{"lat":47.78112,"lng":1.04257,"name":"FELBERMAIR RAINER","web":"http://www.rainer-ebeniste41.com","txt":"Restaurateur de meubles","wiki":null,"tel":"0254773041","postCode":41100,"city":"Naveil","addr":"De Montaigu Le Bois aux Moines, 41100 NAVEIL","cat":"OO","email":"r.felbermair@wanadoo.fr","suspect":0}
,{"lat":47.319731,"lng":1.291785,"name":"Jardin des Grands Raies","web":"","txt":"","wiki":null,"tel":"0254710061","postCode":41110,"city":"Pouillé","addr":"5 allée des Fleurins ","cat":"A","email":"","suspect":0}
,{"lat":47.269609,"lng":1.377417,"name":"TAPISSERIES DES BORDS DU CHER","web":"","txt":" Rentrayeur (restaurateur de tapis et tapisseries)","wiki":null,"tel":"0607259099","postCode":41110,"city":"Saint-Aignan","addr":"13, quai Jean-Jacques Delorme, 41110 SAINT-AIGNAN-SUR-CHER","cat":"OE","email":"antiquites-des-bords-du-cher@wanadoo.fr","suspect":0}
,{"lat":47.460921,"lng":1.278124,"name":"ferme de la guibaldière","web":"http://www.fermedelaguilbardiere.fr/","txt":"Vente de viandes bovines, porcines et produits laitiers.","wiki":null,"tel":"0254440170","postCode":41120,"city":"Monthou-sur-Bièvre","addr":" La Guilbardière ","cat":"AV","email":"contact@fermedelaguilbardiere.fr","suspect":0}
,{"lat":47.505732,"lng":1.351646,"name":"MOULINS ET PATRIMOINE","web":"http://pagesperso-orange.fr/moulins.patrimoine/","txt":" Fabricant et restaurateur d'objets miniatures","wiki":null,"tel":"0681091886","postCode":41120,"city":"Chitenay","addr":"33, rue du Moulin Neuf, ","cat":"J","email":"alain.proust@wanadoo.fr","suspect":0}
,{"lat":47.336663,"lng":1.447195,"name":"la chotardière 41","web":"","txt":"Bonjour, je viens de reprendre l’exploitation de Joël Chaplault. Nous vendons sur la ferme du poulets, de la pintades prêts à la consommation, de la rillettes et des poulettes prêtes à pondre.","wiki":null,"tel":"0670861316","postCode":41140,"city":"Méhers","addr":" 3 route de la Chotardière ","cat":"AV","email":"lachotardiere41@hotmail.com","suspect":0}
,{"lat":47.882647,"lng":1.196219,"name":"Plumes et Volumes","web":"http://www.plumesetvolumes.fr","txt":" Fabricant et restaurateur d'abat-jour","wiki":null,"tel":"0611283776","postCode":41160,"city":"Lignières","addr":"7 chemin de Courcelles, 41160 Lignieres","cat":"OE","email":"Celinecouery@orange.fr","suspect":0}
,{"lat":48.036612,"lng":0.927697,"name":"la sellerie percheronne","web":"http://selleriepercheronne.com","txt":" Sellier","wiki":null,"tel":"0254807417","postCode":41170,"city":"Couëtron-au-Perche","addr":"8,rue des templiers, 41170 Saint-Agil","cat":"OT","email":"selleriepercheronne@free.fr","suspect":0}
,{"lat":47.607846,"lng":1.143313,"name":"SARL LARDILLIER DABIN","web":"http://www.lardillier-dabin-menuiserie.com","txt":"Escaliéteur","wiki":null,"tel":"0254461184","postCode":41190,"city":"Herbault","addr":"2, rue Limaçon B.P 14, ","cat":"OM","email":"lardillier-dabin@wanadoo.fr","suspect":0}
,{"lat":47.359831,"lng":1.754859,"name":"la petite jardinerie","web":"https://www.lapetitejardinerie.com/","txt":"Producteur et primeurs en fruits et légumes à Romorantin Lanthenay (41), La Petite Jardinerie propose des fruits et légumes de saison en vente directe.","wiki":null,"tel":"0681131233","postCode":41200,"city":"Romorantin-Lanthenay","addr":" 6-8 rue de la Lambinière ","cat":"AM","email":"","suspect":0}
,{"lat":47.415469,"lng":1.530534,"name":"les cailloux du paradis","web":"http://vinscourtois.free.fr/","txt":"Les Cailloux du Paradis est une exploitation viticole biologique.","wiki":null,"tel":"0254987197","postCode":41230,"city":"Soings-en-Sologne","addr":" Le Paradis les Cailloux","cat":"AB","email":"","suspect":0}
,{"lat":47.496364,"lng":1.670446,"name":"","web":"","txt":"","wiki":null,"tel":"0667393274","postCode":41230,"city":"Vernou-en-Sologne","addr":"Solferino 41230 Vernou-en-Soolgne","cat":"A","email":"","suspect":0}
,{"lat":47.8751,"lng":1.497906,"name":"MARC CHEVALIER-LACOMBE","web":"http://www.chevalier-lacombe.com","txt":"Tailleur de pierre","wiki":null,"tel":"0254824305","postCode":41240,"city":"Saint-Laurent-des-Bois","addr":"23, Place sans nom  Hameau de Villesiclaire, ","cat":"OZ","email":"marc.chevalier-lacombe@wanadoo.fr","suspect":0}
,{"lat":47.562156,"lng":1.476892,"name":"ATELIER GLADELLE","web":"http://www.klein-restauration-tableaux.com","txt":"Restaurateur de tableaux","wiki":null,"tel":"0254707851","postCode":41250,"city":"Mont-près-Chambord","addr":"633, rue des Champs Blanchet, 41250 MONT PRES CHAMBORD","cat":"OD","email":"klein.gladelle@wanadoo.fr","suspect":0}
,{"lat":47.557787,"lng":1.441446,"name":"FOUCHER PATRICK","web":"http://www.foucher-tailleurdepierre-41.com","txt":" Tailleur de pierre","wiki":null,"tel":"0681207793","postCode":41250,"city":"Mont-près-Chambord","addr":"Z.A. Champ Chardon, 41250 Mont-Près-Chambord","cat":"OZ","email":"patrick.foucher0351@orange.fr","suspect":0}
,{"lat":48.016113,"lng":1.003516,"name":"La Bignorie","web":"","txt":"","wiki":null,"tel":"0662316154","postCode":41270,"city":"Boursay","addr":"Les Billonneries ","cat":"A","email":"","suspect":0}
,{"lat":47.986365,"lng":1.037699,"name":"Le Safran de la Chapelle-Vicomtesse","web":"","txt":"","wiki":null,"tel":"0254805296","postCode":41270,"city":"La Chapelle-Vicomtesse","addr":"1 route de Vendôme ","cat":"A","email":"","suspect":0}
,{"lat":47.312618,"lng":2.032726,"name":"CREAFORM","web":"http://www.creaform.fr","txt":"Sculpteur statuaire","wiki":null,"tel":"0254980600","postCode":41300,"city":"Theillay","addr":"Beauzy, Route de Châtres, 41300 THEILLAY","cat":"OE","email":"info@creaform.fr","suspect":0}
,{"lat":47.699233,"lng":1.295993,"name":"ferme des petits tresseaux","web":"http://www.lespetitstresseaux.fr","txt":"PORTES OUVERTES LE SAMEDI 12 SEPTEMBRE A PARTIR DE 14H.\nRenseignement et inscriptions sur www.lespetitstresseaux.fr\n\nIdéalement situés au cœur de la Vallée de la Cisse, nous élevons des bovins Highlands, des volailles, des agneaux Bleu du Maine, ainsi que des porcs Bayeux.\nDans une recherche de qualité, nous veillons à notre autonomie décisionnelle. Ainsi, nous gérons nos élevages de la production des aliments, jusqu’à la commercialisation de nos produits.","wiki":null,"tel":"0254201635","postCode":41330,"city":"Averdon","addr":" Les Petits Tresseaux","cat":"AV","email":"lespetitstresseaux@gmail.com","suspect":0}
,{"lat":47.63337,"lng":1.282342,"name":"EARL de la ferme neuve","web":"","txt":"","wiki":null,"tel":"0675910408","postCode":41330,"city":"Fossé","addr":"7 rue des noyers 41330 Fosse","cat":"A","email":"","suspect":0}
,{"lat":47.679292,"lng":1.291304,"name":"ATELIER D'HORLOGERIE","web":"","txt":" Fabricant et restaurateur d'horloges, carillons, pendules, aiguilles, balanciers","wiki":null,"tel":"0254437219","postCode":41330,"city":"Averdon","addr":"2, Allée d'Orgeles Blois BP 961, 41009 Bloix","cat":"OB","email":"","suspect":0}
,{"lat":47.608094,"lng":1.404259,"name":"SYLVIE JOUZEAU","web":"","txt":" Peintre en décor","wiki":null,"tel":"0617928173","postCode":41350,"city":"Vineuil","addr":"2 bis, rue Reculée, ","cat":"OE","email":"sylvie.jouzeau@wanadoo.fr","suspect":0}
,{"lat":47.56616,"lng":1.370658,"name":"La Ferme","web":"https://www.facebook.com/lafermestgervais/","txt":"","wiki":null,"tel":"","postCode":41350,"city":"Saint-Gervais-la-Forêt","addr":"120 rue des Fougerets 41350 Saint-Gervais-La-Forêt","cat":"AG","email":"","suspect":0}
,{"lat":47.793942,"lng":0.902261,"name":"ferme des trois buissons","web":"","txt":"La Ferme des Trois Buissons propose du pain, de l'huile alimentaire, de la farine (blé, seigle, sarrasin, son et épeautre), de la viandes, du jus de pommes et des lentilles.","wiki":null,"tel":"0254720217","postCode":41360,"city":"Lunay","addr":" Les Trois Buissons","cat":"AV","email":"","suspect":0}
,{"lat":47.84939,"lng":0.831502,"name":"JK - Jürgen Katzengruber","web":"http://www.jk-boutique.fr","txt":" Tailleur-couturier","wiki":null,"tel":"0783426980","postCode":41360,"city":"Savigny-sur-Braye","addr":"Le Puits, 41360 Savigny sur Braye","cat":"HT","email":"jk.katzengruber@gmail.com","suspect":0}
,{"lat":47.846693,"lng":0.917642,"name":"Le Balèze-Majesté","web":"http://spehar-gloux.fr","txt":"Peintre en décor","wiki":null,"tel":"0665178364","postCode":41360,"city":"Fortan","addr":"9 Route d'Epuisay, ","cat":"OD","email":"jeannespehar@yahoo.fr","suspect":0}
,{"lat":47.878081,"lng":0.81611,"name":"SERRES ET FERRONNERIES D'ANTAN","web":"","txt":" Ferronnier","wiki":null,"tel":"0254237034","postCode":41360,"city":"Savigny-sur-Braye","addr":"Route de Vendôme, 41360 Savigny sur Braye","cat":"OF","email":"info@serresdantan.com","suspect":0}
,{"lat":47.767708,"lng":1.440846,"name":"Ferme de la Motte","web":"","txt":"","wiki":null,"tel":"0254814422","postCode":41370,"city":"Talcy","addr":"52 rue du Château ","cat":"A","email":"","suspect":0}
,{"lat":47.822484,"lng":1.498662,"name":"AUBRY SOTIAUX - ARTISAN TAILLEUR DE PIERRE","web":"http://www.tailleurdepierre-sotiaux.com","txt":" Tailleur de pierre","wiki":null,"tel":"0630352400","postCode":41370,"city":"Lorges","addr":"8, rue de la Dîme Villemuzard, ","cat":"OZ","email":"aubry.sotiaux@wanadoo.fr","suspect":0}
,{"lat":47.348127,"lng":1.297226,"name":"LUXBAG-MCF","web":"http://www.luxbagmcf.com","txt":" Maroquinier","wiki":null,"tel":"0254715042","postCode":41400,"city":"Monthou-sur-Cher","addr":"53 ROUTE CHATEAU, ","cat":"OT","email":"info@luxbagmcf.com","suspect":0}
,{"lat":47.690271,"lng":1.506835,"name":"RIBAS","web":"http://ribas.blogsperso.orange.fr","txt":"Sculpteur sur pierre","wiki":null,"tel":"0254811105","postCode":41500,"city":"Mer","addr":"8, rue Saint Lubin, ","cat":"OE","email":"ribasphilippe@wanadoo.fr","suspect":0}
,{"lat":47.655563,"lng":1.487689,"name":"saintenoy-sculpture","web":"http://www.saintenoy-sculpture.com","txt":" Sculpteur statuaire","wiki":null,"tel":"0679076553","postCode":41500,"city":"Saint-Dyé-sur-Loire","addr":"69 bis route Nationale, 41500 St-Dyé-sur-Loire","cat":"OZ","email":"saintenoyvirginie@gmail.com","suspect":0}
,{"lat":47.717398,"lng":1.435757,"name":"VITRAIL ART ET LUMIERE","web":"","txt":" Maître-verrier (ou Vitrailliste)","wiki":null,"tel":"0633262330","postCode":41500,"city":"La Chapelle-Saint-Martin-en-Plaine","addr":"28 rue Jean de Morvilliers Cidex 383, ","cat":"OR","email":"magnevitrail41@aol.com","suspect":0}
,{"lat":47.606165,"lng":2.027549,"name":"astérale","web":"http://www.asterale.com/","txt":"Astérale est une société française spécialisée dans la production, la commercialisation et la promotion des huiles essentielles, eaux florales et épices de Madagascar.","wiki":null,"tel":"0254830135","postCode":41600,"city":"Lamotte-Beuvron","addr":" 21 rue de Beauce","cat":"AO","email":"contact@asterale.com","suspect":0}
,{"lat":47.609715,"lng":1.913911,"name":"Menuiserie LETEILLIER","web":"","txt":" Menuisier ","wiki":null,"tel":"0254885078","postCode":41600,"city":"Chaumont-sur-Tharonne","addr":"5 rue de Romoratin ZA La Trocherie, ","cat":"OM","email":"leteillier leteilier@gmail.com","suspect":0}
,{"lat":47.43441,"lng":1.444974,"name":"la p'tite chipeuse","web":"https://www.laptitechipeuse.com","txt":"Producteur local dans la région de Contres, nous fabriquons des mini moelleux et sablés, pâte à tartiner et sirops. Fabriqué avec des ingrédients locaux et bio","wiki":null,"tel":"0760742606","postCode":41700,"city":"Le Controis-en-Sologne","addr":" 17 rue des entrepreneurs 41700 Contres ","cat":"A","email":"laptitechipeuse@gmail.com","suspect":0}
,{"lat":47.39414,"lng":1.356402,"name":"Domaine OCTAVIE","web":"","txt":"","wiki":null,"tel":"0254795457","postCode":41700,"city":"Oisly","addr":"7 Route de Marcé ","cat":"A","email":"","suspect":0}
,{"lat":47.77781,"lng":0.891193,"name":"ATELIER BLEU PAILLE","web":"http://www.atelierbleupaille.com","txt":" Canneur-rempailleur","wiki":null,"tel":"0631072987","postCode":41800,"city":"Les Roches-l'Évêque","addr":"9, sentier de la Tourette, 41800 Les Roches-l'Evêque","cat":"OE","email":"atelierbleupaille@orange.fr","suspect":0}
,{"lat":47.754293,"lng":0.689052,"name":"Atelier du Liseron","web":"http://www.genevievenaudin.com","txt":"Peintre sur bois","wiki":null,"tel":"0683553738","postCode":41800,"city":"Vallée-de-Ronsard","addr":"2, rue Pasteur, 41800 Couture-sur-Loir","cat":"OO","email":"genevieve.naudin@gmail.com","suspect":0}
]}