{"id":6,"producers":[
{"lat":43.700081,"lng":7.272891,"name":"Aline Perros","web":"http://www.alineperros.fr","txt":" Costumier","wiki":null,"tel":"0685653058","postCode":6000,"city":"Nice","addr":"Chez Arty Studio 25 bie rue Gubernatis, ","cat":"HT","email":"contact@alineperros.fr","suspect":0}
,{"lat":43.699905,"lng":7.25975,"name":"AU FAUBOURG DU CHÊNE","web":"","txt":"Sculpteur sur bois","wiki":null,"tel":"0611164490","postCode":6000,"city":"Nice","addr":"2, petite avenue Bouteilly, ","cat":"OO","email":"nice.faubourgduchene@yahoo.fr","suspect":0}
,{"lat":43.701526,"lng":7.265915,"name":"CERAMIC'ATTITUDE","web":"http://www.ceramicattitude.com","txt":"Potier raku","wiki":null,"tel":"0650711189","postCode":6000,"city":"Nice","addr":"2 RUE J. OFFENBACH, 06000 NICE","cat":"OP","email":"aezgulian@hotmail.com","suspect":0}
,{"lat":43.690466,"lng":7.294411,"name":"Mut Décors","web":"http://www.mutdecors.com","txt":" Peintre en décor","wiki":null,"tel":"0621390867","postCode":6000,"city":"Nice","addr":"19 rue Théodore de Banville, 06000 NICE","cat":"OE","email":"murielletisserand@yahoo.fr","suspect":0}
,{"lat":43.7001,"lng":7.273807,"name":"ORFÈVRERIE BAUDINO","web":"http://www.baudinomb.com","txt":"Doreur","wiki":null,"tel":"0619260124","postCode":6000,"city":"Nice","addr":"15, rue du Lycée, 06000 NICE","cat":"OE","email":"m.castelli@baudinomb.com","suspect":0}
,{"lat":43.716397,"lng":7.254629,"name":"PIANO AZUR Sacco et Duvernoy\n","web":"http://www.pianoazur.com","txt":" Facteur et restaurateur de pianos","wiki":null,"tel":"0622910232","postCode":6000,"city":"Nice","addr":"10, rue Clément Ader, 06100 NICE","cat":"OL","email":"nice@pianoazur.com","suspect":0}
,{"lat":43.704889,"lng":7.272333,"name":"SHAHROKH","web":"","txt":" Rentrayeur (restaurateur de tapis et tapisseries)","wiki":null,"tel":"0663791054","postCode":6000,"city":"Nice","addr":"7, avenue Desambrois, ","cat":"OE","email":"","suspect":0}
,{"lat":43.713031,"lng":7.261477,"name":"ALAIN BELLINO","web":"http://www.bellino.fr","txt":"Doreur","wiki":null,"tel":"0493846256","postCode":6100,"city":"Nice","addr":"1, rue Molière, ","cat":"OF","email":"alain@bellino.fr","suspect":0}
,{"lat":43.719112,"lng":7.261874,"name":"FORTUNATO","web":"","txt":" Tapissier d'ameublement/tapissier décorateur","wiki":null,"tel":"0493847169","postCode":6100,"city":"Nice","addr":"87, avenue Borriglione, ","cat":"OE","email":"alainfortunato@yahoo.fr","suspect":0}
,{"lat":43.715742,"lng":7.261112,"name":"PIANO & SONS","web":"http://www.pianoandsons.com","txt":" Facteur et restaurateur de pianos","wiki":null,"tel":"0667179697","postCode":6100,"city":"Nice","addr":"3, avenue Bardi R d J, 06100 NICE","cat":"OL","email":"accordeur@pianoandsons.com","suspect":0}
,{"lat":43.571714,"lng":7.008984,"name":"ESPRIT SCULPTURE","web":"http://www.esprit-sculpture.com","txt":"Sculpteur sur pierre","wiki":null,"tel":"0699701090","postCode":6110,"city":"Le Cannet","addr":"27A rue du Docteur Calmette, ","cat":"OZ","email":"contact@esprit-sculpture.com","suspect":0}
,{"lat":43.662114,"lng":6.894148,"name":"Azur Naturel","web":"","txt":"Aquaculture en eau douce, Plantes aromatiques","wiki":null,"tel":"0493404290","postCode":6130,"city":"Grasse","addr":"115 chemin des Hautes Ribes ","cat":"AO","email":"","suspect":0}
,{"lat":43.642347,"lng":6.966026,"name":"Jardin Lou Pantai","web":"","txt":"Agricultrice","wiki":null,"tel":"0668754522","postCode":6130,"city":"Grasse","addr":"280 route de plascassier  ","cat":"AO","email":"","suspect":0}
,{"lat":43.706525,"lng":7.001103,"name":"Atelier Stuc et Mosaic","web":"http://www.stuc-mosaic.fr","txt":" Mosaïste","wiki":null,"tel":"0664291931","postCode":6140,"city":"Tourrettes-sur-Loup","addr":"Route de la Colle, ","cat":"OE","email":"info@stuc-mosaic.com","suspect":0}
,{"lat":43.71383,"lng":7.13231,"name":"DIDIER TEALDI","web":"","txt":" Maçon","wiki":null,"tel":"0611511833","postCode":6140,"city":"Vence","addr":"171, chemin du Suveran, ","cat":"OM","email":"didier.tealdi06@orange.fr","suspect":0}
,{"lat":43.715658,"lng":7.05893,"name":"LE TRAVAIL DU BOIS D'OLIVIER","web":"http://www.boisdolivier.fr","txt":"Tourneur sur bois","wiki":null,"tel":"0624342935","postCode":6140,"city":"Tourrettes-sur-Loup","addr":"4/8 Grand' Rue, 06140 Tourrettes sur Loup","cat":"OO","email":"dubosqguillaume@yahoo.fr","suspect":0}
,{"lat":43.715939,"lng":7.058475,"name":"POTERIE TOURNESOL","web":"http://poterie-tournesol.com","txt":" Potier de grès","wiki":null,"tel":"0493593562","postCode":6140,"city":"Tourrettes-sur-Loup","addr":"7, Grand'Rue, 06140 Tourettes-sur-Loup","cat":"OP","email":"plaques@free.fr","suspect":0}
,{"lat":43.764281,"lng":7.06813,"name":"Coop des Baous","web":"www.facebook.com/coopbaous","txt":"","wiki":null,"tel":"0493597478","postCode":6140,"city":"Coursegoules","addr":"220 Route de Saint-Barnabé ","cat":"AG","email":"","suspect":0}
,{"lat":43.575138,"lng":7.094402,"name":"Au Coeur des Champs","web":"","txt":"Produits : Fruits, Légumes, Viandes, Traiteur et charcuterie, Volaille et lapin, Fromages, Oeufs et produits laitiers, Pain et patisseries, Miels et confitures, Huiles et vinaigres, Épicerie, Vins et alcools, Jus et sirops","wiki":null,"tel":"0492902588","postCode":6160,"city":"Antibes","addr":"20 Avenue de Cannes 06160 Juan-les-Pins","cat":"AG","email":"","suspect":0}
,{"lat":43.739808,"lng":7.201637,"name":"Domaine de la Source","web":"","txt":"Viticulteur","wiki":null,"tel":"0493298160","postCode":6200,"city":"Nice","addr":"303 chemin de Saquier Saint-Roman-de-Bellet ","cat":"AO","email":"","suspect":0}
,{"lat":43.674358,"lng":7.206126,"name":"Château Lambert","web":"","txt":"Viticulteur","wiki":null,"tel":"","postCode":6200,"city":"Nice","addr":"Emmanuelle BORDEILLE","cat":"A","email":"","suspect":0}
,{"lat":43.576203,"lng":7.058416,"name":"LOU PIGNATIER","web":"","txt":"Potier de terre cuite","wiki":null,"tel":"0493648595","postCode":6220,"city":"Vallauris","addr":"135, chemin Lintier, ","cat":"OP","email":"g.compas@orange.fr","suspect":0}
,{"lat":43.567311,"lng":7.074507,"name":"NatA","web":"http://www.nat-a.fr","txt":"Fabricant et restaurateur de lustres et luminaires","wiki":null,"tel":"0613743314","postCode":6220,"city":"Vallauris","addr":"5 avenue du midi, 06220 Golfe-Juan","cat":"OE","email":"nat.a@free.fr","suspect":0}
,{"lat":43.577848,"lng":7.054332,"name":"Sophie Fuchs, artiste calligraphe et poète","web":"http://www.sophie-fuchs.fr","txt":"Enlumineur","wiki":null,"tel":"0681532249","postCode":6220,"city":"Vallauris","addr":"9 rue Hoche, 06220 VALLAURIS","cat":"OE","email":"sophiefuchs2013@gmail.com","suspect":0}
,{"lat":43.61281,"lng":7.009041,"name":"POTERIE ALAIN PRAT","web":"http://www.poterie-mougins.com","txt":"Potier de terre cuite","wiki":null,"tel":"0627131636","postCode":6250,"city":"Mougins","addr":"173, chemin du Defends, ","cat":"OP","email":"alainprat@wanadoo.fr","suspect":0}
,{"lat":43.916005,"lng":7.011521,"name":"Les ailes rouges ","web":"","txt":"Agricultrice","wiki":null,"tel":"0671885790","postCode":6260,"city":"Ascros","addr":"Rue de la colette 06260 Pierlas","cat":"AA","email":"","suspect":0}
,{"lat":43.920843,"lng":6.951207,"name":"La ferme de la Teullièra","web":"","txt":"élevage de volailles, producteur d’œufs","wiki":null,"tel":"0606748522","postCode":6260,"city":"La Penne","addr":"7490 route du chanan 06260 la penne","cat":"AV","email":"","suspect":0}
,{"lat":43.912705,"lng":6.951026,"name":"Ferme roseau","web":"","txt":"Maraicher myciculteur","wiki":null,"tel":"0493050077","postCode":6260,"city":"La Penne","addr":"126 Chemin du Renard 06260 LA PENNE","cat":"AMF","email":"","suspect":0}
,{"lat":43.952823,"lng":6.884697,"name":"Montagnes Paysannes","web":"https://www.facebook.com/montagnespaysannes/","txt":"Produits : Rayon bio","wiki":null,"tel":"0770268157","postCode":6260,"city":"Puget-Théniers","addr":"2 rue Alexandre Barety ","cat":"AG","email":"","suspect":0}
,{"lat":43.659986,"lng":7.098087,"name":"Lesne Julien","web":"","txt":" Arts graphiques","wiki":null,"tel":"0658918551","postCode":6270,"city":"Villeneuve-Loubet","addr":"Le grand pre 06270 VILLENEUVE LOUBET","cat":"AM","email":"lcharvin@charvincouleurs.com","suspect":0}
,{"lat":43.721369,"lng":7.303117,"name":"La ferme de l'observatoire","web":"","txt":"agriculteur","wiki":null,"tel":"0620214885","postCode":6300,"city":"Nice","addr":"171 bd de l'observatoire 06300 nice","cat":"AV","email":"","suspect":0}
,{"lat":43.703601,"lng":7.282025,"name":"ALLAIN ET GASQ SARL","web":"","txt":"Luthier","wiki":null,"tel":"0611565477","postCode":6300,"city":"Nice","addr":"1, place Pellegrini, ","cat":"OL","email":"allain.et.gasq@wanadoo.fr","suspect":0}
,{"lat":43.695876,"lng":7.276419,"name":"Atelier Soardi et Soardi","web":"http://Http://ateliersoardi.com","txt":" Encadreur","wiki":null,"tel":"0493853756","postCode":6300,"city":"Nice","addr":"12 rue Barillerie, 06300 NICE","cat":"OO","email":"renatosoardi@orange.fr","suspect":0}
,{"lat":43.701625,"lng":7.290016,"name":"BMC PLACARDS","web":"","txt":" Ebéniste","wiki":null,"tel":"0492049002","postCode":6300,"city":"Nice","addr":"65, rue smolett, ","cat":"OO","email":"thierry.haas@bmc-placards.fr","suspect":0}
,{"lat":43.711347,"lng":7.289043,"name":"Ely reliure- FB reliure","web":"http://www.elyreliure.com","txt":"Restaurateur de reliures","wiki":null,"tel":"0616864583","postCode":6300,"city":"Nice","addr":"3 rue Maréchal Vauban, ","cat":"OD","email":"elyreliure@free.fr","suspect":0}
,{"lat":43.70318,"lng":7.287196,"name":"L'ART NOUVEAU","web":"http://www.philippe-bresson.com","txt":" Ebéniste","wiki":null,"tel":"0607045074","postCode":6300,"city":"Nice","addr":"48 rue Beaumont, ","cat":"OO","email":"philippe-bresson@wanadoo.fr","suspect":0}
,{"lat":43.747808,"lng":7.326635,"name":"Domaine Lessatini","web":"","txt":"Oléiculteur","wiki":null,"tel":"0493543341","postCode":6340,"city":"La Trinité","addr":"77 Vieux Chemin de Laghet ","cat":"AO","email":"","suspect":0}
,{"lat":43.895237,"lng":7.441406,"name":"vers le bio","web":"","txt":"agriculteur- transformateur - commercant","wiki":null,"tel":"0678639864","postCode":6380,"city":"Sospel","addr":"quartier aigas  06380 sospel","cat":"AV","email":"","suspect":0}
,{"lat":43.786338,"lng":7.337555,"name":"ferme de la sousta","web":"","txt":"Vente directe à la ferme de légumes et fruits de saison, cultivés en sol vivant, de haute qualité nutritive. \nVariétés anciennes uniquement, tous les semis sont faits sur place. \nL’occasion aussi de visiter le jardin!","wiki":null,"tel":"0662727675","postCode":6390,"city":"Contes","addr":" 832, chemin des pins ","cat":"AM","email":"fermedelasousta@hotmail.com","suspect":0}
,{"lat":43.564074,"lng":6.9561,"name":"Lenoir Azur Spiruline","web":"","txt":"Producteur de spiruline","wiki":null,"tel":"0616815392","postCode":6400,"city":"Cannes","addr":"Chemin de la plaine de Laval 06150 Cannes","cat":"AO","email":"","suspect":0}
,{"lat":43.555886,"lng":7.023684,"name":"ALINE BUFFET","web":"http://www.alinebuffet.com","txt":" Tailleur-couturier","wiki":null,"tel":"0617606028","postCode":6400,"city":"Cannes","addr":"place du Commandant François Lamy, ","cat":"HT","email":"creatrice@alinebuffet.com","suspect":0}
,{"lat":43.561021,"lng":7.01725,"name":"Manuela Biocca Créations","web":"http://www.manuelabiocca.com","txt":"Fabricant d'accessoires de mode","wiki":null,"tel":"0622303690","postCode":6400,"city":"Cannes","addr":"4 Rue Milton La Soleil d'Or, ","cat":"OE","email":"contact@manuelabiocca.com","suspect":0}
,{"lat":43.626409,"lng":7.100398,"name":"Martine Polisset","web":"http://www.martinepolisset.com","txt":" Céramiste","wiki":null,"tel":"0609762417","postCode":6410,"city":"Biot","addr":"45 Rue Sous-Barri, ","cat":"OP","email":"m.polisset@free.fr","suspect":0}
,{"lat":43.634088,"lng":7.090325,"name":"THIERRY PELLETIER","web":"http://www.thierrypelletier.fr","txt":"Sculpteur statuaire","wiki":null,"tel":"0661324110","postCode":6410,"city":"Biot","addr":"550 chemin Saint-Julien, 04610 Biot","cat":"OE","email":"claude.pelletier7@wanadoo.fr","suspect":0}
,{"lat":43.617684,"lng":7.112962,"name":"LA POTERIE PROVENÇALE","web":"http://www.poterieprovencale.fr","txt":" Potier de terre cuite","wiki":null,"tel":"0615322386","postCode":6410,"city":"Biot","addr":"1689, route de la Mer, ","cat":"OP","email":"contact@poterie-provencale.fr","suspect":0}
,{"lat":43.62778,"lng":7.10173,"name":"LA VERRERIE DE BIOT","web":"http://www.verreriebiot.com","txt":" Verrier à la main","wiki":null,"tel":"0493650300","postCode":6410,"city":"Biot","addr":"CHEMIN DES COMBES, 06410 BIOT","cat":"OR","email":"verrerie@verreriebiot.com","suspect":0}
,{"lat":43.624688,"lng":7.102196,"name":"PIERINI Antoine","web":"http://www.antoinepierini.com","txt":" Verrier","wiki":null,"tel":"0613225566","postCode":6410,"city":"Biot","addr":"9 chemin du plan ATELIER PIERINI, 06410 BIOT","cat":"OR","email":"info@antoinepierini.com","suspect":0}
,{"lat":43.698222,"lng":6.847576,"name":"Rondeur Boisée","web":"http://www.bernardcaillet.com","txt":" Tourneur sur bois","wiki":null,"tel":"0673560725","postCode":6460,"city":"Saint-Vallier-de-Thiey","addr":"7 place de la vieille porte, 06460 Saint VALLIER de THIEY","cat":"OO","email":"rondeurboisee@gmail.com","suspect":0}
,{"lat":44.105238,"lng":6.846857,"name":"Lavandula Vera","web":"","txt":"Distillateur de plantes médicinales","wiki":null,"tel":"0493055028","postCode":6470,"city":"Guillaumes","addr":"La Ribière ","cat":"AO","email":"","suspect":0}
,{"lat":43.777375,"lng":7.50326,"name":"MARC BERTOLINO","web":"http://www.decoration-menton.com","txt":" Tapissier d'ameublement/tapissier décorateur","wiki":null,"tel":"0493359574","postCode":6500,"city":"Menton","addr":"1 boulevard du Fossan, ","cat":"OE","email":"bertolino.frederique@hotmail.fr","suspect":0}
,{"lat":43.629592,"lng":6.818806,"name":"les jardins d'helios","web":"http://jardinsdhelios.fr","txt":"Producteurs d'oeufs en Agriculture biologique, huile d'olive.","wiki":null,"tel":"0675689711","postCode":6530,"city":"Saint-Cézaire-sur-Siagne","addr":" 648 chemin des Veyans du Tignet Le Clôt Boyer 06530 Le Tignet 0","cat":"AV","email":"contact@jardinsdhelios.fr","suspect":0}
,{"lat":43.650916,"lng":6.813818,"name":"La Chèvrerie du Bois d'Amon","web":"","txt":"Agricultrice","wiki":null,"tel":"0493407504","postCode":6530,"city":"Saint-Cézaire-sur-Siagne","addr":"1307 Route de Grasse ","cat":"AF","email":"","suspect":0}
,{"lat":43.641301,"lng":6.825952,"name":"Chèvrerie La Fontaine du Brusquet","web":"","txt":"Chèvrière","wiki":null,"tel":"0699021174","postCode":6530,"city":"Saint-Cézaire-sur-Siagne","addr":"2984 Route de Grasse 06530 Saint-Cézaire-Sur-Siagne","cat":"AFO","email":"","suspect":0}
,{"lat":43.630465,"lng":6.86757,"name":"MAISON DE LINGERIE","web":"http://www.occidente.fr","txt":" Corsetier","wiki":null,"tel":"0493402294","postCode":6530,"city":"Peymeinade","addr":"82 AVENUE DE PEYGROS, 06530 PEYMEINADE","cat":"OE","email":"info@occidente.fr","suspect":0}
,{"lat":43.644496,"lng":6.89006,"name":"SARL MENUISERIE","web":"","txt":"Restaurateur de meubles","wiki":null,"tel":"0612703288","postCode":6530,"city":"Peymeinade","addr":"80, avenue Amiral de Grasse, ","cat":"OO","email":"","suspect":0}
,{"lat":43.632871,"lng":7.013778,"name":"KAOLIN Créations","web":"http://www.fabiennelhostis.com","txt":" Potier raku","wiki":null,"tel":"0699782154","postCode":6560,"city":"Valbonne","addr":"42 avenue Mélanie Tombarel, 06560 VALBONNE","cat":"OP","email":"contact@fabiennelhostis.com","suspect":0}
,{"lat":43.64012,"lng":7.008734,"name":"LOUMANI.ADA GALERIE","web":"http://www.loumani.fr","txt":" Maître-verrier (ou Vitrailliste)","wiki":null,"tel":"0662681574","postCode":6560,"city":"Valbonne","addr":"Place de l'Eglise, ","cat":"OR","email":"ada@loumani.fr","suspect":0}
,{"lat":43.713292,"lng":6.985681,"name":"Ebénisterie Priolo","web":"http://ebenisteriepriolo.fr","txt":"Vernisseur finisseur","wiki":null,"tel":"0493424315","postCode":6620,"city":"Gourdon","addr":"1000, route de Grasse, ","cat":"OO","email":"contact@ebenisteriepriolo.fr","suspect":0}
,{"lat":43.752121,"lng":7.162542,"name":"vignoble  des hautes collines  saint jeannet","web":"http://vignoblestjeannet.fr/","txt":"L'exploitation vitivinicole  produit des vins bio avec une méthode d'élevage au soleil et de fameuses cuvées comme le Thuilé et le Longo Maï. Visite et dégustation au Domaine.  Vous trouverez aussi de l'huile d'olive , des confitures et du jus de raisin . Mathias Rasse soigne la vigne dans le grand respect de la nature. C'est une petite exploitation familiale de vignerons depuis plusieurs générations.","wiki":null,"tel":"0493249601","postCode":6640,"city":"Saint-Jeannet","addr":" Le vignoble 800 chemin des Sausses ","cat":"AB","email":"contact@vignoblestjeannet.fr","suspect":0}
,{"lat":43.673351,"lng":7.005324,"name":"Le Marché de Nos Collines","web":"www.lemarchedenoscollines.fr","txt":"Produits : Rayon bio, Fruits, Légumes, Viandes, Volaille et lapin, Fromages, Oeufs et produits laitiers, Pain et patisseries, Miels et confitures, Huiles et vinaigres, Épicerie, Vins et alcools, Jus et sirops","wiki":null,"tel":"0493773421","postCode":6650,"city":"Le Rouret","addr":"9 Route d’Opio ","cat":"AG","email":"","suspect":0}
,{"lat":43.761659,"lng":7.205648,"name":"Le panier de la Manda ","web":"https://www.facebook.com/LePanierDeLaManda/","txt":"Produits : Rayon bio, Légumes, Viandes, Traiteur et charcuterie, Fromages, Oeufs et produits laitiers, Miels et confitures, Épicerie, Jus et sirops","wiki":null,"tel":"0967410054","postCode":6670,"city":"Colomars","addr":"19 av du train des pignes  06670 colomars","cat":"AM","email":"","suspect":0}
,{"lat":43.762698,"lng":7.221364,"name":"LES FUSTIERS DE COLOMARS","web":"http://www.les-fustiers-de-colomars.com","txt":" Ebéniste","wiki":null,"tel":"0686728030","postCode":6670,"city":"Colomars","addr":"18, rue Etienne Curti, ","cat":"OO","email":"jpgrec.fustie@wanadoo.fr","suspect":0}
,{"lat":43.850108,"lng":7.219981,"name":"MARCEL PLANEL","web":"","txt":" Maçon","wiki":null,"tel":"0493797610","postCode":6670,"city":"Levens","addr":"1475, chemin de la Mole, ","cat":"OM","email":"","suspect":0}
,{"lat":43.671318,"lng":7.189566,"name":"JOCELYNE BOSSCHOT","web":"http://www.jocelynebosschot.book.fr","txt":" Céramiste","wiki":null,"tel":"0661935456","postCode":6700,"city":"Saint-Laurent-du-Var","addr":"39 Impasse Fleurie, 06700 SAINT LAURENT DU VAR","cat":"OP","email":"jbosschot926@gmail.com","suspect":0}
,{"lat":43.656831,"lng":7.159401,"name":"ATELIER STAFF PASSION","web":"http://atelierstaffpassion.fr","txt":"Staffeur-stucateur","wiki":null,"tel":"0493220373","postCode":6800,"city":"Cagnes-sur-Mer","addr":"22 RUE BERLIOZ, 06800 CAGNES SUR MER","cat":"OE","email":"contact@atelierstaffpassion.fr","suspect":0}
,{"lat":43.676071,"lng":7.159058,"name":"CARRELAGES PIERRE VERSACE","web":"http://www.carrelages-versace.fr","txt":"Emailleur","wiki":null,"tel":"0493317970","postCode":6800,"city":"Cagnes-sur-Mer","addr":"50 bis chemin du Vallon des Vaux, 06800 CAGNES SUR MER","cat":"OP","email":"carrelages.versace@wanadoo.fr","suspect":0}
,{"lat":43.667377,"lng":7.146662,"name":"L'Atelier de Zébulon","web":"http://www.atelierdezebulon.com","txt":" Peintre sur bois","wiki":null,"tel":"0681971197","postCode":6800,"city":"Cagnes-sur-Mer","addr":"38 Rue Hippolyte Guis, 06800 Cagnes sur mer","cat":"OO","email":"latelierdezebulon@gmail.com","suspect":0}
,{"lat":43.667218,"lng":7.164289,"name":"Yuka IWAHANA","web":"http://www.conservation-art.com/","txt":" Restaurateur de tableaux","wiki":null,"tel":"0650972707","postCode":6800,"city":"Cagnes-sur-Mer","addr":"14 Place du Château RDJ Maison Solidor, 06800 Cagnes-sur-mer","cat":"OD","email":"yiwahana@yahoo.fr","suspect":0}
,{"lat":43.763329,"lng":7.262417,"name":"Chez Quinette","web":"","txt":"Exploitante agricole","wiki":null,"tel":"0619157952","postCode":6950,"city":"Falicon","addr":"1561 route du Mont Chauve ","cat":"AVF","email":"","suspect":0}
]}