{"id":49,"producers":[
{"lat":47.461728,"lng":-0.558882,"name":"ATELIER DE CÉRAMIQUES ","web":"http://www.atelierlapasserelle.free.fr","txt":"Potier raku","wiki":null,"tel":"0241200809","postCode":49000,"city":"Angers","addr":"28 bis, rue de Frémur, ","cat":"OP","email":"none@none.com","suspect":0}
,{"lat":47.465112,"lng":-0.546079,"name":"Atelier Galerie Bressigny","web":"http://www.martinemaudet.com","txt":"Lissier","wiki":null,"tel":"0637986126","postCode":49000,"city":"Angers","addr":"84 rue Bressigny, ","cat":"OE","email":"m.artmado49@gmail.com","suspect":0}
,{"lat":47.490244,"lng":-0.62341,"name":"La Ferme Angevine","web":"","txt":"","wiki":null,"tel":"0241487696","postCode":49070,"city":"Beaucouzé","addr":"La Haie du Moulin ","cat":"AG","email":"","suspect":0}
,{"lat":47.435442,"lng":-0.609843,"name":"le champ bossé","web":"","txt":"vente direct à la ferme de légumes bio de saison, cueillis du jour, au lieu dit le Camp Bossé à Bouchemaine tous les mercredi et vendredi de 15h à 19H","wiki":null,"tel":"0671783852","postCode":49080,"city":"Bouchemaine","addr":" lieu dit le Champ Bossé, 380 route de la Moncellière 4","cat":"AM","email":"","suspect":0}
,{"lat":47.409466,"lng":-0.620047,"name":"ATELIER DE MOSAïQUE","web":"http://www.laetitiagauthier.com","txt":" Mosaïste","wiki":null,"tel":"0601977071","postCode":49080,"city":"Bouchemaine","addr":"2, rue des Saulniers La Pointe, ","cat":"OE","email":"laetitiagauthier.mosaiste@yahoo.fr","suspect":0}
,{"lat":47.473676,"lng":-0.551069,"name":"ACANTHE","web":"","txt":"Peintre en décor","wiki":null,"tel":"0241875827","postCode":49100,"city":"Angers","addr":"47, rue du Mail, ","cat":"OD","email":"atelieracanthe@wanadoo.fr","suspect":0}
,{"lat":47.474501,"lng":-0.549119,"name":"ATELIER DE LUTHERIE ET ARCHÈTERIE D'ART","web":"","txt":" Luthier","wiki":null,"tel":"0682230935","postCode":49100,"city":"Angers","addr":"24, rue du Commerce, 49100 ANGERS","cat":"OL","email":"bauer.jacques@wanadoo.fr","suspect":0}
,{"lat":47.479084,"lng":-0.557789,"name":"ATELIER DE TAPISSERIE D'ANGERS","web":"http://www.muriel-crochet.com","txt":" Lissier","wiki":null,"tel":"0241883192","postCode":49100,"city":"Angers","addr":"3, boulevard Daviers, 49100 ANGERS","cat":"OE","email":"contact@muriel-crochet.com","suspect":0}
,{"lat":47.472278,"lng":-0.554386,"name":"ATELIER FARDEAU - CADREDORE","web":"","txt":"Encadreur","wiki":null,"tel":"0241874405","postCode":49100,"city":"Angers","addr":"41, rue Plantagenet, 49100 ANGERS","cat":"OO","email":"patrick.hirbec@orange.fr","suspect":0}
,{"lat":47.478819,"lng":-0.526904,"name":"BARTHE BORDEREAU","web":"http://www.barthe-bordereau.fr","txt":" Maître-verrier (ou Vitrailliste)","wiki":null,"tel":"0612412805","postCode":49100,"city":"Angers","addr":"5 rue Esnalt Dufresne, 49100 ANGERS","cat":"OR","email":"barthe.bordereau@wanadoo.fr","suspect":0}
,{"lat":47.475546,"lng":-0.562501,"name":"CEILLIER PIANOS","web":"","txt":" Facteur et restaurateur de pianos","wiki":null,"tel":"0680733653","postCode":49100,"city":"Angers","addr":"8, rue Lionnaise, 49100 ANGERS","cat":"OL","email":"ceillierpianos@voila.fr","suspect":0}
,{"lat":47.465835,"lng":-0.555285,"name":"ÉCOLE DE BRODERIE","web":"","txt":" Brodeur","wiki":null,"tel":"0241181739","postCode":49100,"city":"Angers","addr":"22, rue de la Préfecture, ","cat":"HD","email":"cerisier.cathy325@wanadoo.fr","suspect":0}
,{"lat":47.469419,"lng":-0.533463,"name":"LE GRAVEUR D'ARDOISE","web":"http://www.legraveurdardoise.com","txt":" Graveur sur pierre","wiki":null,"tel":"0688907814","postCode":49100,"city":"Angers","addr":"58 bis, avenue Montaigne, ","cat":"OZ","email":"graveur-ardoise@orange.fr","suspect":0}
,{"lat":47.489036,"lng":-0.509194,"name":"L’ORFÈVRERIE D'ANJOU","web":"http://www.lorfevreriedanjou.com","txt":"Potier d'étain","wiki":null,"tel":"0684996610","postCode":49100,"city":"Angers","addr":"137 avenue Victor Chatenay - BP 33069, 49017 Angers","cat":"OP","email":"contact@lorfevreriedanjou.com","suspect":0}
,{"lat":47.465928,"lng":-0.553617,"name":"MÉLUBI","web":"http://www.melubi.fr","txt":"Fabricant d'accessoires de mode","wiki":null,"tel":"0674597902","postCode":49100,"city":"Angers","addr":"haras, 49100 ANGERS","cat":"OE","email":"contact@melubi.fr","suspect":0}
,{"lat":47.480288,"lng":-0.56612,"name":"PATRICE MESLET","web":"","txt":" Tapissier d'ameublement/tapissier décorateur","wiki":null,"tel":"0241720804","postCode":49100,"city":"Angers","addr":"St Lazarre, ","cat":"OE","email":"p.mesletapissier@free.fr","suspect":0}
,{"lat":47.473205,"lng":-0.549265,"name":"SILICE CRÉATION","web":"http://silice-creation.fr","txt":"Verrier au chalumeau ","wiki":null,"tel":"0682186016","postCode":49100,"city":"Angers","addr":"5, rue Pocquet de Livonnières, ","cat":"OR","email":"silice.creation@wanadoo.fr","suspect":0}
,{"lat":47.469933,"lng":-0.554403,"name":"XAVIER MASSONNAUD JOAILLIER","web":"http://www.xavier-massonnaud.fr","txt":"Joaillier","wiki":null,"tel":"0142716345","postCode":49100,"city":"Angers","addr":"17, place Sainte Croix, ","cat":"OB","email":"info@xavier-massonnaud.fr","suspect":0}
,{"lat":47.28606,"lng":-0.986678,"name":"le petit rucher des mauges","web":"https://www.apiculteur49.net/","txt":"Apiculteur naturelle depuis de nombreuses années\nMiel en pot (( Biodégradable et compostable ))\n& Vinaigre de Miel 100% Naturel","wiki":null,"tel":"0634032834","postCode":49110,"city":"Montrevault-sur-Èvre","addr":" 43 rue des Mauges 49110 Chaudron-en-Mauges ","cat":"AA","email":"apiculteur49@yahoo.com","suspect":0}
,{"lat":47.28379,"lng":-0.915831,"name":"au jardin de charly","web":"https://www.aujardindecharly.fr","txt":"Maraîcher biologique. Nous avons comme ambition commune de produire de la nourriture fraîche, locale et savoureuse. Nous étoffons petit à petit notre gamme avec plus d’une soixantaine de légumes.","wiki":null,"tel":"0622415330","postCode":49110,"city":"Montrevault-sur-Èvre","addr":" 902 la Crocherie Saint-Quentin-en-Mauges 49110 Montrevault ","cat":"AM","email":"","suspect":0}
,{"lat":47.132855,"lng":-0.887297,"name":"may légumes bio à la source","web":"","txt":"Maraîcher, Producteur de légumes et fruits bio de saison. Vente à la ferme et au marché.","wiki":null,"tel":"0665025124","postCode":49122,"city":"Le May-sur-Èvre","addr":" Lieu-dit La Source","cat":"AM","email":"p.gazatm@hotmail.fr","suspect":0}
,{"lat":47.441414,"lng":-0.941746,"name":"brun de lait","web":"http://brundelait.fr","txt":"Notre exploitation agricole se situe à Saint-Sigismond ( entre Ancenis et Angers ) depuis 4 générations. Nous sommes actuellement 5 associés : Thierry et Isabelle ainsi que leurs 2 filles Audrey , Alice et Alexandre.\n\nDans notre ferme, nous transformons le lait de nos 120 vaches laitières de races Brune et Prim’Holstein.\n\nTous nos produits sont élaborés avec du lait entier, sur notre ferme.","wiki":null,"tel":"","postCode":49123,"city":"Saint-Sigismond","addr":" Le Bois Brillant","cat":"AF","email":"","suspect":0}
,{"lat":47.507219774140104,"lng":-0.43189312960518306,"name":"Atelier Terres de Ce","web":"https://www.atelierterresdece.fr/","txt":"Tourneur céramique","wiki":null,"tel":"0677766251","postCode":49124,"city":"Le Plessis-Grammoire","addr":"La Petite Groie","cat":"OP","email":"atelierterresdece@gmail.com","suspect":0}
,{"lat":47.491462,"lng":-0.431675,"name":"Angevine de Bijouterie","web":"http://https://www.facebook.com/angevinedebijouterie/","txt":"Joaillier","wiki":null,"tel":"0623672971","postCode":49124,"city":"Le Plessis-Grammoire","addr":"02. rue Champ de Maire, ","cat":"OB","email":"helga.dalmazzo@outlook.fr","suspect":0}
,{"lat":47.477611,"lng":-0.490986,"name":"Atelier Marie Connan","web":"http://www.mosaiquepassionnement.fr/","txt":" Mosaïste","wiki":null,"tel":"0682517915","postCode":49124,"city":"Saint-Barthélemy-d'Anjou","addr":"22 route du Plessis Grammoire, 49124 Saint Barthelemy d'Anjou","cat":"OE","email":"mconnan@wanadoo.fr","suspect":0}
,{"lat":47.466867,"lng":-0.492626,"name":"ELLIMAC JOAILLERIE","web":"http://ellimacjoaillerie.wixsite.com/ellimacjoaillerie","txt":"Sertisseur","wiki":null,"tel":"0241051619","postCode":49124,"city":"Saint-Barthélemy-d'Anjou","addr":"31 A ROUTE DE BEAUFORT, 49124 Saint-Barthï¿½lemy-d'Anjou","cat":"OB","email":"ellimacjoaillerie@yahoo.fr","suspect":0}
,{"lat":47.415352,"lng":-0.524438,"name":"ANDREA FRANDSEN LUTHIER","web":"","txt":" Luthier","wiki":null,"tel":"0685049576","postCode":49130,"city":"Les Ponts-de-Cé","addr":"9 Chemin de la Grasserie, 49130 Les Ponts de Cé","cat":"OL","email":"andrea.frandsen@orange.fr","suspect":0}
,{"lat":47.423099,"lng":-0.526338,"name":"ATELIER DU GRAND LARGE","web":"http://www.atelierdugrandlarge.fr","txt":"Potier de grès","wiki":null,"tel":"0241793346","postCode":49130,"city":"Les Ponts-de-Cé","addr":"Port des Noues, 49130 Les Ponts de Cé","cat":"OP","email":"agl.ceramique@laposte.net","suspect":0}
,{"lat":47.436644,"lng":-0.518537,"name":"ATELIER SAINT-ELOI","web":"","txt":"Orfèvre","wiki":null,"tel":"0607245034","postCode":49130,"city":"Les Ponts-de-Cé","addr":"23, rue du Chemineau, 49130 Les Ponts Decé","cat":"OB","email":"atsteloi.ciselure@orange.fr","suspect":0}
,{"lat":47.423493,"lng":-0.527495,"name":"Sabine LAURENT Atelier de décoration murale LAQUE FRESQUE MOSAIQUE","web":"http://sabine-laurent.jimdo.com","txt":"Peintre en décor","wiki":null,"tel":"0632909444","postCode":49130,"city":"Les Ponts-de-Cé","addr":"Rive d'arts, atelier n°2, 13 rue boutreux, 49130 LES PONTS DE CE","cat":"OD","email":"sabinelaurent92@gmail.com","suspect":0}
,{"lat":47.439652,"lng":-0.50381,"name":"Terre et Terroirs","web":"www.terre-terroirs.com","txt":"Produits : Rayon bio, Fruits, Légumes, Viandes, Volaille et lapin, Fromages, Oeufs et produits laitiers, Pain et patisseries, Miels et confitures, Huiles et vinaigres, Épicerie, Vins et alcools, Jus et sirops","wiki":null,"tel":"0241939147","postCode":49130,"city":"Les Ponts-de-Cé","addr":"57 Avenue Jean Boutton ","cat":"AG","email":"","suspect":0}
,{"lat":47.56913,"lng":-0.213343,"name":"l'âge de la perma","web":"https://www.lagedelaperma.fr","txt":"Récoltant de sève de bouleau, l’Age de la Perma s’est implantée au cœur du Maine et Loire. A l’écoute de la nature, et soucieux de fournir un produit de qualité, nous vous proposons une sève pure, naturelle, fraîche et non-traitée. Cette boisson végétale à la fois drainante et reminéralisante vous est proposée en bib de 3l et 5l. Idéale donc pour profitez pleinement des bienfaits d’une cure détox. \nA la sortie de l’hiver, n’hésitez pas et optez pour une cure de sève de bouleau.","wiki":null,"tel":"0647667710","postCode":49140,"city":"Jarzé Villages","addr":" La Roche Maubert 49140 Jarzé ","cat":"A","email":"q.crusson@lagedelaperma.fr","suspect":0}
,{"lat":47.555163,"lng":-0.437119,"name":"savons zébulles","web":"http://www.savons-zebulles.com","txt":"Fabrication de savons naturels et artisanaux en saponification à froid.\n100% des huiles végétales et essentielles biologiques.","wiki":null,"tel":"","postCode":49140,"city":"Rives-du-Loir-en-Anjou","addr":" 8 B, Chemin de la Raverie 49140 Villevêque ","cat":"P","email":"contact@savons-zebulles.com","suspect":0}
,{"lat":47.584868,"lng":-0.34445,"name":"VERRIER D'ART ÉRIC BOUCHER","web":"","txt":"Restaurateur de vitraux","wiki":null,"tel":"0241699701","postCode":49140,"city":"Seiches-sur-le-Loir","addr":"ZA de la Suzerolle, 49140 SEICHES SUR LE LOIR","cat":"OR","email":"verrierdart@wanadoo.fr","suspect":0}
,{"lat":47.508336,"lng":-0.081349,"name":"ATELIER AUDER D'ORNEMENTS","web":"http://https://www.atelierauder-ornements.com","txt":" Couvreur ornemaniste","wiki":null,"tel":"0612277917","postCode":49150,"city":"Baugé-en-Anjou","addr":"8 rue de Chandelais  Bocé, 49150 Bocé - Baugé En Anjou","cat":"OM","email":"contact@atelierauder-ornements.com","suspect":0}
,{"lat":47.401874,"lng":-0.710633,"name":"chèvrerie de l'épicéa","web":"","txt":"Producteur de fromage de chèvres, retrouvez les fromages type de montagne au pieds de la Loire.","wiki":null,"tel":"0682833023","postCode":49170,"city":"La Possonnière","addr":" Lieu dit les roches","cat":"AF","email":"Chevreriedelepicea@gmail.com","suspect":0}
,{"lat":47.387777,"lng":-0.744603,"name":"jers'aime","web":"https://www.facebook.com/JersaimePatisCande/","txt":"La Ferme du Patis Candé - Jers'aime, à Saint Georges sur Loire, vous accueille tous les samedis matins, entre 9H et 12H, toute l'année, pour de la vente de lait cru en vrac, produits laitiers et bocaux.\nEn fonction des saisons, d'autres producteurs, sont présents.","wiki":null,"tel":"0600000000","postCode":49170,"city":"Saint-Georges-sur-Loire","addr":" 1053, route des Courlis Lieu-dit Le Patis Candé ","cat":"AF","email":"jersaime@laposte.net","suspect":0}
,{"lat":47.342206,"lng":-0.692916,"name":"gouffier couture","web":"http://www.gouffier-couture.fr","txt":"Pour les marchés je créée des chapeaux femmes,homme et enfants et des foulards au crochet.Je suis couturière sur mesures.","wiki":null,"tel":"0241785499","postCode":49190,"city":"Val-du-Layon","addr":" 2 Venelle des mineurs 49190 Saint-Aubin-de-Luigné ","cat":"A","email":"gouffiercouture@gmail.com","suspect":0}
,{"lat":47.348656,"lng":-0.651235,"name":"ATELIER GARNIER","web":"http://www.atelier-garnier-anjou-dorure.fr","txt":" Doreur-ornemaniste","wiki":null,"tel":"0241788120","postCode":49190,"city":"Rochefort-sur-Loire","addr":"","cat":"OO","email":"","suspect":0}
,{"lat":47.584543,"lng":-0.760934,"name":"PIERRE D'ANGLE","web":"http://pierredangle.pro/","txt":"Tailleur de pierre","wiki":null,"tel":"0650786541","postCode":49220,"city":"Erdre-en-Anjou","addr":"25 Rue d'Anjou Brain sur longuenée, 49220 ERDRE EN ANJOU","cat":"OZ","email":"gudavoust@gmail.com","suspect":0}
,{"lat":47.116443,"lng":-0.981142,"name":"La Forge De Style","web":"http://www.laforgedestyle.com","txt":"Métallier - Serrurrier","wiki":null,"tel":"0241290218","postCode":49230,"city":"Sèvremoine","addr":"11, rue Denis Papin, 49450 Saint Macaire en Mauges","cat":"OM","email":"contact@laforgedestyle.com","suspect":0}
,{"lat":47.515566,"lng":-0.610672,"name":"CHEVILLARD","web":"http://www.chevillard-sa.fr","txt":"Doreur","wiki":null,"tel":"0241180960","postCode":49240,"city":"Avrillé","addr":"5 rue René Descartes La Croix-Cadeau, ","cat":"OE","email":"contact@chevillard-sa.fr","suspect":0}
,{"lat":47.504504,"lng":-0.236071,"name":"les ruches de capucine","web":"https://www.les-ruches-de-capucine.fr/","txt":"Apiculteur, récoltant, propose et transforme les produits de la ruche.\nProduits proposés à la vente: \nMiels \nPains d'épices & Nougats artisanaux\nConfiseries et petits savons confectionnés avec le miel de nos ruchers\nProduits à venir Hydromel ( été 2023)","wiki":null,"tel":"0627381658","postCode":49250,"city":"Les Bois d'Anjou","addr":" 14 rue saint Georges 49250 Les Bois d'Anjou 4925","cat":"AA","email":"info@les-ruches-de-capucine.fr","suspect":0}
,{"lat":47.413828,"lng":-0.321724,"name":"fournier","web":"","txt":"Je suis producteur de noix \"FRANQUETTE\" (noix de GRENOBLE)","wiki":null,"tel":"0253610873","postCode":49250,"city":"Loire-Authion","addr":" 3 SQUARE DES VENTES 49250 Saint-Mathurin-sur-Loire ","cat":"A","email":"fournier.e@neuf.fr","suspect":0}
,{"lat":47.19347,"lng":-0.120486,"name":"ATELIER DE LA GIROUETTERIE","web":"http://www.girouette.com","txt":" Décorateur sur métal","wiki":null,"tel":"0241679830","postCode":49260,"city":"Le Coudray-Macouard","addr":"24, rue du Puits Venier, 49260 Le Coudray Macouard","cat":"OF","email":"girouette@girouette.com","suspect":0}
,{"lat":47.177015,"lng":-0.137551,"name":"JEAN LOUIS TROTTÉ","web":"","txt":" Tailleur de pierre","wiki":null,"tel":"0607536224","postCode":49260,"city":"Le Coudray-Macouard","addr":"Z.A le pas de la biche, 49260 LE COUDRAY MACOUARD","cat":"OZ","email":"jeanlouis.trotte@wanadoo.fr","suspect":0}
,{"lat":47.094495,"lng":-0.916204,"name":"DIXNEUF","web":"http://www.sculpturesbois.com","txt":"Sculpteur sur bois","wiki":null,"tel":"0241586972","postCode":49280,"city":"Saint-Léger-sous-Cholet","addr":"11, rue des Métiers, 49280 St Léger sous Cholet","cat":"OO","email":"dixneuf@sculpturesbois.com","suspect":0}
,{"lat":47.075595,"lng":-0.929286,"name":"SARL FORGE DECO OUEST","web":"http://www.forgedecoouest.com","txt":" Ferronnier","wiki":null,"tel":"0686751216","postCode":49280,"city":"La Séguinière","addr":"Arago ZI la Bergerie, 49280 La SEGUINIERE","cat":"OF","email":"forgedecoouest@orange.fr","suspect":0}
,{"lat":47.032476,"lng":-0.944673,"name":"La Grange aux Chênes","web":"www.grangeauxchenes.fr","txt":"Produits : Rayon bio, Fruits, Légumes, Viandes, Volaille et lapin, Oeufs et produits laitiers, Pain et patisseries, Miels et confitures, Vins et alcools","wiki":null,"tel":"0241569370","postCode":49280,"city":"Saint-Christophe-du-Bois","addr":"La Malmongère ","cat":"AG","email":"","suspect":0}
,{"lat":47.351528,"lng":-0.759954,"name":"ARTS AND CO","web":"","txt":" Encadreur","wiki":null,"tel":"0241662193","postCode":49290,"city":"Chalonnes-sur-Loire","addr":"37, rue du Vieux Pont, ","cat":"OO","email":"osac49@orange.fr","suspect":0}
,{"lat":47.318556,"lng":-0.802577,"name":"ATELIERS PERRAULT FRÈRES","web":"http://www.ateliersperrault.com","txt":"Parqueteur","wiki":null,"tel":"0241223722","postCode":49290,"city":"Mauges-sur-Loire","addr":"30 rue Sébastien Cady, 49290 Saint-Laurent de la Plaine","cat":"OM","email":"contact@ateliersperrault.com","suspect":0}
,{"lat":47.050239,"lng":-0.880135,"name":"ART DE LA RELIURE","web":"http://artdelareliure.free.fr","txt":"Sculpteur sur cuir","wiki":null,"tel":"0610150579","postCode":49300,"city":"Cholet","addr":"1, square des lutins, ","cat":"OE","email":"catherinedebarre@yahoo.fr","suspect":0}
,{"lat":47.060519,"lng":-0.882047,"name":"ARTIFICE","web":"http://www.artifice 49.com","txt":" Peintre en décor","wiki":null,"tel":"0680016728","postCode":49300,"city":"Cholet","addr":"11, rue nantaise, 49300 CHOLET","cat":"OE","email":"contact@artifice49.fr","suspect":0}
,{"lat":47.065907,"lng":-0.871375,"name":"L'ATELIER DES MILLE FEUILLETS","web":"http://www.lesmillefeuillets.fr","txt":"Restaurateur de reliures","wiki":null,"tel":"0241751179","postCode":49300,"city":"Cholet","addr":"11, boulevard du Général Faidherbe, ","cat":"OD","email":"lesmillefeuillets@hotmail.com","suspect":0}
,{"lat":47.345143,"lng":-0.438462,"name":"CYRILLE POMMEAU - CRÉATEUR JOAILLIER","web":"http://www.bijouteriepommeau.com","txt":"Sertisseur","wiki":null,"tel":"0241783701","postCode":49320,"city":"Brissac Loire Aubance","addr":"127 bis, rue Louis Moron, 49320 Brissac Quincé","cat":"OB","email":"bijouterie.pommeau@orange.fr","suspect":0}
,{"lat":47.395809,"lng":-0.436093,"name":"DANIELLE PRIOU","web":"http://www.la-fourrure.com","txt":"Fabricant d'accessoires de mode","wiki":null,"tel":"0680960820","postCode":49320,"city":"Brissac Loire Aubance","addr":"1, rue de l'église, 49320 SAINT SATURNIN SUR LOIRE","cat":"OE","email":"lafourruredany@orange.fr","suspect":0}
,{"lat":47.671855,"lng":-0.614995,"name":"la potager de querré","web":"","txt":"Petite ferme maraichère bio produisant une large gamme de légumes de saison, sains et savoureux toute l'année !","wiki":null,"tel":"0783230990","postCode":49330,"city":"Les Hauts-d'Anjou","addr":" La petite chouanière 49330 Querré ","cat":"AM","email":"","suspect":0}
,{"lat":47.679802,"lng":-0.488574,"name":"Atelier 2Bis","web":"http://www.emma-ozlem.fr","txt":"Imprimeur en taille-douce","wiki":null,"tel":"0609532355","postCode":49330,"city":"Les Hauts-d'Anjou","addr":"19 rue Nationale Châteauneuf-sur-Sarthe, ","cat":"OD","email":"eokaya@hotmail.fr","suspect":0}
,{"lat":47.095622,"lng":-0.798276,"name":"Atelier B.Chaligné","web":"http://www.tapisserie-b-chaligne.com","txt":" Tapissier d'ameublement/tapissier décorateur","wiki":null,"tel":"0626986122","postCode":49340,"city":"Nuaillé","addr":"ZAC de la Caille - Rue des Métiers, ","cat":"OE","email":"contact@tapisserie-b-chaligne.com","suspect":0}
,{"lat":47.120073,"lng":-0.789455,"name":"LA POTERIE DES MAUGES","web":"","txt":" Céramiste","wiki":null,"tel":"0241624129","postCode":49340,"city":"Trémentines","addr":"101, rue général de Gaulle, 49340 TREMENTINES","cat":"OP","email":"alain.bidet1@free.fr","suspect":0}
,{"lat":47.086303,"lng":-0.680953,"name":"S. COURLIVANT","web":"","txt":" Peintre en décor","wiki":null,"tel":"0241642915","postCode":49340,"city":"Chanteloup-les-Bois","addr":"Le Bordage Joli, 49340 Vezins","cat":"OE","email":"sandra.courlivant@wanadoo.fr","suspect":0}
,{"lat":47.285898,"lng":-0.255491,"name":"la ferme de milly","web":"","txt":"Maraîchers, récemment installés (Mars 2021), ayant fait le choix de travailler manuellement le plus possible sur : 3,5ha dont 620m2 de serres tunnels.\nNous cultivons nos légumes de saison; \n-(pomme de terre, tomates, poireaux, chx cabus, radis, radis noire, navets, épinard, piments, poirés, aromatiques, courges, courgettes, concombres, ails, échalotes, oignons, haricots, petit poids, poivrons, arroches rouges, patates douces), dans le respect de la nature et du vivant. \nNous n'utilisons pas de produits de synthèses, nous diversifions nos légumes et y associons des plantes auxiliaires. Nous sommes certifiés en Agriculture Biologique et pratiquons les principes de la permaculture.\nNous avons aussi à cœur de transmettre notre passion aux générations futures et travaillons activement avec les collèges, les crèches et les Maison Familiales Rurales. Nous accueillons aussi régulièrement des groupes ou stagiaires pour leur faire découvrir la ferme et notre métier. \nNous proposons une vente directe au champs de mars à","wiki":null,"tel":"0650346183","postCode":49350,"city":"Gennes-Val-de-Loire","addr":" 56 chemin des sentis 49350 Gennes ","cat":"AM","email":"lafermedemilly@gmail.com","suspect":0}
,{"lat":47.373806,"lng":-0.271588,"name":"ATELIER JEAN-LOUIS BABOU","web":"http://www.atelierjeanlouisbabou.fr","txt":" Tapissier d'ameublement/tapissier décorateur","wiki":null,"tel":"0607106143","postCode":49350,"city":"Gennes-Val-de-Loire","addr":"1, rue résidence du Parc, 49350 Le Thoureil","cat":"OE","email":"babouatelier@wanadoo.fr","suspect":0}
,{"lat":47.339052,"lng":-0.233929,"name":"G.GIRARDEAU","web":"","txt":" Tailleur de pierre","wiki":null,"tel":"0607176618","postCode":49350,"city":"Gennes-Val-de-Loire","addr":"18 rue de l'Ancienne Mairie, 49350 Gennes","cat":"OZ","email":"g.girardeau@yahoo.fr","suspect":0}
,{"lat":47.330128,"lng":-0.183316,"name":"MAMET MAROQUINIER","web":"http://www.mamet-maroquinier.fr ","txt":" Maroquinier","wiki":null,"tel":"0241384054","postCode":49350,"city":"Saint-Clément-des-Levées","addr":"5 bis, Port Poisson, 49350 Saint Clément des Levées","cat":"OT","email":"raphael.mamet@wanadoo.fr","suspect":0}
,{"lat":47.014494,"lng":-0.764235,"name":"ATELIER D'ENLUMINURE","web":"http://enlumine@orange.fr","txt":" Enlumineur","wiki":null,"tel":"0679501156","postCode":49360,"city":"Maulévrier","addr":"La-La, ","cat":"OD","email":"enlumine@orange.fr","suspect":0}
,{"lat":47.474943,"lng":0.010273,"name":"gérard audio et anne-claire dodin","web":"","txt":"Cultivateurs de fruits et miels, ils proposent des produits dérivés (jus de fruits, confitures).","wiki":null,"tel":"0241508238","postCode":49390,"city":"Mouliherne","addr":" Les Jamerons","cat":"AA","email":"","suspect":0}
,{"lat":47.418068,"lng":0.016505,"name":"CATHERINE BOISSEAU","web":"http://www.boisseau-sculpteurs.com","txt":"Sculpteur statuaire","wiki":null,"tel":"0241385527","postCode":49390,"city":"Vernantes","addr":"Le Moulin Foulon, ","cat":"OF","email":"boisseau.demesmay@wanadoo.fr","suspect":0}
,{"lat":47.395024,"lng":0.053225,"name":"VANNERIE D'OSIER","web":"http://www.vanneries.fr","txt":" Vannier","wiki":null,"tel":"0241515826","postCode":49390,"city":"Vernantes","addr":"Le Houx, route de Noyant, ","cat":"OO","email":"ccpineau@wanadoo.fr","suspect":0}
,{"lat":47.25831,"lng":-0.078708,"name":"AMBIANCE DÉCOR","web":"http://tapissierdecorateur-brunomoine.com ","txt":" Tapissier d'ameublement/tapissier décorateur","wiki":null,"tel":"0241512420","postCode":49400,"city":"Saumur","addr":"37, rue du portail Louis, ","cat":"OE","email":"brunomoine.deco@orange.fr","suspect":0}
,{"lat":47.237678,"lng":-0.022759,"name":"ATELIER ISABELLE CHAVANON","web":"http://www.isabellechavanon.com","txt":" Restaurateur de tableaux","wiki":null,"tel":"0681991868","postCode":49400,"city":"Saumur","addr":"69/71 rue Morains, 49400 DAMPIERRE-SUR-LOIRE","cat":"OD","email":"contact@isabellechavanon.com","suspect":0}
,{"lat":47.268898,"lng":-0.103319,"name":"ATELIER PASCALE B.","web":"http://www.atelierpascaleb.com","txt":"Restaurateur de vitraux","wiki":null,"tel":"0677237755","postCode":49400,"city":"Saumur","addr":"54, rue Jean Ackerman Saint Hilaire-St. Florent, 49400 SAUMUR","cat":"OR","email":"atelier.pascaleb@wanadoo.fr","suspect":0}
,{"lat":47.263282,"lng":-0.055548,"name":"MADE IN MOSAIC","web":"http://www.made-in-mosaic.fr","txt":"Maître-verrier (ou Vitrailliste)","wiki":null,"tel":"0241500600","postCode":49400,"city":"Saumur","addr":"3, route de Tours, ","cat":"OE","email":"compagnie@made-in-mosaic.fr","suspect":0}
,{"lat":47.262475,"lng":-0.081943,"name":"MARTINEAU","web":"http://www.groupe-martineau.fr","txt":"Médailleur","wiki":null,"tel":"0241673440","postCode":49400,"city":"Saumur","addr":"ZAC ECOPARC, ","cat":"OE","email":"contact@martineau.fr","suspect":0}
,{"lat":47.26497,"lng":-0.100471,"name":"SARL SAUMUR BOTTERIE","web":"http://www.joelalbert.com","txt":" Bottier main","wiki":null,"tel":"0680872420","postCode":49400,"city":"Saumur","addr":"7, place de la senatorerie, 49400 SAUMUR","cat":"HB","email":"contact@joelalbert.com","suspect":0}
,{"lat":47.317808,"lng":-0.799633,"name":"ATELIER du BOIS D'AMOURETTE","web":"http://www.atelier-du-bois-d-amourette.fr","txt":"Vernisseur finisseur","wiki":null,"tel":"0603812458","postCode":49410,"city":"Mauges-sur-Loire","addr":"5 rue Saint Eloi ZA de la Douarderie, 49290 SAINT LAURENT DE LA PLAINE","cat":"OO","email":"christophe.real@atelier-du-bois-d-amourette.fr","suspect":0}
,{"lat":47.369702,"lng":-0.828983,"name":"ATELIERS LAPIDIS","web":"","txt":"Tailleur de pierre","wiki":null,"tel":"0241390947","postCode":49410,"city":"Mauges-sur-Loire","addr":"Chateaupanne, 49570 MONJEAN SUR LOIRE","cat":"OZ","email":"atelierslapidis@wanadoo.fr","suspect":0}
,{"lat":47.317264,"lng":-0.799592,"name":"DELAUNAY","web":"http://forge delaunay.fr","txt":"Fondeur ","wiki":null,"tel":"0241782676","postCode":49410,"city":"Mauges-sur-Loire","addr":"1 rue Saint-Eloi, 49290 Saint-Laurent-de-la-Plaine","cat":"OF","email":"forge-delaunay@hotmail.fr","suspect":0}
,{"lat":47.66036,"lng":-0.247905,"name":"MONTGOLFIER","web":"http://www.montgolfier.fr","txt":" Céramiste","wiki":null,"tel":"0241180939","postCode":49430,"city":"Durtal","addr":"1, rue Denis Papin, 49430 DURTAL","cat":"OP","email":"montgolfier@montgolfier.fr","suspect":0}
,{"lat":47.650677,"lng":-0.202316,"name":"RAIRIES MONTRIEUX","web":"http://www.rairies.com","txt":"Potier de terre cuite","wiki":null,"tel":"0241211520","postCode":49430,"city":"Les Rairies","addr":"Route de Fouqeré, ","cat":"OP","email":"rairies@montrieux.fr","suspect":0}
,{"lat":47.638847,"lng":-0.30209,"name":"Ritouet sarl","web":"http://www.ritouet.fr","txt":"Tuilier","wiki":null,"tel":"0241769247","postCode":49430,"city":"Huillé-Lézigné","addr":"14, rue d'Ignerelle, 49430 Lézigné","cat":"OM","email":"contact@ritouet.fr","suspect":0}
,{"lat":47.654033,"lng":-0.203023,"name":"TERRES CUITES LES RAIRIES - ETS YVON CAILLEAU - ATELIER LE CROC\n","web":"http://www.cailleau.fr","txt":"Paveur-dalleur","wiki":null,"tel":"0241763209","postCode":49430,"city":"Les Rairies","addr":"Rue de Bazouges  BP 2000 9, 49430 LES RAIRIES","cat":"OM","email":"contact@cailleau.fr","suspect":0}
,{"lat":47.512254,"lng":-0.461672,"name":"PHILIPPE EMERIAU FACTEUR D'ORGUES","web":"","txt":" Facteur et restaurateur d'orgues","wiki":null,"tel":"0616553594","postCode":49480,"city":"Verrières-en-Anjou","addr":"L'atelier du Moulin La Haie Joulain, 49480 St SYLVAIN d'Anjou","cat":"OL","email":"philippe.emeriau@libertysurf.fr","suspect":0}
,{"lat":47.511326,"lng":-0.475446,"name":"Marché Fermier","web":"www.marche-fermier.net","txt":"Produits : Rayon bio, Fruits, Légumes, Poissons, Viandes, Traiteur et charcuterie, Volaille et lapin, Fromages, Oeufs et produits laitiers, Pain et patisseries, Miels et confitures, Huiles et vinaigres, Épicerie, Vins et alcools, Jus et sirops","wiki":null,"tel":"0241608756","postCode":49480,"city":"Verrières-en-Anjou","addr":"2, Avenue de la Millardière 49480 Saint-Sylvain-d’Anjou","cat":"AG","email":"","suspect":0}
,{"lat":47.46664,"lng":0.123939,"name":"LOUBIERE - La Forge d'Art","web":"http://www.loubiere.fr","txt":" Ferronnier","wiki":null,"tel":"0688558500","postCode":49490,"city":"La Pellerine","addr":"L'Echallerie, 49490 LA PELLERINE","cat":"OF","email":"LFA@orange.fr","suspect":0}
,{"lat":47.694656,"lng":-0.857443,"name":"manihygiene","web":"http://www.manihygiene.com","txt":"Société  spécialisé dans les produits d'emballages : sac sous vide sac kraft fruits et légumes AB , sac biodégradables...2000 réf.... Et produits d'entretiens , essuyage, nettoyage 1000 réf .","wiki":null,"tel":"0241617640","postCode":49500,"city":"Segré-en-Anjou Bleu","addr":" 13 rue louis Lépine 49500 Segré ","cat":"AM","email":"manihygiene@orange.fr","suspect":0}
,{"lat":47.195776,"lng":-0.868112,"name":"Le Panier du Terroir","web":"","txt":"","wiki":null,"tel":"0241301335","postCode":49510,"city":"Beaupréau-en-Mauges","addr":"4 Rue Chantemerle 49510 Jallais","cat":"AG","email":"","suspect":0}
,{"lat":47.760902,"lng":-0.924296,"name":"POTERIE","web":"http://www.poterie-fievet.com","txt":" Potier de grès","wiki":null,"tel":"0241611614","postCode":49520,"city":"Segré-en-Anjou Bleu","addr":"Rue du pont Le Moulin, 49520 CHATELAIS","cat":"OP","email":"alain.fievet@wanadoo.fr","suspect":0}
,{"lat":47.340569,"lng":-1.10849,"name":"ROBERT & ROBERT","web":"http://www.forgerobert.fr","txt":" Ferronnier","wiki":null,"tel":"0675716148","postCode":49530,"city":"Orée d'Anjou","addr":"Les Rousselières, 49530 Bouzillé","cat":"OF","email":"forgerobert@free.fr","suspect":0}
,{"lat":47.168189,"lng":-0.463629,"name":"FRA-JOSÉPHINE","web":"http://www.frajosephine.com","txt":"Tisserand","wiki":null,"tel":"0688798517","postCode":49540,"city":"Lys-Haut-Layon","addr":"4 Lieu-dit Haut Marmande La Fosse de Tigné, 49540 Lys Haut Layon","cat":"HT","email":"atelier@frajosephine.com","suspect":0}
,{"lat":47.40010529,"lng":-0.85157145,"name":"Sessile","web":"https://www.sessile.co/","txt":"Chaussures","wiki":null,"tel":"0788708746","postCode":49570,"city":"Mauges-sur-Loire","addr":"42 Rue Albert-René-Biotteau","cat":"HB","email":"X","suspect":0}
,{"lat":47.181401,"lng":0.048303,"name":"Atelier Festina Lente Richard Leray","web":"http://www.atelier-festinalente.com  www.richard-leray.com","txt":" Imagier au pochoir","wiki":null,"tel":"0787073244","postCode":49590,"city":"Fontevraud-l'Abbaye","addr":"16 allée Sainte-Catherine, 49590 Fontevraud L'Abbaye","cat":"OD","email":"richardleray49@gmail.com","suspect":0}
,{"lat":47.181362,"lng":0.048078,"name":"ATELIER MICHEL THIBAULT","web":"","txt":" Tapissier d'ameublement/tapissier décorateur","wiki":null,"tel":"0241387589","postCode":49590,"city":"Fontevraud-l'Abbaye","addr":"18, allée Sainte Catherine, 49590 Fontevraud l'Abbaye","cat":"OE","email":"ml.thibault@wanadoo.fr","suspect":0}
,{"lat":47.203533,"lng":-0.98333,"name":"Les Beauprés","web":"","txt":"Produits : Fruits, Légumes, Viandes, Traiteur et charcuterie, Volaille et lapin, Fromages, Oeufs et produits laitiers, Miels et confitures, Huiles et vinaigres, Épicerie, Vins et alcools, Jus et sirops","wiki":null,"tel":"0241635450","postCode":49600,"city":"Beaupréau-en-Mauges","addr":"21 bis Rue Saint Martin 49600 Beaupréau","cat":"AG","email":"","suspect":0}
,{"lat":47.236918,"lng":-0.578257,"name":"earl mousseau christian","web":"","txt":"vigneron","wiki":null,"tel":"0616749713","postCode":49670,"city":"Chemillé-en-Anjou","addr":"4, rue du moulin 49670 valanjou","cat":"AB","email":"","suspect":0}
,{"lat":47.189008,"lng":-0.189244,"name":"le jardin de galy","web":"","txt":"Production de plantes à massif,  jeunes plants potagers, chrysanthèmes, etc... A chaque saison nous vous proposons une game très variées pour vos extérieurs et intérieurs.","wiki":null,"tel":"0241670401","postCode":49700,"city":"Cizay-la-Madeleine","addr":" 7 route de la croix de mission","cat":"A","email":"lejardindegaly@gmail.com","suspect":0}
,{"lat":47.224349,"lng":0.025876,"name":"ATELIER MARC BOUTFOL","web":"","txt":"Vernisseur finisseur","wiki":null,"tel":"0672925802","postCode":49730,"city":"Turquant","addr":"Chateaux Gaillard, ","cat":"OO","email":"commune.turquant@wanadoo.fr","suspect":0}
,{"lat":47.223353,"lng":0.028079,"name":"ULTREIA","web":"http://www.bijoux-ultreia.com","txt":" Bijoutier en métaux précieux","wiki":null,"tel":"0689973689","postCode":49730,"city":"Turquant","addr":"Impasse de la mairie, ","cat":"OB","email":"sylvie.naulin@gmail.com","suspect":0}
,{"lat":47.269054,"lng":-0.608455,"name":"P.B.","web":"","txt":" Graveur sur pierre","wiki":null,"tel":"0613728793","postCode":49750,"city":"Chemillé-en-Anjou","addr":"L'Epinay, 49750 Chanzeaux","cat":"OZ","email":"","suspect":0}
,{"lat":47.310788,"lng":-0.589263,"name":"SOME-DAYS.COM","web":"http://www.some-days.com/","txt":" Graphiste","wiki":null,"tel":"0241786216","postCode":49750,"city":"Beaulieu-sur-Layon","addr":"4, rue du dolmen, 49750 Beaulieu-sur-layon","cat":"OD","email":"v.moreau49@orange.fr","suspect":0}
,{"lat":47.557164,"lng":-0.669526,"name":"HORLOGERIE ANCIENNE ET BAROMETRES ANCIENS","web":"http://www.horlogerie-ancienne-barometre.com","txt":" Fabricant et restaurateur d'horloges, carillons, pendules, aiguilles, balanciers","wiki":null,"tel":"0667255203","postCode":49770,"city":"Longuenée-en-Anjou","addr":"8 Bis rue jean Lefrançois, 49770 La Membrolle-sur-Longuenée","cat":"OB","email":"frederic.flon@wanadoo.fr","suspect":0}
,{"lat":47.445496,"lng":-0.425053,"name":"LES MÉTIERS DU PLÂTRE","web":"","txt":" Staffeur-stucateur","wiki":null,"tel":"0241804049","postCode":49800,"city":"Loire-Authion","addr":"10, route de Narcé, 49800 Brain sur l'Authion","cat":"OE","email":"","suspect":0}
,{"lat":47.445039,"lng":-0.502356,"name":"LETELLIER NAKAMURA","web":"http://www.translucides.fr","txt":" Fabricant de papier","wiki":null,"tel":"0610251011","postCode":49800,"city":"Trélazé","addr":"243, rue Jean Jaurès, 49800 Trelaze","cat":"OD","email":"letellierjeanmichel@gmail.com","suspect":0}
,{"lat":47.419406,"lng":-0.436476,"name":"SCULPTURE ET ORNEMENT","web":"http://www.tetesenlair.com","txt":"Sculpteur statuaire","wiki":null,"tel":"0613090455","postCode":49800,"city":"Loire-Authion","addr":"Ligérienne n°3, 49800 La Daguenière","cat":"OZ","email":"f.weygand@wanadoo.fr","suspect":0}
]}