{"id":76,"producers":[
{"lat":49.446681,"lng":1.089432,"name":"ATELIER CHRISTIAN GOUEL","web":"http://www.cg-models.com","txt":" Fabricant et restaurateur de maquettes","wiki":null,"tel":"0235721208","postCode":76000,"city":"Rouen","addr":"78 Rampe Bouvreuil, ","cat":"O","email":"cg-models@wanadoo.fr"}
,{"lat":49.4398,"lng":1.090565,"name":"ATELIER DE LA PENDULE","web":"http://atelier-pendule.com","txt":"Restaurateurs de montres de collection","wiki":null,"tel":"0603897679","postCode":76000,"city":"Rouen","addr":"103, rue du general Leclerc, ","cat":"O","email":"alain.graindorghe@free.fr"}
,{"lat":49.448388,"lng":1.115352,"name":"Atelier perréand","web":"http://www.atelierperreand.com","txt":" Ebéniste","wiki":null,"tel":"0674735192","postCode":76000,"city":"Rouen","addr":"25 rue marquis, ","cat":"O","email":"atelierperreand@gmail.com"}
,{"lat":49.439698,"lng":1.10064,"name":"CHEROYAN KARINE","web":"http://art-restauration-normandie.com","txt":" Restaurateur de tableaux","wiki":null,"tel":"0607401941","postCode":76000,"city":"Rouen","addr":"40 rue Victor Hugo, 76000 ROUEN","cat":"O","email":"contact@art-restauration-normandie.com"}
,{"lat":49.442144,"lng":1.085232,"name":"DOMINIQUE CHARLET","web":"","txt":" Fabricant et restaurateur d'horloges, carillons, pendules, aiguilles, balanciers","wiki":null,"tel":"0625794170","postCode":76000,"city":"Rouen","addr":"17, rue de Fontenelle, ","cat":"O","email":"d.charlet@wanadoo.fr"}
,{"lat":49.443926,"lng":1.096563,"name":"LE COEUR DES ROSES","web":"http://www.lecoeurdesroses.fr","txt":" Bijoutier fantaisie","wiki":null,"tel":"0633793986","postCode":76000,"city":"Rouen","addr":"16, rue Jean Lecanuet, ","cat":"O","email":"lecoeurdesroses@wanadoo.fr"}
,{"lat":49.425038,"lng":1.088252,"name":"ARTURASS","web":"http://www.arturass.com","txt":"Maçon","wiki":null,"tel":"0637155529","postCode":76100,"city":"Rouen","addr":"10 rue de Sotteville, ","cat":"O","email":"showroom@arturass.com"}
,{"lat":49.432527,"lng":1.044316,"name":"RESTAURATION DE TABLEAUX R-C","web":"","txt":" Restaurateur de tableaux","wiki":null,"tel":"0626203767","postCode":76100,"city":"Rouen","addr":"59C, rue de l'église, ","cat":"O","email":"rejanecalle@hotmail.fr"}
,{"lat":49.364138,"lng":0.975076,"name":"ART & DÉCORS","web":"http://www.art-et-decors.fr","txt":" Peintre en décor","wiki":null,"tel":"0235600700","postCode":76113,"city":"Hautot-sur-Seine","addr":"3, allée de l'ancien vignoble, 76113 Hautot sur Seine","cat":"O","email":"artetdecors@gmail.com"}
,{"lat":49.358574,"lng":0.945717,"name":"LA MAISON VIVANTE","web":"http://www.la-maison-vivante.fr","txt":" Peintre en décor","wiki":null,"tel":"0683440863","postCode":76113,"city":"Sahurs","addr":"1, route de la forêt Atelier Rue de Haut, ","cat":"O","email":"lamaisonvivante@orange.fr"}
,{"lat":49.471714,"lng":1.344999,"name":"GALLARD TOURNEUR","web":"http://www.artistesurbois.com","txt":" Tourneur sur bois","wiki":null,"tel":"0620893781","postCode":76116,"city":"Ry","addr":"2 CHEMIN DU MOULIN A CUIR, 76116 RY","cat":"O","email":"gegallard@yahoo.fr"}
,{"lat":49.430629,"lng":1.052611,"name":"FRANCIS LAURENT","web":"http://francis-laurent.com","txt":"Sculpteur sur bois","wiki":null,"tel":"0235722110","postCode":76140,"city":"Le Petit-Quevilly","addr":"21, rue Jacquard, ","cat":"O","email":"francislaurent@free.fr"}
,{"lat":49.481765,"lng":1.045655,"name":"BOURHIS YANNICK","web":"http://bourhis-yannick.fr","txt":"Vernisseur au tampon ","wiki":null,"tel":"0680137233","postCode":76150,"city":"Maromme","addr":"143, rue des martyrs de la résistance, ","cat":"O","email":"yannick.bourhis@laposte.net"}
,{"lat":49.484859,"lng":1.046338,"name":"BRUNO LETELLIER","web":"http://wwww.brunoletellier.fr","txt":" Ebéniste","wiki":null,"tel":"0601865661","postCode":76150,"city":"Maromme","addr":"11, rue du Moulin à Poudre, ","cat":"O","email":"creations@brunoletellier.fr"}
,{"lat":49.450416,"lng":1.150283,"name":"Les Quatre Domaines","web":"","txt":"Producteur laitier","wiki":null,"tel":"","postCode":76160,"city":"Darnétal","addr":"Blandine AOUSTIN","cat":"AV","email":""}
,{"lat":49.438335,"lng":1.143712,"name":"MARIE-PIERRE FOURNIER","web":"http://www.dorure-polychromie.com","txt":" Doreur-ornemaniste","wiki":null,"tel":"0679786201","postCode":76160,"city":"Darnétal","addr":"18, rue Thiers, ","cat":"O","email":"mpfournier@dorure-polychromie.com"}
,{"lat":49.613456,"lng":0.777409,"name":"poulets de la ferme","web":"","txt":"Je suis installé depuis 1998, entre l'Affenadou et le Martinet. J'éleve les volailles fermières avec une alimentation composée de céréales sans OGM ni antibiotique, en plein air sur deux parcs ombragés et enherbés.","wiki":null,"tel":"0685853452","postCode":76190,"city":"Yvetot","addr":" château de la plaine 30530 Portes ","cat":"AV","email":"lacroze.n@hotmail.fr"}
,{"lat":49.560229,"lng":0.869525,"name":"OLIVIER CRÉATIONS","web":"http://www.oliviercreations.fr","txt":" Ferronnier","wiki":null,"tel":"0662844833","postCode":76190,"city":"Blacqueville","addr":"233, chmin des ifs, 76770 Blacqueville","cat":"O","email":"oliviercreations@orange.fr"}
,{"lat":49.547787,"lng":1.679277,"name":"moinet","web":"http://www.earl-moinet.com/","txt":"Vente de produits laitiers dans l'exploitation de Dampierre-en-Bray.","wiki":null,"tel":"0235901229","postCode":76220,"city":"Dampierre-en-Bray","addr":" 2448 chemin de Hyaumet","cat":"AF","email":"moinet.laurent@wanadoo.fr"}
,{"lat":49.412396,"lng":1.138092,"name":"BARRAULT DIDIER","web":"http://didierbarrault.fr","txt":" Restaurateur de tableaux","wiki":null,"tel":"0614758046","postCode":76240,"city":"Le Mesnil-Esnard","addr":"Place du général de Gaulle ADB ATELIER DIDIER BARRAULT, 76240 Le Mesnil Esnard","cat":"O","email":"didier.barrault@sfr.fr"}
,{"lat":49.937934,"lng":1.464718,"name":"ATELIER GUILLAUME PIERRE","web":"http://www.atelierguillaumepierre.com","txt":" Tailleur de pierre","wiki":null,"tel":"0613557378","postCode":76260,"city":"Villy-sur-Yères","addr":"12, rue Henri IV Le Val du Roy, 76260 Villy sur Yères","cat":"O","email":"guillaume@atelierguillaumepierre.com"}
,{"lat":49.742589,"lng":1.349932,"name":"nicolas mazzarese","web":"","txt":"L'exploitation agricole de Fresles a pour activité l'horticulture maraîchère.","wiki":null,"tel":"0235934043","postCode":76270,"city":"Fresles","addr":" 96 route de Bully","cat":"AM","email":""}
,{"lat":49.422356,"lng":1.090214,"name":"ATELIER VICTOR HUGO","web":"http://www.ateliervictorhugo.fr","txt":" Sculpteur sur bois","wiki":null,"tel":"0235620461","postCode":76300,"city":"Sotteville-lès-Rouen","addr":"31, rue de la République, 76300 Sotteville les Rouen","cat":"O","email":"atelier.v.hugo@wanadoo.fr"}
,{"lat":49.41505,"lng":1.076444,"name":"VINCENT DÉCORATION","web":"http://www.vincent-decoration.fr","txt":"Staffeur-stucateur","wiki":null,"tel":"0470441643","postCode":76300,"city":"Sotteville-lès-Rouen","addr":"Rue du Général Leclerc - BP 854, 03008 Moulins","cat":"O","email":"contact@vincent-decoration.fr"}
,{"lat":49.891467,"lng":1.651286,"name":"earl louis michel","web":"","txt":"Vente directe de viandes ( boeuf , veau , poulets) , produits locaux à la ferme terrines de boeuf (rillettes , pâté de foie de boeuf, tripes , mijoté à la bière…) confitures, cidre miel , jus de pomme vinaigre huile de colza….","wiki":null,"tel":"0665714356","postCode":76340,"city":"Pierrecourt","addr":" 2 rue de l'échauffard ","cat":"AV","email":"mlsd0462@orange.fr"}
,{"lat":49.835771,"lng":1.72014,"name":"VERRERIES BROSSE SAS","web":"http://------","txt":"Verrier à la main","wiki":null,"tel":"00393351418167","postCode":76390,"city":"Vieux-Rouen-sur-Bresle","addr":"34, rue Théodule Gérin, 76390 Vieux Rouen sur Bresle","cat":"O","email":"l.albanese@verreriesbrosse.com"}
,{"lat":49.758107,"lng":0.37088,"name":"NIEDERMAN KARINE","web":"http://karineniederman.com","txt":" Chapelier - Modiste","wiki":null,"tel":"0603543568","postCode":76400,"city":"Fécamp","addr":"21rue théagène boufart, 76400 Fecamp","cat":"O","email":"Karine.niederman@laposte.net"}
,{"lat":49.456073,"lng":1.117376,"name":"SAKUBAI ART","web":"http://www.sakubai-art.com","txt":"Joaillier","wiki":null,"tel":"0607534565","postCode":76420,"city":"Bihorel","addr":"5, rue Eugène Lecoq, 76420 BIHOREL","cat":"O","email":"julie.seminel@orange.fr"}
,{"lat":49.507375,"lng":0.340029,"name":"la ferme dumesnil","web":"https://www.facebook.com/FermeDumesnil76","txt":"Fromagerie artisanale et familiale - \nBoutique à la ferme - \nDistributeur de produits ouvert H24, 7j/7 - \nA 15 min du Havre\n\nL'ensemble de notre gamme de produits fermiers est fabriqué et conditionné, sur place, par nos soins, grâce à un savoir-faire précis. Nous vous proposons aussi bien des fromages, que des produits frais (yaourts, faisselles, desserts lactés frais, beurres, crèmes), à base de lait cru de vache afin de donner davantage de caractère et d'améliorer les qualités organoleptiques. Nous affinons nos fromages, sur place, afin de vous proposer une palette variée de goûts et textures, des fromages typiques de Normandie mais aussi des fromages originaux (à base de lin ou de mûre, par exemple). Groupes en tout genre, associations, séminaires.... Venez découvrir la fabrication du fromage, mais aussi la dégustation, sous toutes ses formes, en toute convivialité, de nos produits fabriqués chez nous. Nous vous attendons pour passer un très bon moment, chez nous, à la ferme. De plus, nous sommes labellisé","wiki":null,"tel":"0235207561","postCode":76430,"city":"Saint-Vincent-Cramesnil","addr":" 221 route du castillon","cat":"AF","email":"fromagerie.dumesnil@outlook.com"}
,{"lat":49.605553,"lng":1.683878,"name":"ferme groning","web":"http://www.ferme-groning.fr/","txt":"La Ferme de Groning produit du lait de jument fjord, des cosmétiques et de la confitures.","wiki":null,"tel":"0235906428","postCode":76440,"city":"Grumesnil","addr":" Ferme Groning 3 chemin du Gaillon","cat":"AF","email":""}
,{"lat":49.518261,"lng":0.897625,"name":"la ferme du saint-paër","web":"https://www.facebook.com/La-Ferme-du-Saint-Pa%C3%ABr-1156128241122973/","txt":"S'inspirant de la permaculture, Kévin Houmard et son équipe de maraîchers vous proposent des fruits/légumes bio, locaux et à prix réduit tout au long de l'année : échange et convivialité sont au rendez-vous !","wiki":null,"tel":"0610590373","postCode":76480,"city":"Saint-Paër","addr":" 1274 Le bas Mouchel","cat":"AM","email":"kevin.houmard@orange.fr"}
,{"lat":49.425413,"lng":0.928943,"name":"la ferme des venelles","web":"http://www.lafermedesvenelles.com/","txt":"En plein cœur de la vallée de Seine, Frédéric Durand élève des vaches et des moutons dans de grands espaces de prairie naturelle. Tous les animaux naissent à la ferme et sont élevés selon le cahier des charges de l'agriculture biologique. Les cours fruitières complètent la panoplie de produits au fil des saisons : pommes, prunes, noix...","wiki":null,"tel":"0679932878","postCode":76480,"city":"Bardouville","addr":" 1354 chemin du Roy","cat":"AF","email":""}
,{"lat":49.404475,"lng":1.171243,"name":"ARTE MATERIA","web":"","txt":" Mosaïste","wiki":null,"tel":"0633823149","postCode":76520,"city":"Franqueville-Saint-Pierre","addr":"516 rue de la République, ","cat":"O","email":"bocquilloncreation@orange.fr"}
,{"lat":49.728486,"lng":0.740489,"name":"BAUMANN","web":"","txt":" Restaurateur de meubles","wiki":null,"tel":"0635932477","postCode":76560,"city":"Routes","addr":"Rue de la Gaieté, 76560 ROUTES","cat":"O","email":"lionel.baumann@gmail.com"}
,{"lat":49.710743,"lng":0.801048,"name":"HENRY DECO","web":"http://www.henrydeco.com","txt":"Peintre en décor","wiki":null,"tel":"0614284172","postCode":76560,"city":"Doudeville","addr":"43 bis, rue Auguste Cavé ATELIER z.a, du Champ de Courses, 76560 DOUDEVILLE","cat":"O","email":"henry.deco@wanadoo.fr"}
,{"lat":49.598686,"lng":0.974776,"name":"ETS BIARD-ROY","web":"http://www.biard-roy.com","txt":"Fabricant et restaurateur de charpentes","wiki":null,"tel":"0671087304","postCode":76570,"city":"Sainte-Austreberthe","addr":"241, rue Joseph Roy, 76570 SAINTE AUSTREBERTHE","cat":"O","email":"biard-roy@wanadoo.Fr"}
,{"lat":49.500661,"lng":0.139916,"name":"ERIC GERVAIS LUTHIER","web":"http://www.gervaisviolin.free.fr","txt":"Luthier","wiki":null,"tel":"0235260214","postCode":76600,"city":"Le Havre","addr":"329 rue Aristide Briand, 76600 LE HAVRE","cat":"O","email":"gervaiseric@wanadoo.fr"}
,{"lat":49.4964,"lng":0.10685,"name":"HORLOGERIE MONTAUFRAY","web":"http://www.montaufray.com","txt":" Fabricant et restaurateur d'horloges, carillons, pendules, aiguilles, balanciers","wiki":null,"tel":"0235436940","postCode":76600,"city":"Le Havre","addr":"40, rue Eugène Gas, ","cat":"O","email":"horloger@montaufray.com"}
,{"lat":49.488187,"lng":0.106886,"name":"STUDIO MS","web":"http://www.studioms.fr","txt":" Photographe illustrateur","wiki":null,"tel":"0617792619","postCode":76600,"city":"Le Havre","addr":"72, rue  d'estimauville, 76600 LE HAVRE","cat":"O","email":"contact@studioms.fr"}
,{"lat":49.794928,"lng":1.325725,"name":"platel felix","web":"http://www.gentilhommiere.net","txt":"Producteur recoltant de pommes a cidre  a OSMOY ST VALERY \nJe vous propose  Jus de pommes , Cidre , Aperitif Normand , Calvados en AB","wiki":null,"tel":"0684012764","postCode":76660,"city":"Osmoy-Saint-Valery","addr":" 30 RTE DE NEUFCHATEL","cat":"AB","email":"felix.platel@orange.fr"}
,{"lat":49.603858,"lng":1.294055,"name":"LA CLINIQUE DU MEUBLE","web":"http://www.debadts-ebenisterie","txt":"Vernisseur au tampon ","wiki":null,"tel":"0235342455","postCode":76680,"city":"Rocquemont","addr":"896, route de rouen, 76680 ROCQUEMONT","cat":"O","email":"arnauddebadts@free.fr"}
,{"lat":49.54382,"lng":1.183546,"name":"Atelier du Regard","web":"http://www.atelier-du-regard.com","txt":" Restaurateur de tableaux","wiki":null,"tel":"0621617771","postCode":76690,"city":"Saint-Georges-sur-Fontaine","addr":"356 rue du Bout d'Amont, 76690 Saint Georges sur Fontaine","cat":"O","email":"caroline.stil@wanadoo.fr"}
,{"lat":49.793039,"lng":0.935564,"name":"La Balaiterie","web":"http://www.labalaiterie.fr","txt":" Vannier","wiki":null,"tel":"0761772787","postCode":76730,"city":"Rainfreville","addr":"850, route du Soufflet, ","cat":"O","email":"lesbalaitiers@gmail.com"}
,{"lat":49.663018,"lng":0.890889,"name":"ATELIER B","web":"http://ateliers.canalblog.com","txt":"Fabricant d'accessoires de mode","wiki":null,"tel":"0610404891","postCode":76760,"city":"Yerville","addr":"Rue de la Fabrique BP 7, 76760 YERVILLE","cat":"O","email":"varnier.brigitte@wanadoo.fr"}
,{"lat":49.498578,"lng":1.479152,"name":"ATELIER RENAISSANCE NORMANDE","web":"","txt":"Staffeur-stucateur","wiki":null,"tel":"0670020563","postCode":76780,"city":"Nolléval","addr":"403, rue de montagny, ","cat":"O","email":"hubert.huray@wanadoo.fr"}
,{"lat":49.653607,"lng":1.617115,"name":"la ferme des friers","web":"","txt":"Nous proposons des légumes et fruits sans pesticides en respectant les saisons. Nous voulons redonner le goûts des saveurs.\nNous produiront aussi des fleurs et jeunes plants à repiquer.\nNous faisons aussi des compositions de fleurs de savons.","wiki":null,"tel":"0698153500","postCode":76870,"city":"Gaillefontaine","addr":" 3 rue dubus 76870 gaillefontaine","cat":"AM","email":"Lafermedesfriers@hotmail.com"}
,{"lat":49.78516,"lng":1.226586,"name":"ATELIER  MAZILU","web":"http://www.atelier-mazilu.com","txt":"Sculpteur sur bois","wiki":null,"tel":"0683206333","postCode":76950,"city":"Les Grandes-Ventes","addr":"46, rue du Cimetière, 76 950 LES GRANDES VENTES","cat":"O","email":"ateliermazilu@orange.fr"}
]}