{"id":60,"producers":[
{"lat":49.406912,"lng":2.11246,"name":"BRIQUETERIE D'ALLONNE","web":"http://www.briqueterie-dewulf.fr","txt":" Briquetier","wiki":null,"tel":"0344020682","postCode":60000,"city":"Allonne","addr":"5 ancienne route de Paris, 60000 ALLONNE","cat":"O","email":"briqueterie.allonne@orange.fr"}
,{"lat":49.434287,"lng":2.086239,"name":"SC Restauration","web":"http://www.screstauration.fr","txt":"Vernisseur au tampon ","wiki":null,"tel":"0664296308","postCode":60000,"city":"Beauvais","addr":"7, rue du 27 juin, 60000 BEAUVAIS","cat":"O","email":"contact@screstauration.fr"}
,{"lat":49.256232,"lng":2.10683,"name":"Tarif_2023_2024","web":"","txt":"Agriculteur","wiki":null,"tel":"0632965907","postCode":60110,"city":"Lormaison","addr":"1 rue Alexandre Merelle ","cat":"AV","email":""}
,{"lat":49.235926,"lng":2.135706,"name":"RUBIS CŒUR","web":"","txt":"Fabricant et restaurateur d'horloges, carillons, pendules, aiguilles, balanciers","wiki":null,"tel":"0624244479","postCode":60110,"city":"Méru","addr":"7, rue mouflette, 60110 MERU","cat":"O","email":"rubis.coeur@wanadoo.fr"}
,{"lat":49.679307,"lng":2.093755,"name":"Les Saveurs Maraîchères","web":"","txt":"Maraîcher","wiki":null,"tel":"0664891643","postCode":60120,"city":"Lavacquerie","addr":"6 rue neuve ","cat":"AM","email":""}
,{"lat":49.565324,"lng":2.391683,"name":"LA DAME D'ATOURS","web":"http://www.ladamedatours.com","txt":"Tailleur-couturier","wiki":null,"tel":"0688787833","postCode":60120,"city":"Ansauvillers","addr":"1 rue des Tilleuls, ","cat":"O","email":"ladamedatours@wanadoo.fr"}
,{"lat":49.099532,"lng":2.560281,"name":"DESRUES SAS","web":"","txt":" Bijoutier fantaisie","wiki":null,"tel":"0344541954","postCode":60128,"city":"Plailly","addr":"ZA du Pré de la Dame Jeanne, ","cat":"O","email":"info@desrues.com"}
,{"lat":49.293799,"lng":2.879114,"name":"EARL Loisel","web":"","txt":"Agriculteur","wiki":null,"tel":"0344886870","postCode":60129,"city":"Gilocourt","addr":"477 rue de la Forêt ","cat":"AF","email":""}
,{"lat":49.287867,"lng":2.876389,"name":"MAISON DRUCKER","web":"http://www.drucker.fr","txt":" Canneur-rempailleur","wiki":null,"tel":"0344883292","postCode":60129,"city":"Gilocourt","addr":"27 rue de l'Automne, ","cat":"O","email":"contact@drucker.fr"}
,{"lat":49.327744,"lng":2.491979,"name":"SARL ARCOVIO","web":"http://www.arcovio-tailleur-pierre.fr","txt":"Tailleur de pierre","wiki":null,"tel":"0687470460","postCode":60140,"city":"Verderonne","addr":"1 rue de Couraincourt, 60140 VERDERONNE","cat":"O","email":"eric.arcovio@free.fr"}
,{"lat":49.341437,"lng":2.504828,"name":"SARL V2J","web":"","txt":"Tailleur de pierre","wiki":null,"tel":"0610460352","postCode":60140,"city":"Rosoy","addr":"34 RUE DE LA CROIX DUPUIS, 60140 ROSOY","cat":"O","email":"jose.ferreira160@orange.fr"}
,{"lat":49.461758,"lng":2.862339,"name":"www.marlainemorin.com","web":"http://www.marlainemorin.com","txt":" Céramiste","wiki":null,"tel":"0623783563","postCode":60150,"city":"Longueil-Annel","addr":"22 avenue de l'Oise, ","cat":"O","email":"shalako.cie@hotmail.fr"}
,{"lat":49.405256,"lng":2.009261,"name":"VITRAUX D'ART DAUPHIN","web":"","txt":" Maître-verrier (ou Vitrailliste)","wiki":null,"tel":"0644477240","postCode":60155,"city":"Rainvillers","addr":"La Rose des Vents  9, place du village, ","cat":"O","email":"gerald.dauphin@yahoo.fr"}
,{"lat":49.448591,"lng":2.679659,"name":"Sapins de Noël Vecten","web":"","txt":"Pépiniériste","wiki":null,"tel":"0344413551","postCode":60190,"city":"Francières","addr":"3 rue des Saules ","cat":"P","email":""}
,{"lat":49.493418,"lng":2.673823,"name":"Ferme de la poste","web":"","txt":"Agriculteur","wiki":null,"tel":"0686514785","postCode":60190,"city":"Gournay-sur-Aronde","addr":"3 rue de neufvy 60190 GOURNAY SUR ARONDE","cat":"AM","email":""}
,{"lat":49.617415,"lng":1.922326,"name":"ART'GRAVURE","web":"http://www.gravure-verre-oise.com et www.art-gravure.fr","txt":" Graveur","wiki":null,"tel":"0624367594","postCode":60210,"city":"Saint-Maur","addr":"46 rue de la Vallée, ","cat":"O","email":"nmeusnier@yahoo.fr"}
,{"lat":49.710452,"lng":1.800341,"name":"SASU Bertin stephane","web":"","txt":"Endivier","wiki":null,"tel":"0611487828","postCode":60220,"city":"Romescamps","addr":"23,rue de normandie ","cat":"AM","email":""}
,{"lat":49.590587,"lng":1.748069,"name":"LES CARRELAGES DE SAINT SAMSON","web":"http://www.carrelages-de-st-samson.com","txt":" Fabricant et restaurateur de dallages","wiki":null,"tel":"0344824022","postCode":60220,"city":"Saint-Samson-la-Poterie","addr":"4 rue de la Briqueterie, 60220 SAINT SAMSON LA POTERIE","cat":"O","email":"info@carrelages-de-st-samson.com"}
,{"lat":49.18146,"lng":2.233086,"name":"SCEA La Ferme des Tuileries","web":"","txt":"Agriculteur éleveur","wiki":null,"tel":"0134705064","postCode":60230,"city":"Chambly","addr":"139 rue de l'Ancien Monastère ","cat":"AV","email":""}
,{"lat":49.167918,"lng":2.243721,"name":"ISABELLE LÉOURIER","web":"http://www.isabelle-leourier.fr","txt":"Fabricant d'accessoires de mode","wiki":null,"tel":"0130348972","postCode":60230,"city":"Chambly","addr":"272 rue Florentin Gaudefroy, ","cat":"O","email":"i.leourier@wanadoo.fr"}
,{"lat":49.267878,"lng":1.885742,"name":"rucher les bâtisses libres","web":"","txt":"Je suis apiculteur de loisir pratiquant une apiculture naturelle respectueuse de la biologie et du travail de l'abeille. Ce choix c'est accepter de prélever moins de miel et c'est vous offrir la possibilité de découvrir un miel extrait des rayons par pressage à froid, seul procédé garantissant de déguster un miel aux caractéristiques proches de celui consommé par les abeilles. Quel bonheur, quel chance !\nEn fonction de dame nature, 2 à 3 récoltes de miel de fleurs de l'année vous sont proposées à la vente en pots de 500 g et c'est avec grand plaisir que je vous accueillerai sur RDV à Chaumont-en-Vexin.","wiki":null,"tel":"0661349451","postCode":60240,"city":"Chaumont-en-Vexin","addr":" 22 ter rue pierre budin","cat":"AA","email":"rucherlesbatisseslibres@gmail.com"}
,{"lat":49.201478,"lng":1.840149,"name":"brasserie duchmann","web":"http://www.brasserie-duchmann.com","txt":"Les bières artisanales de la Brasserie Duchmann sont produites dans la bonne humeur et avec caractère dans la belle campagne du Vexin français.  \nNos bières sont brassées pour les bons vivants.  Elles se dégustent fraîches et en bonne compagnie.\nLa brasserie à ouvert ses portes en Avril 2018 à Hadancourt le Haut Clocher","wiki":null,"tel":"0364194710","postCode":60240,"city":"Hadancourt-le-Haut-Clocher","addr":" 7 rue de Loriot","cat":"AB","email":"contact@brasserie-duchmann.com"}
,{"lat":49.263498,"lng":1.883078,"name":"ATELIER DU CLAVECIN","web":"http://www.atelierduclavecin.com","txt":" Facteur et restaurateur de clavecins et épinettes","wiki":null,"tel":"0611477849","postCode":60240,"city":"Chaumont-en-Vexin","addr":"5, ruelle de la Foulerie, 60240 Chaumont en Vexin","cat":"O","email":"contact@atelierduclavecin.com"}
,{"lat":49.254015,"lng":1.98103,"name":"JMB TAILLE DE PIERRE Sarl","web":"http://jmbtailledepierre.com","txt":" Tailleur de pierre","wiki":null,"tel":"0344088509","postCode":60240,"city":"Fresne-Léguillon","addr":"25 route Nationale, 60240 FRESNES L'EGUILLON","cat":"O","email":"jmbv@mageos.com"}
,{"lat":49.244321,"lng":1.830618,"name":"Laeti céramique","web":"http://www.laeti-ceramique.com","txt":"Potier de grès","wiki":null,"tel":"0680214418","postCode":60240,"city":"Delincourt","addr":"1 Rue Saint Jacques, ","cat":"O","email":"l.boulet@laeti-ceramique.com"}
,{"lat":49.205296,"lng":1.831709,"name":"LES FLEURS EN LIBERTÉ EARL DE LA BRULOTTE","web":"http://fleursenliberte.free.fr","txt":" Fabricant de compositions florales ","wiki":null,"tel":"0344499451","postCode":60240,"city":"Serans","addr":"2, rue de Montjavoult Le Petit Serans, 60240 SERANS","cat":"O","email":"fleursenliberte@free.fr"}
,{"lat":49.195255,"lng":1.927725,"name":"PATRICE FERON EBENISTERIE","web":"","txt":" Ebéniste","wiki":null,"tel":"0608370251","postCode":60240,"city":"Lavilletertre","addr":"12 grande rue Jean Dessein, 60240 LA VILLETERTRE","cat":"O","email":"patrice.feron@gmail.com"}
,{"lat":49.187849,"lng":2.421217,"name":"ATELIER MARIVAL","web":"","txt":" Restaurateur de tableaux","wiki":null,"tel":"0344574890","postCode":60270,"city":"Gouvieux","addr":"2 rue de Chantilly, 60270 GOUVIEUX","cat":"O","email":"ateliermarival@free.fr"}
,{"lat":49.42497,"lng":2.824745,"name":"PETIPOISSON","web":"http://travaildelapierre.free.fr","txt":"Tailleur de pierre","wiki":null,"tel":"0614789951","postCode":60280,"city":"Margny-lès-Compiègne","addr":"106, rue du er  septembre, 60280 margny les compiegne","cat":"O","email":"eric.petitpoisson@free.fr"}
,{"lat":49.203271,"lng":2.599117,"name":"ATELIER SICARD MENUISERIE","web":"http://www.sicardmenuiserie.com","txt":"Menuisier ","wiki":null,"tel":"0344602506","postCode":60300,"city":"Senlis","addr":"3 avenue Etienne Audibert, 60300 SENLIS","cat":"O","email":"sicard@sicardmenuiserie.com"}
,{"lat":49.200056,"lng":2.553904,"name":"DENIS CARRARA EBENISTE","web":"","txt":"Restaurateur de meubles","wiki":null,"tel":"0678603346","postCode":60300,"city":"Courteuil","addr":"7 rue du gué Saint Nicolas, 60300 COURTEUIL","cat":"O","email":"maldcarrara@wanadoo.fr"}
,{"lat":49.221981,"lng":2.610024,"name":"MAGUITE BOCQUET","web":"","txt":" Rentrayeur (restaurateur de tapis et tapisseries)","wiki":null,"tel":"0625298744","postCode":60300,"city":"Chamant","addr":"7, route de Compiégne Chamant, 60300 SENLIS","cat":"O","email":"bocquetmaguite@orange.fr"}
,{"lat":49.58253,"lng":2.900969,"name":"EARL TENART","web":"","txt":"Agriculteur et maraîchers","wiki":null,"tel":"0344436188","postCode":60310,"city":"Cuy","addr":"37, rue de l'Eglise ","cat":"AF","email":""}
,{"lat":49.595185,"lng":2.773034,"name":"Les Insolites","web":"http://les-insolites.com","txt":"Fabricant et restaurateur de lustres et luminaires","wiki":null,"tel":"0614685538","postCode":60310,"city":"Roye-sur-Matz","addr":"6 rue de la Croix Rouge, 60130 ROYE SUR MATZ","cat":"O","email":"lesinsolites.lebovici@gmail.com"}
,{"lat":49.61166,"lng":2.91062,"name":"NICOLE AVÉ","web":"","txt":" Fabricant et restaurateur d'horloges, carillons, pendules, aiguilles, balanciers","wiki":null,"tel":"","postCode":60310,"city":"Lagny","addr":"32, rue principale, 60310 lagny","cat":"O","email":"aiguillesav@yahoo.fr"}
,{"lat":49.297405,"lng":2.808102,"name":"ETABLISSEMENTS CARTIER","web":"http://www.cartieralain-tapissier.fr","txt":" Tapissier d'ameublement/tapissier décorateur","wiki":null,"tel":"0612347793","postCode":60320,"city":"Béthisy-Saint-Pierre","addr":"68, rue Henri Barbusse, 60320 Bethisy Saint Pierre","cat":"O","email":"alain.cartier035@orange.fr"}
,{"lat":49.320947,"lng":2.781521,"name":"Fers d'Hier & d'Aujourdh'ui","web":"","txt":"Sculpteur sur métal","wiki":null,"tel":"0613193632","postCode":60320,"city":"Saint-Sauveur","addr":"338 route de Compiègne, ","cat":"O","email":"david.gosselin@aliceadsl.fr"}
,{"lat":49.365258,"lng":3.062948,"name":"earl cauffet degauchy","web":"http://www.panierdes4saisons.com","txt":"Maraîcher Horticulteur depuis 1936, 5 générations dans l'entreprise, nous cultivons nos légumes de manières raisonnés sans produits chimiques, à la désinfection à la vapeur d'eau, nous utilisons un engrais DEROME qui utilisable en culture biologique, tout est ramassé à la main. Des produits sains, nous respectons notre environnement. Enormement de choix de légumes, beaucoup de variétés anciennes.","wiki":null,"tel":"0344421211","postCode":60350,"city":"Hautefontaine","addr":" 2 GRANDE RUE","cat":"AM","email":"cauffet.alain@orange.fr"}
,{"lat":49.389502,"lng":3.085522,"name":"Ets Degauchy","web":"","txt":"Maraîcher Horticulteur","wiki":null,"tel":"0609806591","postCode":60350,"city":"Courtieux","addr":"4 Rue d'Angoulême ","cat":"AM","email":""}
,{"lat":49.414428,"lng":3.01056,"name":"ÉTABLISSEMENT ÉRIC DE FINANCE","web":"","txt":"Vernisseur au tampon ","wiki":null,"tel":"0344857857","postCode":60350,"city":"Berneuil-sur-Aisne","addr":"7, rue Raymond Faroux, 60350 BERNEUIL SUR AISNE","cat":"O","email":"edefinance@free.fr"}
,{"lat":49.626224,"lng":2.110802,"name":"maison bonnes herbes","web":"https://www.maisonbonnesherbes.com/","txt":"L'histoire de Maison Bonnes Herbes\nCette entreprise est avant tout une affaire de famille, elle commence par ma maman qui m'a transmise la passion de l'aromate et de la fleur, mon conjoint Arnaud qui me soutient à 100% et mes deux enfants Evie et Sacha qui m'ont déjà aidés à planter les boutures.\n\nMon projet, je devrais même dire notre projet, est 100% écologique, 100% local, 100% humain et 100% gourmand ! \n\n\n\nMaison Bonnes Herbes est une production biologique certifiée par ECOCERT, de plantes aromatiques et médicinales, mais pas que. C'est aussi une production de fleurs comestibles, de fruits à coque (noisettes, noix), de plantes sauvages. Sans oublier l'eau de bouleau, les merises et le vinaigre de merise.\n\nNous cultivons de façon respectueuse de l’environnement, et proposons au plus grand nombre d’entre vous une façon plus saine d’aromatiser vos plats ainsi que de prévenir et soigner vos maux le plus naturellement possible.\n\nDu semis à la récolte, tout est réalisé à la main par mes soins pour vous offrir f","wiki":null,"tel":"0789435734","postCode":60360,"city":"Le Gallet","addr":" 13 RUE DU PRESSOIR","cat":"AF","email":"maison_bonnesherbes@outlook.com"}
,{"lat":49.609021,"lng":2.076707,"name":"ATELIERS COURAGEUX","web":"","txt":"Restaurateur de vitraux","wiki":null,"tel":"0344468828","postCode":60360,"city":"Crèvecœur-le-Grand","addr":"5, rue du Presbytere, 60360 Crevecoeur Le Grand","cat":"O","email":"atelierscourageux@wanadoo.fr"}
,{"lat":49.573046,"lng":1.76819,"name":"Les ruchers des becs à miel","web":"","txt":"APICULTEUR RECOLTANT","wiki":null,"tel":"0675627041","postCode":60380,"city":"Fontenay-Torcy","addr":"2 ROUTE D'HERICOURT 60380 FONTENAY TORCY","cat":"AA","email":""}
,{"lat":49.38912,"lng":1.97409,"name":"la terre en héritage","web":"http://terreheritage.fr","txt":"La terre en héritage produit et vend ses légumes non traités.","wiki":null,"tel":"0634520830","postCode":60390,"city":"Auneuil","addr":" 3 RUE DE LA PLACE 60390 Troussures ","cat":"AM","email":"terreenheritage@gmail.com"}
,{"lat":49.349483,"lng":2.01219,"name":"EARL de Mésenguy","web":"","txt":"Eleveur","wiki":null,"tel":"0344844688","postCode":60390,"city":"Les Hauts-Talican","addr":"2 rue de Mésenguy 60390 Villotran","cat":"AV","email":""}
,{"lat":49.361689,"lng":2.081687,"name":"Le Petit Pépiniériste","web":"","txt":"Pépiniériste","wiki":null,"tel":"0344811775","postCode":60390,"city":"Berneuil-en-Bray","addr":"22 Chemin des Niards ","cat":"P","email":""}
,{"lat":49.412397,"lng":1.971356,"name":"la ferme de marconville","web":"","txt":"maraîcher","wiki":null,"tel":"0647876184","postCode":60390,"city":"Villers-Saint-Barthélemy","addr":"505 route de marconville 60650 villers st barthelemy","cat":"AM","email":""}
,{"lat":49.324035,"lng":2.069487,"name":"EARL des Courtils","web":"","txt":"Agriculteur","wiki":null,"tel":"0651996021","postCode":60390,"city":"Auteuil","addr":"2 rue de Valdampierre ","cat":"AV","email":""}
,{"lat":49.602175,"lng":3.09116,"name":"ART D'OISE","web":"http://www.artdoise.fr","txt":"Encadreur","wiki":null,"tel":"0686705065","postCode":60400,"city":"Grandrû","addr":"65 rue de Grandru, 60400 Baboeuf","cat":"O","email":"artdoise@sfr.fr"}
,{"lat":49.530698,"lng":3.090197,"name":"ATELIER HERVAUX","web":"http://www.nathaliehervaux.fr","txt":" Peintre en décor","wiki":null,"tel":"0609263022","postCode":60400,"city":"Cuts","addr":"259, rue de la Pommeraye, 60400 CUTS","cat":"O","email":"nathaliehervaux@yahoo.fr"}
,{"lat":49.598167,"lng":3.006457,"name":"VITRAUX MAX&CO","web":"http://www.vitrauxmaxandco.fr","txt":" Maître-verrier (ou Vitrailliste)","wiki":null,"tel":"0608113033","postCode":60400,"city":"Noyon","addr":"1435 boulevard Cambrone, 60400 NOYON","cat":"O","email":"vitrauxmax.co@gmail.com"}
,{"lat":49.269707,"lng":2.674749,"name":"PÉCHEUX OLIVIER TAPISSIER","web":"","txt":"Tapissier d'ameublement/tapissier décorateur","wiki":null,"tel":"0344542966","postCode":60410,"city":"Villeneuve-sur-Verberie","addr":"2 bis, rue des genêts Yvillers, 60410 Villeneuve sur verberie","cat":"O","email":"olivier.pecheux@gmail.com"}
,{"lat":49.589625,"lng":2.516063,"name":"HORLOGES HUCHEZ","web":"http://www.horloges-huchez.fr","txt":"Campanologue - Campaniste","wiki":null,"tel":"0344511122","postCode":60420,"city":"Ferrières","addr":"4 RUE DE LA CROIX, 60420 FERRIERES","cat":"O","email":"contact@horloges-huchez.fr"}
,{"lat":49.386305,"lng":2.140449,"name":"CRÉATIONS CÉRAMIQUES","web":"","txt":"Tourneur céramique","wiki":null,"tel":"0344892073","postCode":60430,"city":"Warluis","addr":"15 rue de la Libération, ","cat":"O","email":"pat.desch@orange.fr"}
,{"lat":49.35905,"lng":2.179885,"name":"FAïENCES DE PONCHON","web":"http://www.faiences-ponchon.com","txt":"Peintre sur faïence","wiki":null,"tel":"0667345043","postCode":60430,"city":"Ponchon","addr":"645 rue de Pierrepont, ","cat":"O","email":"faiences.de.ponchon@wanadoo.fr"}
,{"lat":49.543098,"lng":2.316799,"name":"le tilleux","web":"","txt":"L'exploitation agricole le Tilleux produits principalement des betteraves rouges et des carottes. Semences de blé et féverole.","wiki":null,"tel":"0344807365","postCode":60480,"city":"Thieux","addr":" 37 rue des Hayes","cat":"A","email":"bioleturcq@orange.fr"}
,{"lat":49.582572,"lng":2.73202,"name":"Olivier Delavaquerie","web":"","txt":"Agriculteur","wiki":null,"tel":"0672357052","postCode":60490,"city":"Biermont","addr":"3 rue du bois ","cat":"AC","email":""}
,{"lat":49.194474,"lng":2.479273,"name":"Atelier Nolde","web":"http://www.ateliernolde.fr","txt":" Restaurateur de tableaux","wiki":null,"tel":"0608941337","postCode":60500,"city":"Chantilly","addr":"Grandes Ecuries 17 rue du Connétable, ","cat":"O","email":"n.nolde@orange.fr"}
,{"lat":49.197986,"lng":2.509387,"name":"BRUNE CÉRAMIQUES","web":"http://www.beatricebruneteau.com","txt":"Potier de porcelaine","wiki":null,"tel":"0624321516","postCode":60500,"city":"Vineuil-Saint-Firmin","addr":"17 rue de Senlis, 60500 Vineuil Saint Firmin","cat":"O","email":"beatrice.bruneteau@sfr.fr"}
,{"lat":49.216794,"lng":2.319831,"name":"NGDcréation Bijoux Paris","web":"http://www.ngdcreation-bijoux.com","txt":" Bijoutier fantaisie","wiki":null,"tel":"0634286730","postCode":60530,"city":"Crouy-en-Thelle","addr":"7 allée des Séquoïas, 60530 CROUY EN THELLE","cat":"O","email":"ngdcreation@live.fr"}
,{"lat":49.417245,"lng":2.522389,"name":"WOLF MENUISERIE ET DENTELLE","web":"http://menuiserie-et-dentelle.wifeo.com/","txt":" Dentellier","wiki":null,"tel":"0344780407","postCode":60600,"city":"Maimbeville","addr":"5 rue de l'Ormaie, 60600 MAIMBEVILLE","cat":"O","email":"fradam2@wanadoo.fr"}
,{"lat":49.473749,"lng":1.795283,"name":"Saveurs des prairies","web":"","txt":"Agriculteur","wiki":null,"tel":"0344827197","postCode":60650,"city":"Villers-sur-Auchy","addr":"7 rue de la Source Hameau de Orsimont ","cat":"AV","email":""}
,{"lat":49.433665,"lng":2.008882,"name":"ESPRIT CRéATIF","web":"http://www.nacre-passion.com","txt":"Tabletier","wiki":null,"tel":"0630708309","postCode":60650,"city":"Saint-Paul","addr":"16, rue du Chaufour, ","cat":"O","email":"eaj.fournier@sfr.fr"}
,{"lat":49.351673,"lng":2.548264,"name":"EARL Aux Jardins de Sacy","web":"","txt":"Maraîcher","wiki":null,"tel":"0344299462","postCode":60700,"city":"Sacy-le-Grand","addr":"85 rue de Cinqueux ","cat":"AA","email":""}
,{"lat":49.375904,"lng":2.480078,"name":"la micro brasserie des hauts de france","web":"https://www.microbrasseriedeshautsdefrance.fr","txt":"Producteur locale de bières traditionnelle. 5 styles vous sont proposés dans notre gamme classique, nous verrons pour celles de saisons d'ici peut de temps, c'est le décollage pour notre jeune entreprise.","wiki":null,"tel":"0658026525","postCode":60840,"city":"Nointel","addr":" Rue de la gare","cat":"AB","email":"contact@microbrasseriedeshautsdefrance.fr"}
,{"lat":49.449259,"lng":1.785787,"name":"jardin d'even","web":"https://www.jardin-medicinal.com/","txt":"Paysanne-Herboriste, productrice de plantes médicinales. Confection de tisanes et infusions - gélules de plantes - Sirop - Vinaigres médicinaux - Baumes traditionnels et Eaux Florales","wiki":null,"tel":"0686774560","postCode":60850,"city":"Saint-Germer-de-Fly","addr":" 28 RUE MICHEL GREUET","cat":"AO","email":"even@jardin-medicinal.com"}
,{"lat":49.422368,"lng":1.816587,"name":"Créations Bois & Métal","web":"http://www.creations-boismetal.fr/","txt":"Sculpteur sur métal","wiki":null,"tel":"0617484455","postCode":60850,"city":"Cuigy-en-Bray","addr":"77 rue des Larris, 60850 CUIGY EN BRAY","cat":"O","email":"bois-metal@sfr.fr"}
,{"lat":49.546716,"lng":2.027737,"name":"Ferme Sainte-Beuve","web":"","txt":"Agriculteur éleveur","wiki":null,"tel":"0344845183","postCode":60860,"city":"Oudeuil","addr":"2 rue de Saint-Omer-en-Chaussée ","cat":"AV","email":""}
,{"lat":49.133702,"lng":2.739292,"name":"GAEC du Petit Merisier","web":"","txt":"Apiculteur","wiki":null,"tel":"0780436253","postCode":60950,"city":"Montagny-Sainte-Félicité","addr":"53, rue Porte de Baron ","cat":"AA","email":""}
,{"lat":49.126314,"lng":2.698135,"name":"Ebénisterie d'art Didier HERMAND","web":"http://www.ebeniste-art.net","txt":"Restaurateur de meubles","wiki":null,"tel":"0761983943","postCode":60950,"city":"Ermenonville","addr":"5 place de l'église, ","cat":"O","email":"didier.hermand@hotmail.fr"}
]}