{"id":26,"producers":[
{"lat":44.890905,"lng":4.903852,"name":"La Ferme du Pin","web":"","txt":"Cueillette à la Ferme","wiki":null,"tel":"0650456801","postCode":26000,"city":"Valence","addr":"Chemin du Pin ","cat":"A","email":""}
,{"lat":44.93779,"lng":4.931918,"name":"ATELIER THOMAS VITRAUX","web":"http://www.thomas-vitraux.com","txt":"Verrier","wiki":null,"tel":"0475431331","postCode":26000,"city":"Valence","addr":"8, rue Emmanuel Chabrier, ","cat":"O","email":"atelier@thomas-vitraux.com"}
,{"lat":45.042563,"lng":5.04797,"name":"ATELIER A PAS D'ANGES","web":"http://www.appatsdanges.blogspot.com","txt":" Eventailliste","wiki":null,"tel":"0615755469","postCode":26100,"city":"Romans-sur-Isère","addr":"9, rue pecherie, 26100 ROMANS SUR ISERE","cat":"O","email":"atelierappatsdanges@sfr.fr"}
,{"lat":45.042551,"lng":5.048282,"name":"MARIN","web":"http://www.atelierdart.fr","txt":" Peintre en décor","wiki":null,"tel":"0608154778","postCode":26100,"city":"Romans-sur-Isère","addr":"2, rue Pêcherie, 26100 Romans sur Isère","cat":"O","email":"atelierdecathy@wanadoo.fr"}
,{"lat":45.052675,"lng":5.046669,"name":"OPALE","web":"","txt":" Tailleur-couturier","wiki":null,"tel":"","postCode":26100,"city":"Romans-sur-Isère","addr":"a.daudet, 26100 romans sur isere","cat":"O","email":"opalecreation@free.fr"}
,{"lat":45.04268,"lng":5.046919,"name":"PARCHEMIN ET PAR VEAU","web":"","txt":" Relieur","wiki":null,"tel":"0475458064","postCode":26100,"city":"Romans-sur-Isère","addr":"33, rue Pêcherie, ","cat":"O","email":"melin.martine@gmail.com"}
,{"lat":44.898759,"lng":5.004565,"name":"sarl espace volailles","web":"","txt":"producteur de volailles de chaire","wiki":null,"tel":"0660252347","postCode":26120,"city":"Chabeuil","addr":"2 impasse fréderic auguste bartholdie 216120 Chabeuil","cat":"A","email":""}
,{"lat":44.899773,"lng":4.947293,"name":"ATELIER MICHON LIONEL","web":"http://www.ateliermichon.com","txt":" Luthier","wiki":null,"tel":"0620138061","postCode":26120,"city":"Malissard","addr":"4, rue des Santonines  Lotissement Sylvestre, ","cat":"O","email":"ateliermichon@orange.fr"}
,{"lat":44.901951,"lng":5.007101,"name":"ORLINE","web":"http://www.orline.fr","txt":"Joaillier","wiki":null,"tel":"0475592415","postCode":26120,"city":"Chabeuil","addr":"ZA des Gouvernaux, ","cat":"O","email":"info@orline.fr"}
,{"lat":44.348352,"lng":4.768845,"name":"Marché aux Truffes noires du Tricastin","web":"","txt":"Trufficulteur","wiki":null,"tel":"0475965960","postCode":26130,"city":"Saint-Paul-Trois-Châteaux","addr":"Place de l'Esplan ","cat":"A","email":""}
,{"lat":44.366006,"lng":4.782323,"name":"Genier","web":"","txt":"Maraîchers","wiki":null,"tel":"0623781683","postCode":26130,"city":"Saint-Paul-Trois-Châteaux","addr":"1212 chemin de venterol  ","cat":"A","email":""}
,{"lat":44.344145,"lng":4.800717,"name":"Domaine de Saint-Paulet","web":"","txt":"Trufficulteur","wiki":null,"tel":"0678742579","postCode":26130,"city":"Saint-Restitut","addr":"Saint-Paulet ","cat":"A","email":""}
,{"lat":44.348461,"lng":4.768456,"name":"ATELIER AU TAPISSIER GARNISSEUR","web":"http://le-tapissier-garnisseur-devi-r.wifeo.com","txt":" Tapissier d'ameublement/tapissier décorateur","wiki":null,"tel":"0631590772","postCode":26130,"city":"Saint-Paul-Trois-Châteaux","addr":"3 rue de l'ESPLAN, 26130 Saint Paul Trois Chateaux","cat":"O","email":"romeodevi@yahoo.fr"}
,{"lat":44.345699,"lng":4.764015,"name":"MANUEL CHARPENET","web":"","txt":"Restaurateurs de montres de collection","wiki":null,"tel":"0607688517","postCode":26130,"city":"Saint-Paul-Trois-Châteaux","addr":"xvhyjxjxx, 26130 Saint-Paul Trois Châteaux","cat":"O","email":"manucharp@wanadoo.fr"}
,{"lat":44.522563,"lng":4.855626,"name":"coccinelle de rev","web":"https://www.directpotager.fr/","txt":"Les produits sont ceux de notre jardin familial. Légumes et fruits sont cultivés sur sol vivant, SANS pesticides (même bio), SANS engrais de synthèse, SANS eau du Rhône (donc SANS métaux lourds, SANS tritium... contrairement au bio drômois) mais AVEC... du GOÛT ! \nJe les récolte à maturité, quelques heures avant votre arrivée. Pour leur qualité, anticipez votre commande pour que je les récolte à la fraîcheur du matin.\nJe tiens à votre disposition des \"cagettes navettes\". \nRV possible hors créneaux de disponibilité : Ecrivez-moi un message ou tél au 04 75 53 93 94. Merci de passer commande au plus tard la veille de votre livraison.\nLors de votre commande, n'hésitez pas à préciser la quantité que vous désirez via la fonction \"Messages\". \nPain et brioche (pétrissage manuel, cuits au four) : indiquez-moi si vous êtes intéressés, à lebtav@orange.fr, et je vous préviendrai par mail 2 ou 3 jours avant chaque fournée.","wiki":null,"tel":"0475539394","postCode":26160,"city":"Rochefort-en-Valdaine","addr":" 225 Chemin de Boisse","cat":"AM","email":"lebtav@orange.fr"}
,{"lat":44.575657,"lng":4.882809,"name":"les biquettes du laga","web":"","txt":"Fromage de chèvre , frais demi sec et sec\nFaisselle de chevre\nFromage de vache, frais demi sec et sec\nFaisselle de vache\nAutres produits de la ferme \n\nProduction de l'agriculture raisonné \n\nF","wiki":null,"tel":"0698949974","postCode":26160,"city":"Saint-Gervais-sur-Roubion","addr":" 430 chemin de laga","cat":"AF","email":"Isabelle.noyer@aol.com"}
,{"lat":44.584206,"lng":5.05303,"name":"ATELIER CHÂTEAU","web":"http://atelierchateaublanc.com","txt":"Restaurateur d'objets en verre ou en cristal","wiki":null,"tel":"0667098798","postCode":26160,"city":"Félines-sur-Rimandoule","addr":"Quartier le moulin - Mairie, 26160 FELINES SUR RIMANDOULE","cat":"O","email":"vi.chateau@laposte.net"}
,{"lat":44.555466,"lng":4.852694,"name":"ATELIER DECO'RRINE","web":"","txt":" Décorateur sur bois","wiki":null,"tel":"0475538854","postCode":26160,"city":"La Bâtie-Rolland","addr":"Quartier Pifaud, 26160 La Batie Rolland","cat":"O","email":"atelier.decorrine@free.fr"}
,{"lat":44.59032,"lng":4.915496,"name":"LA GOUGEOTTE","web":"http://la-gougeotte.fr/","txt":"Sculpteur sur bois","wiki":null,"tel":"0688967210","postCode":26160,"city":"Saint-Gervais-sur-Roubion","addr":"600, Chemin du Fenouillet, 26160 SAINT GERVAIS SUR ROUBION","cat":"O","email":"lagougeotte@wanadoo.fr"}
,{"lat":44.299737,"lng":5.378463,"name":"spiruline p&p","web":"https://www.spirulinedehauteprovence.fr","txt":"Nous produisons avec soin une Spiruline de qualité, à l'eau de source et séchage basse température, au coeur du parc naturel des Baronnies Provençales. Nos consommateurs apprécient son efficacité et son gout agréable. également miel de Lavande et de printemps","wiki":null,"tel":"0687933883","postCode":26170,"city":"Sainte-Euphémie-sur-Ouvèze","addr":" 2 place du jeu de paume","cat":"AA","email":"pp.pourquoipas@laposte.net"}
,{"lat":44.284261,"lng":5.473177,"name":"Ferme de Saussac","web":"","txt":"Producteur distllateur","wiki":null,"tel":"0475280378","postCode":26170,"city":"Montauban-sur-l'Ouvèze","addr":"2500 route du Col de Perty Saussac ","cat":"A","email":""}
,{"lat":44.887184,"lng":5.183,"name":"Agriculteur","web":"","txt":"éleveur","wiki":null,"tel":"0689174201","postCode":26190,"city":"Le Chaffal","addr":"la vacherie ","cat":"A","email":""}
,{"lat":45.048716,"lng":5.338692,"name":"Atelier Bleu Marline","web":"http://www.atelier-bleumarline.fr","txt":" Peintre sur bois","wiki":null,"tel":"0681682472","postCode":26190,"city":"Sainte-Eulalie-en-Royans","addr":"65 rue des Beletières, ","cat":"O","email":"contact@atelier-bleumarline.fr"}
,{"lat":44.937073,"lng":5.314577,"name":"ÉBÉNISTERIE CHRISTOPHE TRIDON","web":"http://www.ebenisteriedart.fr/","txt":"Marqueteur","wiki":null,"tel":"0953800925","postCode":26190,"city":"Bouvante","addr":"Le Maillet, ","cat":"O","email":"chtr@riseup.net"}
,{"lat":44.543015,"lng":4.774339,"name":"les jardins du rozier","web":"https://www.lesjardinsdurozier.fr","txt":"Les Jardins du Rozier c'est une ferme biologique et agroécologique en maraîchage diversifié sur Montélimar dans la Drôme Provençale pour une production locale.","wiki":null,"tel":"0623490105","postCode":26200,"city":"Montélimar","addr":" 94 route d'Espeluche.","cat":"AM","email":"lesjardinsdurozier@ecomail.bio"}
,{"lat":44.547057,"lng":4.788669,"name":"Jean-Pierre Menard","web":"","txt":"Agriculteur","wiki":null,"tel":"0681403329","postCode":26200,"city":"Montélimar","addr":"Chemin des Vergers - Quartier Rippert ","cat":"A","email":""}
,{"lat":45.3152,"lng":4.940985,"name":"L'ATELIER A DORER","web":"http://magrod.skyrock.com/","txt":"Sculpteur sur bois","wiki":null,"tel":"0686492540","postCode":26210,"city":"Épinouze","addr":"1447 rue des tanneurs, 26210 Epinouze","cat":"O","email":"atelieradorer@live.fr"}
,{"lat":44.504826,"lng":5.104077,"name":"ATELIER DOUCE ARGILE","web":"http://atelier.douceargile.free.fr/","txt":" Céramiste","wiki":null,"tel":"0678625664","postCode":26220,"city":"Montjoux","addr":"Quartier du vieux moulin (face au château), ","cat":"O","email":"atelier.douce.argile@orange.fr"}
,{"lat":44.522711,"lng":5.065858,"name":"atelier MHP.","web":"","txt":"Décorateur sur verre","wiki":null,"tel":"0679317543","postCode":26220,"city":"Dieulefit","addr":"15 rue des Reymonds, ","cat":"O","email":"marieheleneparant@gmail.com"}
,{"lat":44.52431,"lng":5.06414,"name":"NICOLAS MORIN, CRÉATIONS VERRE CONTEMPORAIN","web":"http://www.idverre.net/morin","txt":"Verrier à la main","wiki":null,"tel":"04754683770475464300","postCode":26220,"city":"Dieulefit","addr":"Chemin de la verrerie, ","cat":"O","email":"nicolas.morin-verre@laposte.net"}
,{"lat":44.415035,"lng":4.846801,"name":"les jardins de raphaël","web":"https://www.lesjardinsderaphael.fr","txt":"Ferme permaculturelle sur 7ha.\nProduction naturelle de fruits et légumes bio de saison.","wiki":null,"tel":"0622879871","postCode":26230,"city":"Chantemerle-lès-Grignan","addr":" La Valadière, 185B chemin Le Gât 2","cat":"AM","email":"raphael.durand@gmail.com"}
,{"lat":44.440329,"lng":4.805953,"name":"miellerie des délices au miel","web":"https://www.delicesaumiel.com","txt":"Apiculteur","wiki":null,"tel":"0475985799","postCode":26230,"city":"Roussas","addr":" 345 impasse pied de Bert","cat":"AA","email":""}
,{"lat":44.407898,"lng":4.826287,"name":"ATELIER DES SAULES","web":"","txt":" Vannier","wiki":null,"tel":"0475985577","postCode":26230,"city":"Chantemerle-lès-Grignan","addr":"675 route de valaurie, 26230 Chantemerle-les-Grignan","cat":"O","email":"chastenet.philippe@orange.fr"}
,{"lat":44.418829,"lng":4.908215,"name":"AU VERRE LUISANT","web":"http://www.auverreluisant.fr","txt":" Verrier au chalumeau ","wiki":null,"tel":"0681059997","postCode":26230,"city":"Grignan","addr":"4 rue Sous Les Remparts, ","cat":"O","email":"auverreluisant@aol.com"}
,{"lat":45.185482,"lng":4.867313,"name":"Cadropholy","web":"http://cadropholy-encadrement-dart.blog4ever.com","txt":" Encadreur","wiki":null,"tel":"0782580116","postCode":26240,"city":"Saint-Uze","addr":"10 lots les acacias, ","cat":"O","email":"cadropholy@gmail.com"}
,{"lat":44.802341,"lng":4.821973,"name":"CRUMIERE Jean-Pierre","web":"","txt":"Arboriculteurs","wiki":null,"tel":"0600217009","postCode":26250,"city":"Livron-sur-Drôme","addr":"275 Chemin de Champagnat  26250 LIVRON SUR DRÔME","cat":"A","email":""}
,{"lat":45.099775,"lng":5.000508,"name":"au jardin de laurent","web":"https://www.facebook.com/aujardindelaurent","txt":"MARAICHER","wiki":null,"tel":"0647850753","postCode":26260,"city":"Saint-Bardoux","addr":"4305 route de la Vallée 26260 ST BARDOUX","cat":"AM","email":"aujardindelaurent@gmail.com"}
,{"lat":45.132907,"lng":4.983875,"name":"ATELIER DOMINIQUE VERNET","web":"http://www.dominiquevernet.com","txt":"Restaurateur de meubles","wiki":null,"tel":"0475452568","postCode":26260,"city":"Saint-Donat-sur-l'Herbasse","addr":"777 montée des Fauries, ","cat":"O","email":"dvernet@wanadoo.fr"}
,{"lat":44.696041,"lng":4.831196,"name":"ROUVEYRE Patrick","web":"","txt":"Producteur de fruits","wiki":null,"tel":"0687841579","postCode":26270,"city":"Mirmande","addr":"295 route des granges la bouligaire 26270 mirmande","cat":"A","email":""}
,{"lat":44.723889,"lng":4.819588,"name":"POTERIE DE CLIOUSCLAT","web":"http://www.poteriedecliou.com","txt":" Potier de terre cuite","wiki":null,"tel":"0475630569","postCode":26270,"city":"Cliousclat","addr":"Le Village, 26270 CLIOUSCLAT","cat":"O","email":"contact@poteriedecliou.com"}
,{"lat":45.013887,"lng":4.949263,"name":"sarl les delices","web":"http://www.sarl-lesdelices.com","txt":"ARBORICULTEUR","wiki":null,"tel":"0475718099","postCode":26300,"city":"Châteauneuf-sur-Isère","addr":"450 RUE DES MONTS DU MATIN 26300 CHATEAUNEUF SUR ISERE","cat":"A","email":"sarllesdelices@gmail.com"}
,{"lat":44.988505,"lng":5.027562,"name":"Les Vergers de Lautine","web":"","txt":"Arboriculteurs","wiki":null,"tel":"0660231654","postCode":26300,"city":"Alixan","addr":"2440 route des peyres  ","cat":"A","email":""}
,{"lat":45.029322,"lng":5.164365,"name":"arod philippe","web":"","txt":"Tailleur de pierre","wiki":null,"tel":"0625108918","postCode":26300,"city":"Jaillans","addr":"1050 chemin des ayes, ","cat":"O","email":"philippearod@gmail.com"}
,{"lat":45.014575,"lng":5.033139,"name":"ATELIER THIERRY GOUX","web":"http://www.rinck.fr","txt":" Menuisier ","wiki":null,"tel":"0427438000","postCode":26300,"city":"Bourg-de-Péage","addr":"Allée du Royans  ZI Sud, 26300 Bourg de Péage","cat":"O","email":"info@rinck.fr"}
,{"lat":44.983518,"lng":5.029938,"name":"Au Bois Doré","web":"http://www.au-bois-dore.com","txt":"Tourneur sur bois","wiki":null,"tel":"0622325028","postCode":26300,"city":"Alixan","addr":"Les Vaugelaux  615 route de Romans, ","cat":"O","email":"romieu.vincent@wanadoo.fr"}
,{"lat":44.938242,"lng":5.097342,"name":"VERCORS ARTISANAT","web":"http://www.vercors-artisanat.fr.st","txt":" Ebéniste","wiki":null,"tel":"0475598034","postCode":26300,"city":"Charpey","addr":"Quartier Garenne, ","cat":"O","email":"thibaud.bonhomme@orange.fr"}
,{"lat":44.555246,"lng":5.473611,"name":"ferme des sagnes","web":"","txt":"Élevage de 45 chèvre en agriculture bio de montagne en système pastoral extensif. Vente de fromages de chèvre au lait cru moulés à la main, affinés en cave. Vente de viande de chevreaux élevés sous les mères, au foin et à l'herbe. Micro-élevage de porc : vente de porcelets au printemps. Micro-élevage bio de brebis : vente d'agneaux en été.\nLa ferme des Sagnes est une ferme à taille humaine, sensibles au rapport \"Humain-Animal\" et au bien être qui en découle, concernée par la protection de l'environnement.","wiki":null,"tel":"0475216605","postCode":26310,"city":"Beaumont-en-Diois","addr":" Les Sagnes","cat":"AV","email":"fermedessagnes.beaumont@gmail.com"}
,{"lat":44.96491,"lng":4.945748,"name":"EARL VALETTE","web":"","txt":"Arboriculteur","wiki":null,"tel":"0621091952","postCode":26320,"city":"Saint-Marcel-lès-Valence","addr":"305 avenue de Provence 26320 ST MARCEL LES VALENCE","cat":"A","email":""}
,{"lat":45.230137,"lng":4.955957,"name":"ATELIER DES COLLINES","web":"http://www.atelierdescollines.fr","txt":" Staffeur-stucateur","wiki":null,"tel":"0620708619","postCode":26330,"city":"Châteauneuf-de-Galaure","addr":"10 place des Cordeliers, 26330 Chateauneuf-de-Galaure","cat":"O","email":"atelierdescollines@wanadoo.fr"}
,{"lat":44.716086,"lng":5.278761,"name":"HISTOIRE DE FER","web":"http://histoiredefer.monsite.wanadoo.fr","txt":" Ferronnier","wiki":null,"tel":"0633939376","postCode":26340,"city":"Aurel","addr":"Quartier Travettes, ","cat":"O","email":"garin26@hotmail.fr"}
,{"lat":45.088227,"lng":5.008187,"name":"La Basse-Cour des Collines","web":"","txt":"Aviculteur","wiki":null,"tel":"0761886836","postCode":26380,"city":"Peyrins","addr":"Les Balmettes ","cat":"A","email":""}
,{"lat":45.261925,"lng":5.040195,"name":"Ferme Au pré de chez vous","web":"","txt":"Agriculteur","wiki":null,"tel":"0681247333","postCode":26390,"city":"Hauterives","addr":"1075 route de roybon ","cat":"A","email":""}
,{"lat":45.262852,"lng":5.024172,"name":"COPEAUX DURABLES","web":"http://https://fr-fr.facebook.com/CopeauxDurables/","txt":" Ebéniste","wiki":null,"tel":"0681508466","postCode":26390,"city":"Hauterives","addr":"Les Sabots, 26390 HAUTERIVES","cat":"O","email":"stephanehubert.ebeniste@laposte.net"}
,{"lat":44.728965,"lng":5.025134,"name":"ALAIN SARTRE","web":"http://www.tapissier-decorateur-drome.fr","txt":" Tapissier d'ameublement/tapissier décorateur","wiki":null,"tel":"0475254415","postCode":26400,"city":"Crest","addr":"7 rue Archinard, 26400 CREST","cat":"O","email":"alain-sartre@wanadoo.fr"}
,{"lat":44.724986,"lng":5.018559,"name":"ARCHITECTURE & MOSAÏQUE","web":"http://www.architecture-mosaique.fr","txt":" Mosaïste","wiki":null,"tel":"0679709655","postCode":26400,"city":"Crest","addr":"21 rue Mettetal, ","cat":"O","email":"contact@architecture-mosaique.fr"}
,{"lat":44.728972,"lng":5.025737,"name":"ATELIER ZADOR","web":"http://www.atelier-zador.com/","txt":"Doreur","wiki":null,"tel":"0672421331","postCode":26400,"city":"Crest","addr":"41 bis rue Archinard, ","cat":"O","email":"contact@atelier-zador.com"}
,{"lat":44.763912,"lng":4.923666,"name":"BÉNÉDICTE FARO ÉBÉNISTE","web":"http://www.benedicte-faro.com","txt":" Ebéniste","wiki":null,"tel":"0475628313","postCode":26400,"city":"Allex","addr":"8, chemin les Cottes, ","cat":"O","email":"bene-faro@wanadoo.fr"}
,{"lat":44.76767,"lng":4.901053,"name":"BOIS D'HARMONIE","web":"http://info@harmonie.net","txt":" Luthier","wiki":null,"tel":"0608170463","postCode":26400,"city":"Allex","addr":"Quartier Mouret, ","cat":"O","email":"info@harmonie.net"}
,{"lat":44.732607,"lng":5.007608,"name":"BUSSON LUTHERIE","web":"","txt":"Luthier","wiki":null,"tel":"0622666874","postCode":26400,"city":"Crest","addr":"3, rue du Fer à Cheval, ","cat":"O","email":"busslutherie@free.fr"}
,{"lat":44.646052,"lng":5.062368,"name":"LA FORET DES CHAPEAUX","web":"http://www.laforetdeschapeaux.com","txt":" Chapelier - Modiste","wiki":null,"tel":"0610323348","postCode":26400,"city":"Saou","addr":"RUE DE L'EGLISE, 26400 SAOU","cat":"O","email":"info@laforetdeschapeaux.com"}
,{"lat":44.763822,"lng":4.916981,"name":"LES PAS'POTERIES","web":"http://lespaspoteries.over-blog.com","txt":" Céramiste","wiki":null,"tel":"0475627087","postCode":26400,"city":"Allex","addr":"20 rue du Centre Passage de l'Arcade, ","cat":"O","email":"lespaspoteries@free.fr"}
,{"lat":44.657648,"lng":5.548066,"name":"terre de lune","web":"https://www.terredelune-cosmetique.fr/","txt":"Entreprise artisanale de fabrication de cosmétiques naturels.\nBaumes, crèmes, huiles, laits, lotions, vinaigres de beauté.","wiki":null,"tel":"0680712056","postCode":26410,"city":"Boulc","addr":" 1201 Route de Ravel et Ferriers","cat":"AF","email":"caremellemarie@hotmail.fr"}
,{"lat":44.698303,"lng":5.617524,"name":"la folie des glandeurs","web":"","txt":"Productrice et producteur de légumes diversifiés bio","wiki":null,"tel":"0952049361","postCode":26410,"city":"Glandage","addr":" Chemin des Combes 180","cat":"AM","email":"talshani1@gmail.com"}
,{"lat":44.635447,"lng":4.924521,"name":"lou cayou","web":"http://www.loucayou.sitew.fr","txt":"Elevage de porcs en plein air. Transformation et vente directe à la ferme. Charcuterie artisanale et viande fraîche.\nPour vos festivités: cochons à la broche, plateaux de charcuterie...\nVisite de l'élevage et dégustation sur rendez vous.","wiki":null,"tel":"0673899282","postCode":26450,"city":"Roynac","addr":" 1325 Chemin Les Près Nouveaux ","cat":"AV","email":"earldorier@gmail.com"}
,{"lat":44.544432,"lng":5.151611,"name":"Les Sens de nos Vallées","web":"","txt":"Producteur, cueillleur, transformateur de plantes","wiki":null,"tel":"0612828377","postCode":26460,"city":"Crupies","addr":"2610 route des moulinets, quartier Fauroux ","cat":"A","email":""}
,{"lat":44.559363,"lng":5.160214,"name":"La Ferme du Pérouty","web":"","txt":"Agricultrice","wiki":null,"tel":"0608110148","postCode":26460,"city":"Crupies","addr":"Le Pérouty ","cat":"A","email":""}
,{"lat":44.528105,"lng":5.220849,"name":"TESS DÉCORATION ATELIER DU SOUSTET","web":"","txt":" Tapissier d'ameublement/tapissier décorateur","wiki":null,"tel":"0681282776","postCode":26460,"city":"Bouvières","addr":"Quartier Daumas, ","cat":"O","email":""}
,{"lat":44.968305,"lng":4.875758,"name":"Jardin'enVie","web":"","txt":"Artisan Semencier","wiki":null,"tel":"0679675671","postCode":26500,"city":"Bourg-lès-Valence","addr":"429, Route de Chaux  ","cat":"A","email":""}
,{"lat":44.960945,"lng":4.909738,"name":"Etcaetera creation","web":"http://https://etcaeteracreation.com/","txt":" Bijoutier en métaux précieux","wiki":null,"tel":"0666236621","postCode":26500,"city":"Bourg-lès-Valence","addr":"90 boulevard du 3ème Millénaire, 26500 Bourg les Valence","cat":"O","email":"Sauf5@hotmail.fr"}
,{"lat":44.22754,"lng":5.643745,"name":"ma micropousse culinaire","web":"https://patrickvibert.wixsite.com/pousse-culinaire","txt":"Vente de micropousses de légumes et de fines herbes","wiki":null,"tel":"0492450739","postCode":26560,"city":"Lachau","addr":" Square Centre 2 26560 Éourres ","cat":"AM","email":"contact@micropousse-culinaire.fr"}
,{"lat":44.204006,"lng":5.536374,"name":"ferme de la grandchane","web":"","txt":"Producteur de petit épeautre et ses dérivés (pâtes, farines), et de fromages de chèvres.","wiki":null,"tel":"0475285115","postCode":26560,"city":"Séderon","addr":" La Grandchane","cat":"AF","email":""}
,{"lat":44.288824,"lng":5.617446,"name":"Le Hérisson Bleu","web":"","txt":"Agriculteur apiculteur","wiki":null,"tel":"0611895285","postCode":26560,"city":"Laborel","addr":"Les Combes ","cat":"A","email":""}
,{"lat":45.045852,"lng":4.940653,"name":"souk et délices","web":"","txt":"Confection sur commande de biscuits fins, pâtisserie fine marocaine, confitures et caramel au beurre salé à base de produits locaux de qualité","wiki":null,"tel":"0652239326","postCode":26600,"city":"Beaumont-Monteux","addr":" 1005 Chemin de la Traverse 26600 Beaumont-Monteux","cat":"A","email":"souketdelices@gmail.com"}
,{"lat":45.005052,"lng":4.870032,"name":"vert chez-soi","web":"https://vertchez-soi.com","txt":"Artisan savonnier bio.\nProduction de savon bio Le Castillan 100% huile d'olive bio.\nProduction de copeaux de savon bio Le Castillan 100% huile d'olive bio.\nProduction de lessive écologique en vrac (ingrédients 100% d'origine naturelle)","wiki":null,"tel":"0632501367","postCode":26600,"city":"Pont-de-l'Isère","addr":" 5, impasse du sonneur","cat":"P","email":"contact@vertchez-soi.com"}
,{"lat":45.053657,"lng":4.952844,"name":"JEAN-LOUIS CHIZAT","web":"","txt":"Maraicher","wiki":null,"tel":"0475716148","postCode":26600,"city":"Granges-les-Beaumont","addr":"40B route des auberges 26600 Granges les beaumont","cat":"A","email":""}
,{"lat":45.051623,"lng":4.966789,"name":"Vergers de Champ Grand","web":"","txt":"Arboriculture","wiki":null,"tel":"0619111816","postCode":26600,"city":"Granges-les-Beaumont","addr":"650 a route des champs 26600 Granges les beaumont","cat":"A","email":""}
,{"lat":45.024475,"lng":4.932552,"name":"BO","web":"","txt":"Tailleur de pierre","wiki":null,"tel":"0678833767","postCode":26600,"city":"Beaumont-Monteux","addr":"Les Vassies, 26600 Beaumont Monteux","cat":"O","email":""}
,{"lat":45.03693,"lng":4.874403,"name":"LA FORGE","web":"http://la.forge.over-blog.com","txt":" Ferronnier","wiki":null,"tel":"0608024874","postCode":26600,"city":"La Roche-de-Glun","addr":"Chemin des limites Les hauts chassis, ","cat":"O","email":"la.forge.martin@orange.fr"}
,{"lat":45.015959,"lng":4.848949,"name":"POTERIE ARTISANALE","web":"http://poterie-shop.fr","txt":"Potier de terre cuite","wiki":null,"tel":"0679048118","postCode":26600,"city":"La Roche-de-Glun","addr":"24b rue du canal, ","cat":"O","email":"roland.rivoire@freesbee.fr"}
,{"lat":44.352998,"lng":4.683598,"name":"Chantal Archambault","web":"","txt":"Agriculteur Producteur Bio","wiki":null,"tel":"0768004998","postCode":26700,"city":"Pierrelatte","addr":"935 Chemin de la Dalgonne  ","cat":"A","email":""}
,{"lat":44.358719,"lng":4.707233,"name":"COULEURS DE FORGE","web":"http://www.couleursdeforge.com","txt":"Sculpteur sur métal","wiki":null,"tel":"0475040110","postCode":26700,"city":"Pierrelatte","addr":"11 espace des Blachettes, ","cat":"O","email":"infos@couleursdeforge.fr"}
,{"lat":44.393657,"lng":4.753068,"name":"Emaillerie","web":"http://www.emaux-michel.com","txt":" Emailleur","wiki":null,"tel":"0672611911","postCode":26700,"city":"La Garde-Adhémar","addr":"impasse des remparts, ","cat":"O","email":"emailmichel@orange.fr"}
,{"lat":45.067862,"lng":5.195103,"name":"Dominique Benezet","web":"","txt":"Eleveur de volailles fermières","wiki":null,"tel":"0615042128","postCode":26730,"city":"Eymeux","addr":"75 route des Suisses ","cat":"A","email":""}
,{"lat":44.630779,"lng":4.836687,"name":"Spirales de Lux","web":"","txt":"Cultivateur de spiruline","wiki":null,"tel":"0475913396","postCode":26740,"city":"Condillac","addr":"235A chemin de Champ Coulon ","cat":"A","email":""}
,{"lat":44.622942,"lng":4.896132,"name":"Mas de Barral","web":"","txt":"Producteur de foie gras","wiki":null,"tel":"0681398701","postCode":26740,"city":"Marsanne","addr":"Quartier Barral ","cat":"A","email":""}
,{"lat":44.644344,"lng":4.873128,"name":"LE GRENIER DES COULEURS","web":"http://www.couleur-naturelle.com","txt":" Fabricant et restaurateur d'abat-jour","wiki":null,"tel":"0684863300","postCode":26740,"city":"Marsanne","addr":"9 RUE DU COMTE DE POITIERS, 26740 MARSANNE","cat":"O","email":"annickdubois26@gmail.com"}
,{"lat":44.608046,"lng":4.828879,"name":"AUTOUR DU BOIS","web":"http://https://www.autour-du-bois.com/","txt":"Menuisier ","wiki":null,"tel":"0475461285","postCode":26740,"city":"Sauzet","addr":"75 ZA FONTBOUFARDE, 26740 SAUZET","cat":"O","email":"contact@autour-du-bois.com"}
,{"lat":45.143908,"lng":5.120442,"name":"earl la ferme de serpolet","web":"https://ferme-de-serpolet.fr","txt":"Producteur de fruits et légumes sans pesticides à Saint Michel sur Savasse depuis 24 ans.\nJe réalise vos paniers à la demande en fonction des légumes de saison ainsi vous consommez des produits frais toute l'année directement du champ à l'assiette. Pour cela contactez-moi par mail fermedeserpolet@gmail.com\nje vous communiquerez la liste des légumes  de la semaine ainsi que les points de retraits possibles.","wiki":null,"tel":"0606687096","postCode":26750,"city":"Saint-Michel-sur-Savasse","addr":" Rue de la Patache","cat":"AM","email":"fermedeserpolet@gmail.com"}
,{"lat":45.081885,"lng":5.123402,"name":"Domaine de Nustrale","web":"","txt":"Eleveuse de volailles","wiki":null,"tel":"0610132539","postCode":26750,"city":"Châtillon-Saint-Jean","addr":"240 chemin des Buis 26750 Châtillion Saint Jean","cat":"A","email":""}
,{"lat":45.108774,"lng":5.121513,"name":"RIENQUEDESNOIX","web":"","txt":"Producteur de noix de Grenoble","wiki":null,"tel":"0611149568","postCode":26750,"city":"Châtillon-Saint-Jean","addr":"1135 Chemin des Mosaïques 26750 CHÂTILLON SAINT JEAN","cat":"A","email":""}
,{"lat":44.852279,"lng":4.962952,"name":"earl milhan","web":"","txt":"producteur d'asperges et de plants :framboisiers ,cassis,groseillers et fraises","wiki":null,"tel":"0682938546","postCode":26760,"city":"Beaumont-lès-Valence","addr":" 900 chemin de la boulinarde beaumont les valence","cat":"AF","email":"earl.milhan@gmail.com"}
,{"lat":44.854026,"lng":4.949311,"name":"ferme des volonteux","web":"https://www.fermedesvolonteux.com/","txt":"Maraichage, arboriculture, plantes médicinales, paysan boulanger, friperie","wiki":null,"tel":"0475618114","postCode":26760,"city":"Beaumont-lès-Valence","addr":" Ferme des Volonteux Le Volonteux 26760 Beaumont-lès-Valence ","cat":"AM","email":"fermedesvolonteux@gmail.com"}
,{"lat":44.859116,"lng":4.935774,"name":"Laurence Allart","web":"http://https://www.facebook.com/laurence.allart.sculpture","txt":"Potier de terre cuite","wiki":null,"tel":"0681526112","postCode":26760,"city":"Beaumont-lès-Valence","addr":"2, allée des Chênes, 26760 Beaumont les Valence","cat":"O","email":"lauallart@gmail.com"}
,{"lat":44.429038,"lng":5.028907,"name":"AYME Paulette","web":"","txt":"Agricultrice","wiki":null,"tel":"0631520677","postCode":26770,"city":"Montbrison-sur-Lez","addr":"Le Mastroquet quartier les Chaux 26770 Montbrison sur Lez","cat":"A","email":""}
,{"lat":44.450804,"lng":4.975551,"name":"C'est de Saison","web":"","txt":"AMAP de Taulignan","wiki":null,"tel":"","postCode":26770,"city":"Taulignan","addr":"Route d'Aleyrac ","cat":"A","email":""}
,{"lat":44.437273,"lng":5.018584,"name":"L'ATALIER","web":"http://charlesgueyte.free.fr","txt":" Sculpteur sur pierre","wiki":null,"tel":"0679383716","postCode":26770,"city":"Montbrison-sur-Lez","addr":"RT Nyons  Le Chatelard, 26770 Montbrison Sur Lez","cat":"O","email":"charles.gueyte@orange.fr"}
,{"lat":44.524275,"lng":4.782847,"name":"ATELIER COUSIN","web":"http://www.vitrines-cousin.com","txt":" Ebéniste","wiki":null,"tel":"0475466779","postCode":26780,"city":"Allan","addr":"Domaine de Grangeneuve, ","cat":"O","email":"contact@vitrines-cousin.com"}
,{"lat":44.327733,"lng":4.87854,"name":"domaine dieu-le-fit","web":"https://www.domainedieulefit.fr/","txt":"Notre vignoble est installé dans le sud de la Drôme aux portes du Vaucluse au cœur du vignoble des Côtes du Rhône méridional. La typicité de notre terroir, de part sa fraîcheur, nous permet de cultiver notre vignoble de façon naturelle et respectueuse du vivant. Tous nos vins sont certifiés Agriculture Biologique, mais nous avons fait le choix d’aller plus loin dans notre démarche éco-responsable en nous inspirant des pratiques issues de la biodynamie et de l’agrofluidique.","wiki":null,"tel":"0490419187","postCode":26790,"city":"La Baume-de-Transit","addr":" 242 chemin des espassiens","cat":"AB","email":""}
,{"lat":44.843144,"lng":4.866278,"name":"Earl Les Vergers d'Ici","web":"","txt":"arboriculteur","wiki":null,"tel":"0671084308","postCode":26800,"city":"Étoile-sur-Rhône","addr":"Vercors Est 26800 Etoile sur rhone","cat":"A","email":""}
,{"lat":44.798993,"lng":4.939621,"name":"CAPITANE","web":"","txt":" Fabricant et restaurateur de soldats de plomb","wiki":null,"tel":"0680426006","postCode":26800,"city":"Montoison","addr":"7, route de Valence, ","cat":"O","email":""}
]}