{"id":5,"producers":[
{"lat":44.531085,"lng":6.048262,"name":"Le Panier Gapençais","web":"www.facebook.com/LePanierGapencais","txt":"Produits : Fruits, Légumes, Poissons, Viandes, Traiteur et charcuterie, Volaille et lapin, Fromages, Oeufs et produits laitiers, Pain et patisseries, Miels et confitures, Huiles et vinaigres, Épicerie, Vins et alcools, Jus et sirops","wiki":null,"tel":"0486990747","postCode":5000,"city":"Gap","addr":"78 avenue de Provence ","cat":"AG","email":"","suspect":0}
,{"lat":44.869506,"lng":6.718329,"name":"Charles Maillet","web":"","txt":"Eleveur","wiki":null,"tel":"0685307930","postCode":5100,"city":"Cervières","addr":"59 Le Chef Lieu ","cat":"AV","email":"","suspect":0}
,{"lat":44.417963,"lng":5.966691,"name":"herbiolys laboratoire","web":"http://www.herbiolys.fr/","txt":"Herbiolys commercialise des cosmétiques naturels (huiles bien-être, savons).","wiki":null,"tel":"0492446171","postCode":5110,"city":"Lardier-et-Valença","addr":" Le Clos des Passerelles Plan de Lardier ","cat":"P","email":"","suspect":0}
,{"lat":44.488284,"lng":6.127308,"name":"mes jus de fruits","web":"","txt":"Agriculteur","wiki":null,"tel":"0492543004","postCode":5130,"city":"Valserres","addr":"Rue de l'Eglise ","cat":"AM","email":"","suspect":0}
,{"lat":44.505216,"lng":6.084121,"name":"la ferme de louise","web":"http://www.Lafermedelouise.eu","txt":"Productrice, distillatrice et transformation de plantes aromatiques et médicinales. \nCosmétiques : huiles essentielles, hydrolats, lotions, baumes …","wiki":null,"tel":"0611314797","postCode":5130,"city":"Jarjayes","addr":" Les sayons ","cat":"P","email":"Lafermedelouise05@gmail.com","suspect":0}
,{"lat":44.504045,"lng":6.112272,"name":"Un Air d'Ailleurs","web":"","txt":"Maraîchage et yourtes à la ferme","wiki":null,"tel":"0689899248","postCode":5130,"city":"Jarjayes","addr":"La Tour ","cat":"AM","email":"","suspect":0}
,{"lat":44.390882,"lng":5.461932,"name":"Marion Richaume","web":"http://marionrichaume.com","txt":"Tourneur céramique","wiki":null,"tel":"0664309558","postCode":5150,"city":"Rosans","addr":"Route de la Chapelle, ","cat":"OP","email":"levanah.atelierdelalune@gmail.com","suspect":0}
,{"lat":44.683203,"lng":6.312148,"name":"les ruches d'orcières","web":"","txt":"Vente de Miel en pots de 250 gr et 500gr sur la commune d'orcières\n\nJe propose different Miel:\n\n- Miel de lavande\n- Miel de Montagne\n- Miel cremeux\n\nMerci de me contacter au 0672154873","wiki":null,"tel":"0672154873","postCode":5170,"city":"Orcières","addr":" Bousensayes ","cat":"AA","email":"loicgiraud@hotmail.fr","suspect":0}
,{"lat":44.574264,"lng":6.50355,"name":"fruit des abeilles","web":"","txt":"Production Miel et produits dérivés ( Bougies,Pollen,Savons...)","wiki":null,"tel":"","postCode":5200,"city":"Embrun","addr":" \"le vieux chalet\" 38 Route de chalvet ","cat":"AA","email":"mathieu_picavet@hotmail.com","suspect":0}
,{"lat":44.548132,"lng":6.488981,"name":"bio-jardin","web":"","txt":"Bio-Jardin est une exploitation agricole qui propose fruits et légumes.","wiki":null,"tel":"0492431297","postCode":5200,"city":"Embrun","addr":" Le Liou R.N. 94 - Baratier ","cat":"AM","email":"","suspect":0}
,{"lat":44.564497,"lng":6.491993,"name":"FRANçOISE CALLIER","web":"","txt":" Lissier","wiki":null,"tel":"0677255902","postCode":5200,"city":"Embrun","addr":"Promenade du Tour des Portes La Roseraie, ","cat":"OE","email":"fcallier@hotmail.com","suspect":0}
,{"lat":44.535421,"lng":6.315815,"name":"GAEC Les Lilas","web":"","txt":"Agriculteur éleveur","wiki":null,"tel":"0616964734","postCode":5230,"city":"Chorges","addr":"Les Olliviers ","cat":"AV","email":"","suspect":0}
,{"lat":44.671283,"lng":6.238614,"name":"gayral","web":"http://www.argousier-bouleau.com","txt":"Producteur de jus d'argousier, de sève de bouleau, de jus de fruits, de liqueurs, de cosmétiques et distillateur de plantes.","wiki":null,"tel":"0492559356","postCode":5260,"city":"Saint-Jean-Saint-Nicolas","addr":" Pont du Fossé 0","cat":"AF","email":"sarl-gayral@orange.fr","suspect":0}
,{"lat":44.343654,"lng":5.769246,"name":"catherine et robert blanc","web":"","txt":"L'exploitation agricole de Lagrand produit des fruits, des jus de fruits et des légumes variés (légumes à cosse secs, à cosse verts, à fruits, feuilles-tiges, racines-bulbes).","wiki":null,"tel":"0492543004","postCode":5300,"city":"Garde-Colombe","addr":" 3 allée des Framboisiers 05300 Lagrand ","cat":"AM","email":"blanc.jusderaisin@free.fr","suspect":0}
,{"lat":44.316779,"lng":5.821702,"name":"AUX FAUTEUILS DE FLORE","web":"","txt":" Tapissier d'ameublement/tapissier décorateur","wiki":null,"tel":"0676750968","postCode":5300,"city":"Laragne-Montéglin","addr":"Le Passage, 05300 Antonaves","cat":"OE","email":"","suspect":0}
,{"lat":44.76137,"lng":6.529805,"name":"CHRISTIAN BURGER","web":"http://www.sculpteur-burger.com","txt":"Sculpteur sur pierre","wiki":null,"tel":"0492209775","postCode":5310,"city":"Freissinières","addr":"Les Hodouls, ","cat":"OE","email":"ch.burger@wanadoo.fr","suspect":0}
,{"lat":44.841763,"lng":6.477005,"name":"les mille verts","web":"","txt":"Les Milles Verts ont pour activités l'arboriculture et l’horticulture maraichère.","wiki":null,"tel":"0676320617","postCode":5340,"city":"Vallouise-Pelvoux","addr":" Le Villard 05290 Vallouise ","cat":"AMF","email":"","suspect":0}
,{"lat":44.726784,"lng":6.87532,"name":"Le Bois d'Ylva","web":"http://leboisdylva.weebly.com/","txt":"Tourneur sur bois","wiki":null,"tel":"0683357515","postCode":5350,"city":"Molines-en-Queyras","addr":"Lieu-dit Le Vieux Coin, ","cat":"OO","email":"leboisdylva@yahoo.fr","suspect":0}
,{"lat":44.544484,"lng":5.956606,"name":"agriculteurs vente directe à la ferme viande bovine","web":"","txt":"agriculteur","wiki":null,"tel":"0660069394","postCode":5400,"city":"Manteyer","addr":"Les allemands ferme jean de florette 05400 manteyer","cat":"AV","email":"","suspect":0}
,{"lat":44.564297,"lng":6.002946,"name":"miellerie de la haute correo","web":"","txt":"Miellerie de la Haute Correo a pour activité l'apiculture, l'horticulture maraichère et la fabrication de compotes, confitures et savons.","wiki":null,"tel":"0492438211","postCode":5400,"city":"La Roche-des-Arnauds","addr":" Route de Rabou D503 ","cat":"AA","email":"","suspect":0}
,{"lat":44.7747,"lng":6.953637,"name":"La chevrerie de Sasha et compagnie","web":"","txt":"Producteur de fromage de chèvre fermier","wiki":null,"tel":"0766309734","postCode":5460,"city":"Abriès-Ristolas","addr":"La monta 05460 Abries-ristolas","cat":"AF","email":"","suspect":0}
,{"lat":44.822287,"lng":6.944145,"name":"ET LA MONTAGNE FLEURIRA","web":"http://etlamontagnefleurira.fr","txt":"Sculpteur sur bois","wiki":null,"tel":"0492467312","postCode":5460,"city":"Abriès-Ristolas","addr":"LE ROUX, 05460 ABRIES","cat":"OO","email":"mpchave@orange.fr","suspect":0}
,{"lat":44.669396,"lng":6.625712,"name":"Atelier de reliure Amandine Verdant","web":"http://www.atelieracaci.com","txt":"Restaurateur de reliures","wiki":null,"tel":"0683103716","postCode":5600,"city":"Mont-Dauphin","addr":"Place Marquis de Larray, 05600 MONT-DAUPHIN","cat":"OD","email":"dine.verdant@gmail.com","suspect":0}
,{"lat":44.669586,"lng":6.624221,"name":"Atelier Cartonelle","web":"http://www.cartonelle.com","txt":" Fabricant de papier","wiki":null,"tel":"0670148430","postCode":5600,"city":"Mont-Dauphin","addr":"Caserne Campana, 05600 MONT-DAUPHIN FORT","cat":"OD","email":"contact@cartonelle.com","suspect":0}
,{"lat":44.659255,"lng":6.659651,"name":"Le terrier du Renard Blanc","web":"http://sophieleta.com/","txt":"Potier de porcelaine","wiki":null,"tel":"0667104945","postCode":5600,"city":"Guillestre","addr":"11 Impasse du Chazal, ","cat":"OP","email":"sophieleta@gmail.com","suspect":0}
,{"lat":44.656117,"lng":6.584123,"name":"Pause Paysanne","web":"","txt":"","wiki":null,"tel":"0492516164","postCode":5600,"city":"Saint-Clément-sur-Durance","addr":"Route Nationale 94 ","cat":"AG","email":"","suspect":0}
,{"lat":44.329036,"lng":5.682721,"name":"Spiruline d'Orpierre","web":"","txt":"Culture phytoplanctonique","wiki":null,"tel":"0642613989","postCode":5700,"city":"Orpierre","addr":"Les Parayes Côté Montagne ","cat":"AO","email":"","suspect":0}
,{"lat":44.414794,"lng":5.682478,"name":"L'ATELIER D'ART","web":"http://latelierdart.fr","txt":"Peintre décorateur sur tissu","wiki":null,"tel":"0492670961","postCode":5700,"city":"Montclus","addr":"Le village, ","cat":"OD","email":"jean-marc.desreumaux@wanadoo.fr","suspect":0}
,{"lat":44.419776,"lng":5.65606,"name":"ATELIER MARC LAVARENNE","web":"http://www.terrus.fr","txt":"Maçon","wiki":null,"tel":"0688733178","postCode":5700,"city":"Montclus","addr":"Le Petit Terrus, 05700 MONTCLUS","cat":"OM","email":"marc.lavarenne@orange.fr","suspect":0}
]}